4Lr35 11	3Ir15	19	999985	exact
4Lr35 12	4Sr12	20	999986	exact
4Lr35 12 4Sr12 4Lsr18	3Ir15	250	999986	exact
4Lr35 13	4Ss3	20	999986	exact
4Lr35 14	3Ir15	20	999987	exact
4Lr35 14 3Ir15 11	3Ir15	250	999997	exact
4Lr35 14 3Ir15 3Ir16	3Ir15	250	999997	exact
4Lr35 14 3Ir15 3Ir17	3Ir15	250	999997	exact
4Lr35 14 3Ir15 4S3	3Ir15	250	999997	exact
4Lr35 15	4Tr21	22	11917
4Lr35 16	4Tr27	19	999991	exact
4Lr35 16 4Tr27 11	4Ss1	250	999991	exact
4Lr35 16 4Tr27 12	4Tr12	250	999991	exact
4Lr35 16 4Tr27 14	4Tr33	250	999991	exact
4Lr35 16 4Tr27 15	4Lr33	250	999991	exact
4Lr35 16 4Tr27 17	4Lr33	250	999991	exact
4Lr35 16 4Tr27 19	4Lsr11	250	999991	exact
4Lr35 16 4Tr27 21	4Lsr11	250	999991	exact
4Lr35 16 4Tr27 2r13	4Lsr32	250	999991	exact
4Lr35 16 4Tr27 2r14	4Lsr33	250	999991	exact
4Lr35 16 4Tr27 2r15	4Lr33	250	999991	exact
4Lr35 16 4Tr27 2r17	4Lr33	250	999991	exact
4Lr35 16 4Tr27 2r19	4Lr33	250	999991	exact
4Lr35 16 4Tr27 3I1	4Tr13	250	999991	exact
4Lr35 16 4Tr27 3Ir11	2r11	250	999991	exact
4Lr35 16 4Tr27 3Ir12	2r12	250	999991	exact
4Lr35 16 4Tr27 3Ir14	4Lsr14	250	999991	exact
4Lr35 16 4Tr27 3Ir15	4Lr33	250	999991	exact
4Lr35 16 4Tr27 3Ir16	4Lr33	250	999991	exact
4Lr35 16 4Tr27 3Ir18	4Lr33	250	999991	exact
4Lr35 16 4Tr27 3Ir19	4Lsr11	250	999991	exact
4Lr35 16 4Tr27 3L7	4Lr33	250	999991	exact
4Lr35 16 4Tr27 3Lr15	4Lr33	250	999991	exact
4Lr35 16 4Tr27 3Lr16	4Lr33	250	999991	exact
4Lr35 16 4Tr27 3Lr21	2r12	250	999991	exact
4Lr35 16 4Tr27 3Lr23	4Tr33	250	999991	exact
4Lr35 16 4Tr27 3Lr33	4Tr13	250	999991	exact
4Lr35 16 4Tr27 4Lr21	4Tr32	250	999991	exact
4Lr35 16 4Tr27 4Lr22	4Tr33	250	999991	exact
4Lr35 16 4Tr27 4Lr31	4Lr11	250	999991	exact
4Lr35 16 4Tr27 4Lr32	4Lr12	250	999991	exact
4Lr35 16 4Tr27 4Lsr12	4Lsr32	250	999991	exact
4Lr35 16 4Tr27 4Lsr13	4Lr34	250	999991	exact
4Lr35 16 4Tr27 4Lsr21	4Sr11	250	999991	exact
4Lr35 16 4Tr27 4S7	4Lr33	250	999991	exact
4Lr35 16 4Tr27 4Ss6	4Lr33	250	999991	exact
4Lr35 16 4Tr27 4Ss8	4Lr33	250	999991	exact
4Lr35 16 4Tr27 4T6	4Lr33	250	999991	exact
4Lr35 16 4Tr27 4Tr15	4Lr33	250	999991	exact
4Lr35 16 4Tr27 4Tr18	4Lsr11	250	999991	exact
4Lr35 16 4Tr27 4Tr21	4Tr12	250	999991	exact
4Lr35 16 4Tr27 4Tr22	4Tr13	250	999991	exact
4Lr35 16 4Tr27 4Tr37	4Lr33	250	999991	exact
4Lr35 17	4Sr17	15	999991	exact
4Lr35 17 4Sr17 11	4Tr11	250	999991	exact
4Lr35 17 4Sr17 12	3Ir15	250	999991	exact
4Lr35 17 4Sr17 13	3Ir15	250	999991	exact
4Lr35 17 4Sr17 14	3Ir15	250	999991	exact
4Lr35 17 4Sr17 15	3Ir15	250	999991	exact
4Lr35 17 4Sr17 16	4Tr22	250	999991	exact
4Lr35 17 4Sr17 17	3Ir15	250	999991	exact
4Lr35 17 4Sr17 18	3Ir15	250	999991	exact
4Lr35 17 4Sr17 19	3Ir15	250	999991	exact
4Lr35 17 4Sr17 21	3Ir15	250	999991	exact
4Lr35 17 4Sr17 22	4Lsr12	250	999991	exact
4Lr35 17 4Sr17 23	3Ir15	250	999991	exact
4Lr35 17 4Sr17 27	3Ir15	250	999991	exact
4Lr35 17 4Sr17 2r11	4Lr11	250	999991	exact
4Lr35 17 4Sr17 2r12	4Lsr31	250	999991	exact
4Lr35 17 4Sr17 2r13	4Lsr32	250	999991	exact
4Lr35 17 4Sr17 2r14	4Lsr33	250	999991	exact
4Lr35 17 4Sr17 2r15	4Lr33	250	999991	exact
4Lr35 17 4Sr17 2r16	4Lsr11	250	999991	exact
4Lr35 17 4Sr17 2r17	4Lsr11	250	999991	exact
4Lr35 17 4Sr17 2r18	4Lr33	250	999991	exact
4Lr35 17 4Sr17 2r19	4Lsr11	250	999991	exact
4Lr35 17 4Sr17 3I1	3Ir15	250	999991	exact
4Lr35 17 4Sr17 3I2	3Ir15	250	999991	exact
4Lr35 17 4Sr17 3Ir11	2r11	250	999991	exact
4Lr35 17 4Sr17 3Ir12	2r12	250	999991	exact
4Lr35 17 4Sr17 3Ir13	2r13	250	999991	exact
4Lr35 17 4Sr17 3Ir14	3Ir14	250	999993	exact
4Lr35 17 4Sr17 3Ir15	4Tr22	250	999991	exact
4Lr35 17 4Sr17 3Ir16	4S5	250	999991	exact
4Lr35 17 4Sr17 3Ir17	4Tr22	250	999991	exact
4Lr35 17 4Sr17 3Ir18	4Tr22	250	999991	exact
4Lr35 17 4Sr17 3Ir19	3Ir15	250	999991	exact
4Lr35 17 4Sr17 3L6	4Lsr11	250	999991	exact
4Lr35 17 4Sr17 3Lr18	3Ir15	250	999991	exact
4Lr35 17 4Sr17 3Lr21	3Ir15	250	999991	exact
4Lr35 17 4Sr17 3Lr22	4S2	250	999991	exact
4Lr35 17 4Sr17 3Lr23	3Ir15	250	999991	exact
4Lr35 17 4Sr17 3Lr27	3Ir15	250	999991	exact
4Lr35 17 4Sr17 3Lr31	3Ir15	250	999991	exact
4Lr35 17 4Sr17 3Lr32	4Tr12	250	999991	exact
4Lr35 17 4Sr17 3Lr33	3Ir15	250	999991	exact
4Lr35 17 4Sr17 3Lr37	3Ir15	250	999991	exact
4Lr35 17 4Sr17 4L6	4Lsr11	250	999991	exact
4Lr35 17 4Sr17 4Lr15	4Lsr11	250	999993	exact
4Lr35 17 4Sr17 4Lr21	3Ir15	250	999991	exact
4Lr35 17 4Sr17 4Lr22	3Ir15	250	999991	exact
4Lr35 17 4Sr17 4Lr31	3Ir15	250	999991	exact
4Lr35 17 4Sr17 4Lr32	4Lr12	250	999991	exact
4Lr35 17 4Sr17 4Lr33	4Lr13	250	999993	exact
4Lr35 17 4Sr17 4Lr37	4Lsr11	250	999993	exact
4Lr35 17 4Sr17 4Ls7	4Lr33	250	999991	exact
4Lr35 17 4Sr17 4Lsr11	4Lsr31	250	999993	exact
4Lr35 17 4Sr17 4Lsr12	4Lsr32	250	999993	exact
4Lr35 17 4Sr17 4Lsr13	3Ir15	250	999991	exact
4Lr35 17 4Sr17 4Lsr17	3Ir15	250	999991	exact
4Lr35 17 4Sr17 4Lsr21	3Ir15	250	999991	exact
4Lr35 17 4Sr17 4Lsr22	3Ir15	250	999991	exact
4Lr35 17 4Sr17 4S6	4Lsr11	250	999993	exact
4Lr35 17 4Sr17 4Ss8	4Lsr11	250	999993	exact
4Lr35 17 4Sr17 4Tr18	3Ir15	250	999991	exact
4Lr35 17 4Sr17 4Tr21	4Tr12	250	999991	exact
4Lr35 17 4Sr17 4Tr22	4Ss3	250	999991	exact
4Lr35 17 4Sr17 4Tr36	4Lsr11	250	999993	exact
4Lr35 18	4S7	20	999987	exact
4Lr35 19	4Ssr17	17	999986	exact
4Lr35 19 4Ssr17 11	3Ir15	250	999987	exact
4Lr35 19 4Ssr17 12	3Ir15	250	999987	exact
4Lr35 19 4Ssr17 13	3Ir15	250	999989	exact
4Lr35 19 4Ssr17 14	3Ir15	250	999987	exact
4Lr35 19 4Ssr17 15	4Lr33	250	999987	exact
4Lr35 19 4Ssr17 16	3Ir15	250	999989	exact
4Lr35 19 4Ssr17 17	3Ir15	250	999989	exact
4Lr35 19 4Ssr17 18	3Ir15	250	999989	exact
4Lr35 19 4Ssr17 19	3Ir15	250	999987	exact
4Lr35 19 4Ssr17 21	3Ir15	250	999987	exact
4Lr35 19 4Ssr17 22	3Ir15	250	999987	exact
4Lr35 19 4Ssr17 23	3Ir15	250	999987	exact
4Lr35 19 4Ssr17 26	3Ir15	250	999989	exact
4Lr35 19 4Ssr17 28	3Ir15	250	999989	exact
4Lr35 19 4Ssr17 2r11	3Ir15	250	999987	exact
4Lr35 19 4Ssr17 2r12	3Ir15	250	999987	exact
4Lr35 19 4Ssr17 2r13	3Ir15	250	999987	exact
4Lr35 19 4Ssr17 2r14	3Ir15	250	999987	exact
4Lr35 19 4Ssr17 2r15	4Lsr13	250	999986	exact
4Lr35 19 4Ssr17 2r16	3Ir15	250	999989	exact
4Lr35 19 4Ssr17 2r17	3Ir15	250	999987	exact
4Lr35 19 4Ssr17 2r18	3Ir15	250	999987	exact
4Lr35 19 4Ssr17 2r19	3Ir15	250	999989	exact
4Lr35 19 4Ssr17 3I1	3Ir15	250	999987	exact
4Lr35 19 4Ssr17 3I2	3I2	250	999991	exact
4Lr35 19 4Ssr17 3Ir11	2r11	250	999987	exact
4Lr35 19 4Ssr17 3Ir12	2r12	250	999989	exact
4Lr35 19 4Ssr17 3Ir13	3Ir13	250	999987	exact
4Lr35 19 4Ssr17 3Ir14	4Lsr14	250	999987	exact
4Lr35 19 4Ssr17 3Ir15	4Lr33	250	999987	exact
4Lr35 19 4Ssr17 3Ir16	3Ir15	250	999987	exact
4Lr35 19 4Ssr17 3Ir17	3Ir15	250	999987	exact
4Lr35 19 4Ssr17 3Ir18	4Tr21	250	999987	exact
4Lr35 19 4Ssr17 3Ir19	2r12	250	999987	exact
4Lr35 19 4Ssr17 3L7	3Ir15	250	999989	exact
4Lr35 19 4Ssr17 3Lr21	4S1	250	999987	exact
4Lr35 19 4Ssr17 3Lr22	4Tr32	250	999987	exact
4Lr35 19 4Ssr17 3Lr23	4Tr33	250	999989	exact
4Lr35 19 4Ssr17 3Lr26	3Ir15	250	999989	exact
4Lr35 19 4Ssr17 3Lr28	3Ir15	250	999991	exact
4Lr35 19 4Ssr17 3Lr31	3Ir15	250	999989	exact
4Lr35 19 4Ssr17 3Lr32	3Ir15	250	999987	exact
4Lr35 19 4Ssr17 3Lr33	4Ss3	250	999987	exact
4Lr35 19 4Ssr17 3Lr36	3Ir15	250	999989	exact
4Lr35 19 4Ssr17 3Lr38	3Ir15	250	999987	exact
4Lr35 19 4Ssr17 4L7	3Ir15	250	999989	exact
4Lr35 19 4Ssr17 4Lr15	4Lsr13	250	999987	exact
4Lr35 19 4Ssr17 4Lr21	4Ssr11	250	999995	exact
4Lr35 19 4Ssr17 4Lr22	3Ir15	250	999987	exact
4Lr35 19 4Ssr17 4Lr31	3Ir15	250	999989	exact
4Lr35 19 4Ssr17 4Lr32	3Ir15	250	999989	exact
4Lr35 19 4Ssr17 4Lr33	4Lr13	250	999987	exact
4Lr35 19 4Ssr17 4Lr36	3Ir15	250	999987	exact
4Lr35 19 4Ssr17 4Lr38	3Ir15	250	999989	exact
4Lr35 19 4Ssr17 4Lsr11	3Ir15	250	999989	exact
4Lr35 19 4Ssr17 4Lsr12	3Ir15	250	999987	exact
4Lr35 19 4Ssr17 4Lsr13	4Lr34	250	999986	exact
4Lr35 19 4Ssr17 4Lsr16	3Ir15	250	999987	exact
4Lr35 19 4Ssr17 4Lsr18	3Ir15	250	999989	exact
4Lr35 19 4Ssr17 4Lsr21	3Ir15	250	999991	exact
4Lr35 19 4Ssr17 4Lsr22	3Ir15	250	999989	exact
4Lr35 19 4Ssr17 4S7	3Ir15	250	999991	exact
4Lr35 19 4Ssr17 4Ssr16	4Lr33	250	999989	exact
4Lr35 19 4Ssr17 4Tr21	3Ir15	250	999987	exact
4Lr35 19 4Ssr17 4Tr22	4Ss3	250	999987	exact
4Lr35 19 4Ssr17 4Tr37	3Ir15	250	999987	exact
4Lr35 21	4Tr27	20	999986	exact
4Lr35 22	4Tr27	20	999985	exact
4Lr35 23	3Ir15	19	999984	exact
4Lr35 27	4Tr26	20	999989	exact
4Lr35 27 4Tr26 3Ir11	2r11	250	999989	exact
4Lr35 27 4Tr26 4Lsr11	4Lsr31	250	999989	exact
4Lr35 27 4Tr26 4Tr36	4Ss6	250	999989	exact
4Lr35 28	4Tr37	21	999984	exact
4Lr35 2r11	3Ir15	19	999982	exact
4Lr35 2r12	3Ir15	21	999983	exact
4Lr35 2r13	3Ir15	22	999983	exact
4Lr35 2r14	3Ir15	21	999987	exact
4Lr35 2r14 3Ir15 19	3Ir15	250	999997	exact
4Lr35 2r14 3Ir15 3Lr31	3Ir15	250	999997	exact
4Lr35 2r14 3Ir15 4Lsr21	3Ir15	250	999997	exact
4Lr35 2r15	4Tr16	20	7000
4Lr35 2r16	4Tr27	15	999989	exact
4Lr35 2r16 4Tr27 11	3Ir15	250	999989	exact
4Lr35 2r16 4Tr27 12	3Ir15	250	999989	exact
4Lr35 2r16 4Tr27 13	3Ir15	250	999989	exact
4Lr35 2r16 4Tr27 14	3Ir15	250	999989	exact
4Lr35 2r16 4Tr27 15	4Lr33	250	999989	exact
4Lr35 2r16 4Tr27 16	3Ir15	250	999989	exact
4Lr35 2r16 4Tr27 17	3Ir15	250	999989	exact
4Lr35 2r16 4Tr27 18	3Ir15	250	999989	exact
4Lr35 2r16 4Tr27 19	3Ir15	250	999989	exact
4Lr35 2r16 4Tr27 21	3Ir15	250	999989	exact
4Lr35 2r16 4Tr27 22	3Ir15	250	999989	exact
4Lr35 2r16 4Tr27 23	3Ir15	250	999989	exact
4Lr35 2r16 4Tr27 25	4Lr33	250	999991	exact
4Lr35 2r16 4Tr27 2r11	3Ir15	250	999989	exact
4Lr35 2r16 4Tr27 2r12	3Ir15	250	999989	exact
4Lr35 2r16 4Tr27 2r13	3Ir15	250	999989	exact
4Lr35 2r16 4Tr27 2r14	3Ir15	250	999989	exact
4Lr35 2r16 4Tr27 2r15	4Lr33	250	999989	exact
4Lr35 2r16 4Tr27 2r16	3Ir15	250	999989	exact
4Lr35 2r16 4Tr27 2r17	3Ir15	250	999989	exact
4Lr35 2r16 4Tr27 2r18	3Ir15	250	999989	exact
4Lr35 2r16 4Tr27 2r19	3Ir15	250	999989	exact
4Lr35 2r16 4Tr27 3I1	3Ir15	250	999989	exact
4Lr35 2r16 4Tr27 3I2	3Ir15	250	999989	exact
4Lr35 2r16 4Tr27 3Ir11	3Ir11	250	999989	exact
4Lr35 2r16 4Tr27 3Ir12	2r12	250	999991	exact
4Lr35 2r16 4Tr27 3Ir13	2r13	250	999989	exact
4Lr35 2r16 4Tr27 3Ir14	4Lr34	250	999989	exact
4Lr35 2r16 4Tr27 3Ir15	3Ir15	250	999989	exact
4Lr35 2r16 4Tr27 3Ir16	4Lr33	250	999989	exact
4Lr35 2r16 4Tr27 3Ir17	4Lr33	250	999989	exact
4Lr35 2r16 4Tr27 3Ir18	3Ir15	250	999989	exact
4Lr35 2r16 4Tr27 3Ir19	4Lr33	250	999989	exact
4Lr35 2r16 4Tr27 3L7	3Ir15	250	999989	exact
4Lr35 2r16 4Tr27 3Lr18	3Ir15	250	999989	exact
4Lr35 2r16 4Tr27 3Lr21	3Ir15	250	999989	exact
4Lr35 2r16 4Tr27 3Lr22	3Ir15	250	999989	exact
4Lr35 2r16 4Tr27 3Lr23	3Ir15	250	999989	exact
4Lr35 2r16 4Tr27 3Lr25	4Lr33	250	999989	exact
4Lr35 2r16 4Tr27 3Lr31	3Ir15	250	999989	exact
4Lr35 2r16 4Tr27 3Lr32	4Ss2	250	999989	exact
4Lr35 2r16 4Tr27 3Lr33	3Ir15	250	999989	exact
4Lr35 2r16 4Tr27 3Lr35	4Lr33	250	999989	exact
4Lr35 2r16 4Tr27 4Lr16	3Ir15	250	999989	exact
4Lr35 2r16 4Tr27 4Lr21	3Ir15	250	999989	exact
4Lr35 2r16 4Tr27 4Lr22	3Ir15	250	999989	exact
4Lr35 2r16 4Tr27 4Lr31	3Ir15	250	999989	exact
4Lr35 2r16 4Tr27 4Lr32	3Ir15	250	999989	exact
4Lr35 2r16 4Tr27 4Lr33	3Ir15	250	999989	exact
4Lr35 2r16 4Tr27 4Lr35	4Lr33	250	999989	exact
4Lr35 2r16 4Tr27 4Lsr11	3Ir15	250	999989	exact
4Lr35 2r16 4Tr27 4Lsr12	3Ir15	250	999989	exact
4Lr35 2r16 4Tr27 4Lsr13	3Ir15	250	999989	exact
4Lr35 2r16 4Tr27 4Lsr15	4Lr33	250	999989	exact
4Lr35 2r16 4Tr27 4Lsr21	4Lr35	250	999991	exact
4Lr35 2r16 4Tr27 4Lsr22	4Lr35	250	999989	exact
4Lr35 2r16 4Tr27 4S7	3Ir15	250	999989	exact
4Lr35 2r16 4Tr27 4Ss8	3Ir15	250	999989	exact
4Lr35 2r16 4Tr27 4Tr18	3Ir15	250	999989	exact
4Lr35 2r16 4Tr27 4Tr21	3Ir15	250	999989	exact
4Lr35 2r16 4Tr27 4Tr22	3Ir15	250	999989	exact
4Lr35 2r16 4Tr27 4Tr37	3Ir15	250	999989	exact
4Lr35 2r17	4S6	20	999984	exact
4Lr35 2r18	3Ir15	21	999983	exact
4Lr35 2r19	3Ir15	21	999983	exact
4Lr35 3I1	4Tr21	13	999989	exact
4Lr35 3I1 4Tr21 11	4Tr27	250	999991	exact
4Lr35 3I1 4Tr21 12	3Ir15	250	999991	exact
4Lr35 3I1 4Tr21 13	3Ir15	250	999991	exact
4Lr35 3I1 4Tr21 14	3Ir15	250	999989	exact
4Lr35 3I1 4Tr21 15	4Tr27	250	999993	exact
4Lr35 3I1 4Tr21 16	4Tr27	250	999991	exact
4Lr35 3I1 4Tr21 17	3Ir15	250	999991	exact
4Lr35 3I1 4Tr21 18	3Ir15	250	999989	exact
4Lr35 3I1 4Tr21 19	3Ir15	250	999989	exact
4Lr35 3I1 4Tr21 27	4Lsr17	250	999991	exact
4Lr35 3I1 4Tr21 28	3Ir15	250	999991	exact
4Lr35 3I1 4Tr21 2r11	3Ir15	250	999991	exact
4Lr35 3I1 4Tr21 2r12	3Ir15	250	999991	exact
4Lr35 3I1 4Tr21 2r13	3Ir15	250	999989	exact
4Lr35 3I1 4Tr21 2r14	3Ir15	250	999991	exact
4Lr35 3I1 4Tr21 2r15	4Tr27	250	999995	exact
4Lr35 3I1 4Tr21 2r16	3Ir15	250	999991	exact
4Lr35 3I1 4Tr21 2r17	4S6	250	999989	exact
4Lr35 3I1 4Tr21 2r18	4Lsr37	250	999991	exact
4Lr35 3I1 4Tr21 2r19	4Lsr38	250	999989	exact
4Lr35 3I1 4Tr21 3I7	3Ir15	250	999991	exact
4Lr35 3I1 4Tr21 3Ir11	3Ir15	250	999993	exact
4Lr35 3I1 4Tr21 3Ir12	3Ir15	250	999991	exact
4Lr35 3I1 4Tr21 3Ir13	3Ir15	250	999989	exact
4Lr35 3I1 4Tr21 3Ir14	3Ir15	250	999989	exact
4Lr35 3I1 4Tr21 3Ir15	4Tr27	250	999995	exact
4Lr35 3I1 4Tr21 3Ir16	4Tr27	250	999995	exact
4Lr35 3I1 4Tr21 3Ir17	4Lsr36	250	999991	exact
4Lr35 3I1 4Tr21 3Ir18	2r18	250	999989	exact
4Lr35 3I1 4Tr21 3Ir19	3Ir19	250	999989	exact
4Lr35 3I1 4Tr21 3L1	3Ir15	250	999993	exact
4Lr35 3I1 4Tr21 3Lr12	3Ir15	250	999991	exact
4Lr35 3I1 4Tr21 3Lr16	4Sr15	250	999989	exact
4Lr35 3I1 4Tr21 3Lr27	3Ir15	250	999991	exact
4Lr35 3I1 4Tr21 3Lr28	3Ir15	250	999989	exact
4Lr35 3I1 4Tr21 3Lr37	3Ir15	250	999989	exact
4Lr35 3I1 4Tr21 3Lr38	3Ir15	250	999989	exact
4Lr35 3I1 4Tr21 4Lr13	4Lr33	250	999993	exact
4Lr35 3I1 4Tr21 4Lr15	4Lsr27	250	999995	exact
4Lr35 3I1 4Tr21 4Lr27	4Ssr17	250	999995	exact
4Lr35 3I1 4Tr21 4Lr37	3Ir15	250	999989	exact
4Lr35 3I1 4Tr21 4Lr38	3Ir15	250	999989	exact
4Lr35 3I1 4Tr21 4Lsr17	4Lsr37	250	999989	exact
4Lr35 3I1 4Tr21 4Lsr18	3Ir15	250	999989	exact
4Lr35 3I1 4Tr21 4Lsr27	4S6	250	999989	exact
4Lr35 3I1 4Tr21 4S1	4Tr27	250	999995	exact
4Lr35 3I1 4Tr21 4Sr16	4Ls6	250	999991	exact
4Lr35 3I1 4Tr21 4Ss2	3Ir15	250	999989	exact
4Lr35 3I1 4Tr21 4Ss6	3Ir15	250	999989	exact
4Lr35 3I1 4Tr21 4Tr12	3Ir15	250	999989	exact
4Lr35 3I1 4Tr21 4Tr16	4S6	250	999989	exact
4Lr35 3I1 4Tr21 4Tr27	3Ir15	250	999989	exact
4Lr35 3I1 4Tr21 4Tr31	3Ir15	250	999993	exact
4Lr35 3I2	3Ir15	15	999989	exact
4Lr35 3I7	3Ir15	17	999987	exact
4Lr35 3I7 3Ir15 11	3Ir15	250	999997	exact
4Lr35 3I7 3Ir15 12	3Ir15	250	999997	exact
4Lr35 3I7 3Ir15 13	3Ir15	250	999997	exact
4Lr35 3I7 3Ir15 14	3Ir15	250	999997	exact
4Lr35 3I7 3Ir15 15	4Tr27	250	999987	exact
4Lr35 3I7 3Ir15 16	3Ir15	250	999997	exact
4Lr35 3I7 3Ir15 17	3Ir15	250	999997	exact
4Lr35 3I7 3Ir15 18	3Ir15	250	999997	exact
4Lr35 3I7 3Ir15 19	3Ir15	250	999997	exact
4Lr35 3I7 3Ir15 21	3Ir15	250	999997	exact
4Lr35 3I7 3Ir15 22	3Ir15	250	999997	exact
4Lr35 3I7 3Ir15 23	3Ir15	250	999997	exact
4Lr35 3I7 3Ir15 26	3Ir15	250	999997	exact
4Lr35 3I7 3Ir15 27	3Ir15	250	999997	exact
4Lr35 3I7 3Ir15 28	3Ir15	250	999997	exact
4Lr35 3I7 3Ir15 2r11	3Ir15	250	999997	exact
4Lr35 3I7 3Ir15 2r12	3Ir15	250	999997	exact
4Lr35 3I7 3Ir15 2r13	3Ir15	250	999997	exact
4Lr35 3I7 3Ir15 2r14	3Ir15	250	999997	exact
4Lr35 3I7 3Ir15 2r15	4Tr27	250	999989	exact
4Lr35 3I7 3Ir15 2r16	3Ir15	250	999997	exact
4Lr35 3I7 3Ir15 2r17	3Ir15	250	999997	exact
4Lr35 3I7 3Ir15 2r18	3Ir15	250	999997	exact
4Lr35 3I7 3Ir15 2r19	3Ir15	250	999997	exact
4Lr35 3I7 3Ir15 3I1	3Ir15	250	999997	exact
4Lr35 3I7 3Ir15 3I2	3Ir15	250	999997	exact
4Lr35 3I7 3Ir15 3I6	3Ir15	250	999997	exact
4Lr35 3I7 3Ir15 3I7	3Ir15	250	999997	exact
4Lr35 3I7 3Ir15 3Ir11	3Ir15	250	999997	exact
4Lr35 3I7 3Ir15 3Ir12	3Ir15	250	999997	exact
4Lr35 3I7 3Ir15 3Ir13	3Ir15	250	999997	exact
4Lr35 3I7 3Ir15 3Ir14	3Ir15	250	999997	exact
4Lr35 3I7 3Ir15 3Ir15	4Tr27	250	999987	exact
4Lr35 3I7 3Ir15 3Ir16	3Ir15	250	999997	exact
4Lr35 3I7 3Ir15 3Ir17	3Ir15	250	999997	exact
4Lr35 3I7 3Ir15 3Ir18	3Ir15	250	999997	exact
4Lr35 3I7 3Ir15 3Ir19	3Ir15	250	999997	exact
4Lr35 3I7 3Ir15 3Lr21	3Ir15	250	999997	exact
4Lr35 3I7 3Ir15 3Lr22	3Ir15	250	999997	exact
4Lr35 3I7 3Ir15 3Lr23	3Ir15	250	999997	exact
4Lr35 3I7 3Ir15 3Lr26	3Ir15	250	999997	exact
4Lr35 3I7 3Ir15 3Lr27	3Ir15	250	999997	exact
4Lr35 3I7 3Ir15 3Lr28	3Ir15	250	999997	exact
4Lr35 3I7 3Ir15 3Lr31	3Ir15	250	999997	exact
4Lr35 3I7 3Ir15 3Lr32	3Ir15	250	999997	exact
4Lr35 3I7 3Ir15 3Lr33	3Ir15	250	999997	exact
4Lr35 3I7 3Ir15 3Lr36	3Ir15	250	999997	exact
4Lr35 3I7 3Ir15 3Lr37	3Ir15	250	999997	exact
4Lr35 3I7 3Ir15 3Lr38	3Ir15	250	999997	exact
4Lr35 3I7 3Ir15 4Lr21	3Ir15	250	999997	exact
4Lr35 3I7 3Ir15 4Lr22	3Ir15	250	999997	exact
4Lr35 3I7 3Ir15 4Lr26	3Ir15	250	999997	exact
4Lr35 3I7 3Ir15 4Lr27	3Ir15	250	999997	exact
4Lr35 3I7 3Ir15 4Lr31	3Ir15	250	999997	exact
4Lr35 3I7 3Ir15 4Lr32	3Ir15	250	999997	exact
4Lr35 3I7 3Ir15 4Lr33	3Ir15	250	999997	exact
4Lr35 3I7 3Ir15 4Lr36	3Ir15	250	999997	exact
4Lr35 3I7 3Ir15 4Lr37	3Ir15	250	999997	exact
4Lr35 3I7 3Ir15 4Lr38	3Ir15	250	999997	exact
4Lr35 3I7 3Ir15 4Lsr11	3Ir15	250	999997	exact
4Lr35 3I7 3Ir15 4Lsr12	3Ir15	250	999997	exact
4Lr35 3I7 3Ir15 4Lsr13	3Ir15	250	999997	exact
4Lr35 3I7 3Ir15 4Lsr16	3Ir15	250	999997	exact
4Lr35 3I7 3Ir15 4Lsr17	3Ir15	250	999997	exact
4Lr35 3I7 3Ir15 4Lsr18	3Ir15	250	999997	exact
4Lr35 3I7 3Ir15 4Lsr21	3Ir15	250	999997	exact
4Lr35 3I7 3Ir15 4Lsr22	3Ir15	250	999997	exact
4Lr35 3I7 3Ir15 4Lsr26	3Ir15	250	999997	exact
4Lr35 3I7 3Ir15 4Lsr27	3Ir15	250	999997	exact
4Lr35 3I7 3Ir15 4Tr21	3Ir15	250	999997	exact
4Lr35 3I7 3Ir15 4Tr22	3Ir15	250	999997	exact
4Lr35 3I7 3Ir15 4Tr26	3Ir15	250	999997	exact
4Lr35 3I7 3Ir15 4Tr27	3Ir15	250	999997	exact
4Lr35 3Ir11	3Ir15	20	999983	exact
4Lr35 3Ir12	3Ir12	19	999984	exact
4Lr35 3Ir13	3Ir15	22	999982	exact
4Lr35 3Ir14	4Lr34	16	999985	exact
4Lr35 3Ir14 4Lr34 11	3Ir14	250	999997	exact
4Lr35 3Ir14 4Lr34 12	3Ir14	250	999997	exact
4Lr35 3Ir14 4Lr34 13	3Ir14	250	999997	exact
4Lr35 3Ir14 4Lr34 14	4Tr27	250	999985	exact
4Lr35 3Ir14 4Lr34 15	3Ir14	250	999997	exact
4Lr35 3Ir14 4Lr34 16	3Ir14	250	999997	exact
4Lr35 3Ir14 4Lr34 17	3Ir14	250	999997	exact
4Lr35 3Ir14 4Lr34 18	3Ir14	250	999997	exact
4Lr35 3Ir14 4Lr34 19	3Ir14	250	999997	exact
4Lr35 3Ir14 4Lr34 21	3Ir14	250	999997	exact
4Lr35 3Ir14 4Lr34 22	3Ir14	250	999997	exact
4Lr35 3Ir14 4Lr34 27	3Ir14	250	999997	exact
4Lr35 3Ir14 4Lr34 28	3Ir14	250	999997	exact
4Lr35 3Ir14 4Lr34 2r11	3Ir14	250	999997	exact
4Lr35 3Ir14 4Lr34 2r12	3Ir14	250	999997	exact
4Lr35 3Ir14 4Lr34 2r13	3Ir14	250	999997	exact
4Lr35 3Ir14 4Lr34 2r14	4Tr27	250	999985	exact
4Lr35 3Ir14 4Lr34 2r15	3Ir14	250	999997	exact
4Lr35 3Ir14 4Lr34 2r16	3Ir14	250	999997	exact
4Lr35 3Ir14 4Lr34 2r17	3Ir14	250	999997	exact
4Lr35 3Ir14 4Lr34 2r18	3Ir14	250	999997	exact
4Lr35 3Ir14 4Lr34 2r19	3Ir14	250	999997	exact
4Lr35 3Ir14 4Lr34 3I1	3Ir14	250	999997	exact
4Lr35 3Ir14 4Lr34 3I7	3Ir14	250	999997	exact
4Lr35 3Ir14 4Lr34 3Ir11	3Ir14	250	999997	exact
4Lr35 3Ir14 4Lr34 3Ir12	3Ir14	250	999997	exact
4Lr35 3Ir14 4Lr34 3Ir13	3Ir14	250	999997	exact
4Lr35 3Ir14 4Lr34 3Ir14	4Tr27	250	999987	exact
4Lr35 3Ir14 4Lr34 3Ir15	4Tr27	250	999985	exact
4Lr35 3Ir14 4Lr34 3Ir16	3Ir14	250	999997	exact
4Lr35 3Ir14 4Lr34 3Ir17	3Ir14	250	999997	exact
4Lr35 3Ir14 4Lr34 3Ir18	3Ir14	250	999997	exact
4Lr35 3Ir14 4Lr34 3Ir19	3Ir14	250	999997	exact
4Lr35 3Ir14 4Lr34 3Lr16	3Ir14	250	999997	exact
4Lr35 3Ir14 4Lr34 3Lr21	3Ir14	250	999997	exact
4Lr35 3Ir14 4Lr34 3Lr22	3Ir14	250	999997	exact
4Lr35 3Ir14 4Lr34 3Lr27	3Ir14	250	999997	exact
4Lr35 3Ir14 4Lr34 3Lr28	3Ir14	250	999997	exact
4Lr35 3Ir14 4Lr34 3Lr31	3Ir14	250	999997	exact
4Lr35 3Ir14 4Lr34 3Lr32	3Ir14	250	999997	exact
4Lr35 3Ir14 4Lr34 3Lr37	3Ir14	250	999997	exact
4Lr35 3Ir14 4Lr34 3Lr38	3Ir14	250	999997	exact
4Lr35 3Ir14 4Lr34 4Lr14	4Tr27	250	999985	exact
4Lr35 3Ir14 4Lr34 4Lr21	3Ir14	250	999997	exact
4Lr35 3Ir14 4Lr34 4Lr27	3Ir14	250	999997	exact
4Lr35 3Ir14 4Lr34 4Lr31	3Ir14	250	999997	exact
4Lr35 3Ir14 4Lr34 4Lr32	3Ir14	250	999997	exact
4Lr35 3Ir14 4Lr34 4Lr37	3Ir14	250	999997	exact
4Lr35 3Ir14 4Lr34 4Lr38	3Ir14	250	999997	exact
4Lr35 3Ir14 4Lr34 4Lsr11	3Ir14	250	999997	exact
4Lr35 3Ir14 4Lr34 4Lsr12	3Ir14	250	999997	exact
4Lr35 3Ir14 4Lr34 4Lsr17	3Ir14	250	999997	exact
4Lr35 3Ir14 4Lr34 4Lsr18	3Ir14	250	999997	exact
4Lr35 3Ir14 4Lr34 4Lsr21	3Ir14	250	999997	exact
4Lr35 3Ir14 4Lr34 4Lsr27	3Ir14	250	999997	exact
4Lr35 3Ir14 4Lr34 4Sr16	3Ir14	250	999997	exact
4Lr35 3Ir14 4Lr34 4Ss6	3Ir14	250	999997	exact
4Lr35 3Ir14 4Lr34 4Tr16	3Ir14	250	999997	exact
4Lr35 3Ir14 4Lr34 4Tr21	3Ir14	250	999997	exact
4Lr35 3Ir14 4Lr34 4Tr27	3Ir14	250	999997	exact
4Lr35 3Ir15	3Ir16	22	3991
4Lr35 3Ir16	4Tr27	11	999991	exact
4Lr35 3Ir16 4Tr27 11	4Tr11	250	999991	exact
4Lr35 3Ir16 4Tr27 12	4S1	250	999993	exact
4Lr35 3Ir16 4Tr27 13	4Ss3	250	999993	exact
4Lr35 3Ir16 4Tr27 14	4Tr33	250	999993	exact
4Lr35 3Ir16 4Tr27 15	4Lr33	250	999991	exact
4Lr35 3Ir16 4Tr27 16	4Tr22	250	999993	exact
4Lr35 3Ir16 4Tr27 17	4Tr22	250	999991	exact
4Lr35 3Ir16 4Tr27 18	4S5	250	999991	exact
4Lr35 3Ir16 4Tr27 19	4S5	250	999991	exact
4Lr35 3Ir16 4Tr27 21	4Tr35	250	999991	exact
4Lr35 3Ir16 4Tr27 22	4Tr35	250	999991	exact
4Lr35 3Ir16 4Tr27 23	3Ir15	250	999991	exact
4Lr35 3Ir16 4Tr27 2r11	4S5	250	999991	exact
4Lr35 3Ir16 4Tr27 2r12	4S5	250	999991	exact
4Lr35 3Ir16 4Tr27 2r13	4Lsr32	250	999991	exact
4Lr35 3Ir16 4Tr27 2r14	4Tr34	250	999991	exact
4Lr35 3Ir16 4Tr27 2r15	4Lr33	250	999991	exact
4Lr35 3Ir16 4Tr27 2r16	4Tr22	250	999991	exact
4Lr35 3Ir16 4Tr27 2r17	4Tr22	250	999993	exact
4Lr35 3Ir16 4Tr27 2r18	3Ir13	250	999991	exact
4Lr35 3Ir16 4Tr27 2r19	4Tr35	250	999991	exact
4Lr35 3Ir16 4Tr27 3I1	4Lr21	250	999995	exact
4Lr35 3Ir16 4Tr27 3I2	4Tr22	250	999995	exact
4Lr35 3Ir16 4Tr27 3Ir11	3Ir11	250	999991	exact
4Lr35 3Ir16 4Tr27 3Ir12	3Ir12	250	999991	exact
4Lr35 3Ir16 4Tr27 3Ir13	4S5	250	999991	exact
4Lr35 3Ir16 4Tr27 3Ir14	3Ir14	250	999993	exact
4Lr35 3Ir16 4Tr27 3Ir15	3Ir14	250	999993	exact
4Lr35 3Ir16 4Tr27 3Ir16	3Ir14	250	999993	exact
4Lr35 3Ir16 4Tr27 3Ir17	3Ir14	250	999993	exact
4Lr35 3Ir16 4Tr27 3Ir18	3Ir15	250	999991	exact
4Lr35 3Ir16 4Tr27 3Ir19	4S5	250	999991	exact
4Lr35 3Ir16 4Tr27 3L5	4Tr22	250	999993	exact
4Lr35 3Ir16 4Tr27 3L7	3Ir15	250	999991	exact
4Lr35 3Ir16 4Tr27 3Lr18	3Ir15	250	999991	exact
4Lr35 3Ir16 4Tr27 3Lr21	4S1	250	999991	exact
4Lr35 3Ir16 4Tr27 3Lr22	3Ir15	250	999991	exact
4Lr35 3Ir16 4Tr27 3Lr23	3Ir15	250	999991	exact
4Lr35 3Ir16 4Tr27 3Lr31	4S5	250	999991	exact
4Lr35 3Ir16 4Tr27 3Lr32	3Ir15	250	999991	exact
4Lr35 3Ir16 4Tr27 3Lr33	4S5	250	999991	exact
4Lr35 3Ir16 4Tr27 4Lr21	4S5	250	999991	exact
4Lr35 3Ir16 4Tr27 4Lr22	4S5	250	999993	exact
4Lr35 3Ir16 4Tr27 4Lr31	4S5	250	999991	exact
4Lr35 3Ir16 4Tr27 4Lr32	4Lr12	250	999993	exact
4Lr35 3Ir16 4Tr27 4Lr33	4Lr13	250	999993	exact
4Lr35 3Ir16 4Tr27 4Lsr11	4Lsr31	250	999993	exact
4Lr35 3Ir16 4Tr27 4Lsr12	4Lsr32	250	999993	exact
4Lr35 3Ir16 4Tr27 4Lsr13	4Lr34	250	999993	exact
4Lr35 3Ir16 4Tr27 4Lsr21	4Sr11	250	999993	exact
4Lr35 3Ir16 4Tr27 4Lsr22	4Tr35	250	999993	exact
4Lr35 3Ir16 4Tr27 4S5	4Tr22	250	999993	exact
4Lr35 3Ir16 4Tr27 4S7	4Lsr11	250	999993	exact
4Lr35 3Ir16 4Tr27 4Ss8	3Ir16	250	999991	exact
4Lr35 3Ir16 4Tr27 4Tr18	4S5	250	999991	exact
4Lr35 3Ir16 4Tr27 4Tr21	4Ss2	250	999991	exact
4Lr35 3Ir16 4Tr27 4Tr22	4Ss3	250	999991	exact
4Lr35 3Ir16 4Tr27 4Tr35	4Tr22	250	999993	exact
4Lr35 3Ir16 4Tr27 4Tr37	4Lsr11	250	999993	exact
4Lr35 3Ir17	3Ir15	21	999983	exact
4Lr35 3Ir18	3Ir15	20	8896
4Lr35 3Ir19	3Ir15	21	10822
4Lr35 3Lr16	4Ss5	21	9791
4Lr35 3Lr21	4S1	19	999983	exact
4Lr35 3Lr22	4Tr32	20	999981	exact
4Lr35 3Lr23	4Tr33	21	999987	exact
4Lr35 3Lr27	3Ir15	22	999983	exact
4Lr35 3Lr28	3Ir15	20	999983	exact
4Lr35 3Lr31	3Ir15	20	10723
4Lr35 3Lr32	4Tr27	20	8934
4Lr35 3Lr33	4Ss3	21	999987	exact
4Lr35 3Lr37	4S6	20	999981	exact
4Lr35 3Lr38	3Ir15	20	999983	exact
4Lr35 4Lr15	4Tr27	15	999991	exact
4Lr35 4Lr15 4Tr27 11	4Ss1	250	999991	exact
4Lr35 4Lr15 4Tr27 12	4Sr12	250	999991	exact
4Lr35 4Lr15 4Tr27 13	4Ss3	250	999991	exact
4Lr35 4Lr15 4Tr27 14	4S3	250	999991	exact
4Lr35 4Lr15 4Tr27 15	4Lsr11	250	999993	exact
4Lr35 4Lr15 4Tr27 16	4Lsr11	250	999991	exact
4Lr35 4Lr15 4Tr27 17	4Lr33	250	999991	exact
4Lr35 4Lr15 4Tr27 18	4Lsr11	250	999991	exact
4Lr35 4Lr15 4Tr27 19	4Lsr11	250	999991	exact
4Lr35 4Lr15 4Tr27 21	4Ls1	250	999993	exact
4Lr35 4Lr15 4Tr27 22	4Lr32	250	999991	exact
4Lr35 4Lr15 4Tr27 23	4Lr33	250	999991	exact
4Lr35 4Lr15 4Tr27 25	4Lr33	250	999991	exact
4Lr35 4Lr15 4Tr27 2r11	4Lr11	250	999991	exact
4Lr35 4Lr15 4Tr27 2r12	4Lsr31	250	999991	exact
4Lr35 4Lr15 4Tr27 2r13	4Lr13	250	999991	exact
4Lr35 4Lr15 4Tr27 2r14	4Lsr33	250	999991	exact
4Lr35 4Lr15 4Tr27 2r15	4Lr33	250	999991	exact
4Lr35 4Lr15 4Tr27 2r16	4Lr33	250	999991	exact
4Lr35 4Lr15 4Tr27 2r17	4Lr33	250	999991	exact
4Lr35 4Lr15 4Tr27 2r18	4Lr33	250	999991	exact
4Lr35 4Lr15 4Tr27 2r19	4Lr33	250	999991	exact
4Lr35 4Lr15 4Tr27 3I1	4Tr21	250	999995	exact
4Lr35 4Lr15 4Tr27 3I2	4Lr33	250	999991	exact
4Lr35 4Lr15 4Tr27 3Ir11	2r11	250	999991	exact
4Lr35 4Lr15 4Tr27 3Ir12	2r12	250	999991	exact
4Lr35 4Lr15 4Tr27 3Ir13	2r13	250	999991	exact
4Lr35 4Lr15 4Tr27 3Ir14	4Tr34	250	999991	exact
4Lr35 4Lr15 4Tr27 3Ir15	4Lr33	250	999991	exact
4Lr35 4Lr15 4Tr27 3Ir16	4Lr33	250	999991	exact
4Lr35 4Lr15 4Tr27 3Ir17	4Lr33	250	999991	exact
4Lr35 4Lr15 4Tr27 3Ir18	4Lr33	250	999991	exact
4Lr35 4Lr15 4Tr27 3Ir19	4Lr33	250	999991	exact
4Lr35 4Lr15 4Tr27 3L7	4Lr33	250	999991	exact
4Lr35 4Lr15 4Tr27 3Lr18	4Lr33	250	999991	exact
4Lr35 4Lr15 4Tr27 3Lr21	4S1	250	999991	exact
4Lr35 4Lr15 4Tr27 3Lr22	4S2	250	999991	exact
4Lr35 4Lr15 4Tr27 3Lr23	4S3	250	999991	exact
4Lr35 4Lr15 4Tr27 3Lr25	4Lr33	250	999991	exact
4Lr35 4Lr15 4Tr27 3Lr31	4Ss1	250	999991	exact
4Lr35 4Lr15 4Tr27 3Lr32	4Ss2	250	999991	exact
4Lr35 4Lr15 4Tr27 3Lr33	4Ss3	250	999991	exact
4Lr35 4Lr15 4Tr27 3Lr35	4Lr33	250	999991	exact
4Lr35 4Lr15 4Tr27 4Lr21	4Ssr11	250	999995	exact
4Lr35 4Lr15 4Tr27 4Lr22	4Ssr12	250	999995	exact
4Lr35 4Lr15 4Tr27 4Lr31	4Lr11	250	999993	exact
4Lr35 4Lr15 4Tr27 4Lr32	4Lr12	250	999993	exact
4Lr35 4Lr15 4Tr27 4Lr33	4Lr13	250	999993	exact
4Lr35 4Lr15 4Tr27 4Lr35	4Lsr22	250	999995	exact
4Lr35 4Lr15 4Tr27 4Lsr11	4Lsr31	250	999993	exact
4Lr35 4Lr15 4Tr27 4Lsr12	4Lsr32	250	999993	exact
4Lr35 4Lr15 4Tr27 4Lsr13	4Lsr33	250	999993	exact
4Lr35 4Lr15 4Tr27 4Lsr15	4Lr21	250	999995	exact
4Lr35 4Lr15 4Tr27 4Lsr21	4Sr11	250	999995	exact
4Lr35 4Lr15 4Tr27 4Lsr22	4Sr12	250	999995	exact
4Lr35 4Lr15 4Tr27 4S7	4Lsr11	250	999993	exact
4Lr35 4Lr15 4Tr27 4Ss8	4Lr33	250	999991	exact
4Lr35 4Lr15 4Tr27 4Tr18	4Lr33	250	999991	exact
4Lr35 4Lr15 4Tr27 4Tr21	4Ss2	250	999993	exact
4Lr35 4Lr15 4Tr27 4Tr22	4Ss3	250	999991	exact
4Lr35 4Lr15 4Tr27 4Tr37	4Tr22	250	999993	exact
4Lr35 4Lr21	4Ssr11	19	999985	exact
4Lr35 4Lr22	4Ssr12	19	999989	exact
4Lr35 4Lr27	4Ssr17	17	999991	exact
4Lr35 4Lr31	3Ir15	22	7990
4Lr35 4Lr32	4Lr12	21	7180
4Lr35 4Lr33	4Lr13	22	6741
4Lr35 4Lr37	3Ir15	21	6318
4Lr35 4Lr38	3Ir15	22	6854
4Lr35 4Lsr11	3Ir15	21	5927
4Lr35 4Lsr12	3Ir13	21	5824
4Lr35 4Lsr13	4Lr34	13	999989	exact
4Lr35 4Lsr13 4Lr34 11	3Ir14	250	999997	exact
4Lr35 4Lsr13 4Lr34 12	3Ir14	250	999997	exact
4Lr35 4Lsr13 4Lr34 13	3Ir14	250	999997	exact
4Lr35 4Lsr13 4Lr34 14	4Tr27	250	999989	exact
4Lr35 4Lsr13 4Lr34 15	3Ir14	250	999997	exact
4Lr35 4Lsr13 4Lr34 16	3Ir14	250	999997	exact
4Lr35 4Lsr13 4Lr34 17	3Ir14	250	999997	exact
4Lr35 4Lsr13 4Lr34 18	3Ir14	250	999997	exact
4Lr35 4Lsr13 4Lr34 19	3Ir14	250	999997	exact
4Lr35 4Lsr13 4Lr34 21	3Ir14	250	999997	exact
4Lr35 4Lsr13 4Lr34 27	3Ir14	250	999997	exact
4Lr35 4Lsr13 4Lr34 28	3Ir14	250	999997	exact
4Lr35 4Lsr13 4Lr34 2r11	3Ir14	250	999997	exact
4Lr35 4Lsr13 4Lr34 2r12	3Ir14	250	999997	exact
4Lr35 4Lsr13 4Lr34 2r13	3Ir14	250	999997	exact
4Lr35 4Lsr13 4Lr34 2r14	4Tr27	250	999989	exact
4Lr35 4Lsr13 4Lr34 2r15	3Ir14	250	999997	exact
4Lr35 4Lsr13 4Lr34 2r16	3Ir14	250	999997	exact
4Lr35 4Lsr13 4Lr34 2r17	3Ir14	250	999997	exact
4Lr35 4Lsr13 4Lr34 2r18	3Ir14	250	999997	exact
4Lr35 4Lsr13 4Lr34 2r19	3Ir14	250	999997	exact
4Lr35 4Lsr13 4Lr34 3I7	3Ir14	250	999997	exact
4Lr35 4Lsr13 4Lr34 3Ir11	3Ir14	250	999997	exact
4Lr35 4Lsr13 4Lr34 3Ir12	3Ir14	250	999997	exact
4Lr35 4Lsr13 4Lr34 3Ir13	3Ir14	250	999997	exact
4Lr35 4Lsr13 4Lr34 3Ir14	4Tr27	250	999989	exact
4Lr35 4Lsr13 4Lr34 3Ir15	3Ir14	250	999997	exact
4Lr35 4Lsr13 4Lr34 3Ir16	3Ir14	250	999997	exact
4Lr35 4Lsr13 4Lr34 3Ir17	3Ir14	250	999997	exact
4Lr35 4Lsr13 4Lr34 3Ir18	3Ir14	250	999997	exact
4Lr35 4Lsr13 4Lr34 3Ir19	3Ir14	250	999997	exact
4Lr35 4Lsr13 4Lr34 3L2	3Ir14	250	999997	exact
4Lr35 4Lsr13 4Lr34 3Lr16	3Ir14	250	999997	exact
4Lr35 4Lsr13 4Lr34 3Lr21	3Ir14	250	999997	exact
4Lr35 4Lsr13 4Lr34 3Lr27	3Ir14	250	999997	exact
4Lr35 4Lsr13 4Lr34 3Lr28	3Ir14	250	999997	exact
4Lr35 4Lsr13 4Lr34 3Lr31	3Ir14	250	999997	exact
4Lr35 4Lsr13 4Lr34 3Lr37	3Ir14	250	999997	exact
4Lr35 4Lsr13 4Lr34 3Lr38	3Ir14	250	999997	exact
4Lr35 4Lsr13 4Lr34 4Lr14	4Tr27	250	999989	exact
4Lr35 4Lsr13 4Lr34 4Lr27	3Ir14	250	999997	exact
4Lr35 4Lsr13 4Lr34 4Lr31	3Ir14	250	999997	exact
4Lr35 4Lsr13 4Lr34 4Lr37	3Ir14	250	999997	exact
4Lr35 4Lsr13 4Lr34 4Lr38	3Ir14	250	999997	exact
4Lr35 4Lsr13 4Lr34 4Lsr11	3Ir14	250	999997	exact
4Lr35 4Lsr13 4Lr34 4Lsr17	3Ir14	250	999997	exact
4Lr35 4Lsr13 4Lr34 4Lsr18	3Ir14	250	999997	exact
4Lr35 4Lsr13 4Lr34 4Lsr27	3Ir14	250	999997	exact
4Lr35 4Lsr13 4Lr34 4S2	3Ir14	250	999997	exact
4Lr35 4Lsr13 4Lr34 4Sr16	3Ir14	250	999997	exact
4Lr35 4Lsr13 4Lr34 4Ss6	3Ir14	250	999997	exact
4Lr35 4Lsr13 4Lr34 4Ssr11	3Ir14	250	999997	exact
4Lr35 4Lsr13 4Lr34 4Tr16	3Ir14	250	999997	exact
4Lr35 4Lsr13 4Lr34 4Tr27	3Ir14	250	999997	exact
4Lr35 4Lsr13 4Lr34 4Tr32	3Ir14	250	999997	exact
4Lr35 4Lsr17	4Lsr37	21	7200
4Lr35 4Lsr18	3Ir15	21	7379
4Lr35 4Lsr21	3Ir15	20	999985	exact
4Lr35 4Lsr22	4Sr12	17	999986	exact
4Lr35 4Lsr22 4Sr12 11	4Tr27	250	999993	exact
4Lr35 4Lsr22 4Sr12 12	3Ir15	250	999993	exact
4Lr35 4Lsr22 4Sr12 13	4Tr27	250	999993	exact
4Lr35 4Lsr22 4Sr12 14	3Ir15	250	999993	exact
4Lr35 4Lsr22 4Sr12 15	4Tr27	250	999993	exact
4Lr35 4Lsr22 4Sr12 16	4Tr27	250	999993	exact
4Lr35 4Lsr22 4Sr12 17	4Sr17	250	999995	exact
4Lr35 4Lsr22 4Sr12 18	4Lr32	250	999987	exact
4Lr35 4Lsr22 4Sr12 19	4Ssr17	250	999995	exact
4Lr35 4Lsr22 4Sr12 22	3Ir15	250	999993	exact
4Lr35 4Lsr22 4Sr12 27	4Ls7	250	999995	exact
4Lr35 4Lsr22 4Sr12 28	4L7	250	999995	exact
4Lr35 4Lsr22 4Sr12 2r11	3Ir12	250	999993	exact
4Lr35 4Lsr22 4Sr12 2r12	3Ir15	250	999993	exact
4Lr35 4Lsr22 4Sr12 2r13	3Ir12	250	999991	exact
4Lr35 4Lsr22 4Sr12 2r14	3Ir12	250	999987	exact
4Lr35 4Lsr22 4Sr12 2r15	4Tr27	250	999995	exact
4Lr35 4Lsr22 4Sr12 2r16	3Ir15	250	999991	exact
4Lr35 4Lsr22 4Sr12 2r17	3Ir15	250	999987	exact
4Lr35 4Lsr22 4Sr12 2r18	3Ir12	250	999987	exact
4Lr35 4Lsr22 4Sr12 2r19	3Ir12	250	999987	exact
4Lr35 4Lsr22 4Sr12 3I7	4Tr27	250	999995	exact
4Lr35 4Lsr22 4Sr12 3Ir11	4Lr31	250	999987	exact
4Lr35 4Lsr22 4Sr12 3Ir12	4Tr27	250	999995	exact
4Lr35 4Lsr22 4Sr12 3Ir13	4Tr27	250	999993	exact
4Lr35 4Lsr22 4Sr12 3Ir14	4Tr27	250	999991	exact
4Lr35 4Lsr22 4Sr12 3Ir15	4Lr32	250	999993	exact
4Lr35 4Lsr22 4Sr12 3Ir16	3Ir15	250	999993	exact
4Lr35 4Lsr22 4Sr12 3Ir17	3Ir12	250	999987	exact
4Lr35 4Lsr22 4Sr12 3Ir18	2r18	250	999986	exact
4Lr35 4Lsr22 4Sr12 3Ir19	3Ir15	250	999987	exact
4Lr35 4Lsr22 4Sr12 3L4	4Tr27	250	999993	exact
4Lr35 4Lsr22 4Sr12 3Lr13	4Tr27	250	999993	exact
4Lr35 4Lsr22 4Sr12 3Lr16	4Lr36	250	999989	exact
4Lr35 4Lsr22 4Sr12 3Lr22	4Tr27	250	999995	exact
4Lr35 4Lsr22 4Sr12 3Lr27	4S7	250	999987	exact
4Lr35 4Lsr22 4Sr12 3Lr28	3Ir15	250	999989	exact
4Lr35 4Lsr22 4Sr12 3Lr32	4Tr27	250	999995	exact
4Lr35 4Lsr22 4Sr12 3Lr37	3Ir15	250	999987	exact
4Lr35 4Lsr22 4Sr12 3Lr38	3Ir15	250	999987	exact
4Lr35 4Lsr22 4Sr12 4Lr15	4Lsr12	250	999993	exact
4Lr35 4Lsr22 4Sr12 4Lr27	4Ssr17	250	999995	exact
4Lr35 4Lsr22 4Sr12 4Lr32	4Tr27	250	999995	exact
4Lr35 4Lsr22 4Sr12 4Lr37	3Ir12	250	999987	exact
4Lr35 4Lsr22 4Sr12 4Lr38	3Ir15	250	999987	exact
4Lr35 4Lsr22 4Sr12 4Ls2	4Tr27	250	999993	exact
4Lr35 4Lsr22 4Sr12 4Lsr12	4Tr27	250	999995	exact
4Lr35 4Lsr22 4Sr12 4Lsr17	3Ir12	250	999989	exact
4Lr35 4Lsr22 4Sr12 4Lsr18	3Ir15	250	999987	exact
4Lr35 4Lsr22 4Sr12 4Lsr27	4Lr32	250	999987	exact
4Lr35 4Lsr22 4Sr12 4S4	4Tr27	250	999993	exact
4Lr35 4Lsr22 4Sr12 4Sr16	4Lr36	250	999987	exact
4Lr35 4Lsr22 4Sr12 4Ss3	4Tr27	250	999993	exact
4Lr35 4Lsr22 4Sr12 4Ss6	3Ir15	250	999987	exact
4Lr35 4Lsr22 4Sr12 4T3	4Tr27	250	999993	exact
4Lr35 4Lsr22 4Sr12 4Tr13	4Tr27	250	999993	exact
4Lr35 4Lsr22 4Sr12 4Tr16	3Ir15	250	999987	exact
4Lr35 4Lsr22 4Sr12 4Tr27	3Ir15	250	999987	exact
4Lr35 4Lsr22 4Sr12 4Tr34	4Tr27	250	999995	exact
4Lr35 4Lsr27	4S6	20	999984	exact
4Lr35 4Sr16	4Ss5	19	999985	exact
4Lr35 4Ss6	4Lsr15	21	999984	exact
4Lr35 4Tr16	4S6	22	999983	exact
4Lr35 4Tr21	4Tr27	22	999982	exact
4Lr35 4Tr22	4Ss3	21	999987	exact
4Lr35 4Tr27	4Ssr16	19	999985	exact
4Lr35	3Ir15	23	-3991
