4Lr34 4Lr38 11	4Lr14	19	999983	exact
4Lr34 4Lr38 11 4Lr14 11	3Ir14	250	999983	exact
4Lr34 4Lr38 11 4Lr14 2r11	3Ir18	250	999983	exact
4Lr34 4Lr38 11 4Lr14 2r12	3Lr36	250	999984	exact
4Lr34 4Lr38 11 4Lr14 2r15	3Lr36	250	999983	exact
4Lr34 4Lr38 11 4Lr14 3Ir12	3Lr36	250	999983	exact
4Lr34 4Lr38 11 4Lr14 3Ir14	3Ir18	250	999984	exact
4Lr34 4Lr38 11 4Lr14 3Lr11	3Lr21	250	999985	exact
4Lr34 4Lr38 11 4Lr14 4Lr18	3Lr36	250	999984	exact
4Lr34 4Lr38 11 4Lr14 4Lr34	4Tr11	250	999987	exact
4Lr34 4Lr38 11 4Lr14 4Lsr14	4Tr11	250	999987	exact
4Lr34 4Lr38 11 4Lr14 4Lsr16	3Lr37	250	999985	exact
4Lr34 4Lr38 11 4Lr14 4Tr11	4S1	250	999989	exact
4Lr34 4Lr38 12	4Lr14	19	999984	exact
4Lr34 4Lr38 12 4Lr14 2r12	3Ir18	250	999984	exact
4Lr34 4Lr38 13	4Lr14	19	999983	exact
4Lr34 4Lr38 13 4Lr14 16	3Ir18	250	999985	exact
4Lr34 4Lr38 13 4Lr14 2r12	3Ir18	250	999983	exact
4Lr34 4Lr38 13 4Lr14 2r17	4Tr37	250	999983	exact
4Lr34 4Lr38 13 4Lr14 3Ir19	4Tr38	250	999985	exact
4Lr34 4Lr38 13 4Lr14 4Lr18	3Lr36	250	999983	exact
4Lr34 4Lr38 14	3Ir18	21	0
4Lr34 4Lr38 15	4Ss4	18	999989	exact
4Lr34 4Lr38 15 4Ss4 11	3Ir18	250	999989	exact
4Lr34 4Lr38 15 4Ss4 12	3Ir18	250	999989	exact
4Lr34 4Lr38 15 4Ss4 13	4Lr36	250	999989	exact
4Lr34 4Lr38 15 4Ss4 14	4Lr36	250	999989	exact
4Lr34 4Lr38 15 4Ss4 15	3Ir18	250	999989	exact
4Lr34 4Lr38 15 4Ss4 16	3Ir18	250	999989	exact
4Lr34 4Lr38 15 4Ss4 17	3Ir18	250	999989	exact
4Lr34 4Lr38 15 4Ss4 18	4Lr36	250	999989	exact
4Lr34 4Lr38 15 4Ss4 19	3Ir18	250	999989	exact
4Lr34 4Lr38 15 4Ss4 21	4Lr36	250	999989	exact
4Lr34 4Lr38 15 4Ss4 22	4Lr36	250	999989	exact
4Lr34 4Lr38 15 4Ss4 26	3Lr36	250	999989	exact
4Lr34 4Lr38 15 4Ss4 2r11	4Lr36	250	999989	exact
4Lr34 4Lr38 15 4Ss4 2r12	4Lr36	250	999989	exact
4Lr34 4Lr38 15 4Ss4 2r13	4Lr36	250	999989	exact
4Lr34 4Lr38 15 4Ss4 2r14	4Lr36	250	999989	exact
4Lr34 4Lr38 15 4Ss4 2r15	4Lr36	250	999989	exact
4Lr34 4Lr38 15 4Ss4 2r16	4Lr16	250	999989	exact
4Lr34 4Lr38 15 4Ss4 2r17	4Tr37	250	999989	exact
4Lr34 4Lr38 15 4Ss4 2r18	4Lr36	250	999989	exact
4Lr34 4Lr38 15 4Ss4 2r19	4Lr36	250	999989	exact
4Lr34 4Lr38 15 4Ss4 3I1	4Lr36	250	999989	exact
4Lr34 4Lr38 15 4Ss4 3Ir11	3Ir14	250	999989	exact
4Lr34 4Lr38 15 4Ss4 3Ir12	3Ir14	250	999989	exact
4Lr34 4Lr38 15 4Ss4 3Ir13	3Ir18	250	999989	exact
4Lr34 4Lr38 15 4Ss4 3Ir14	4Lr36	250	999989	exact
4Lr34 4Lr38 15 4Ss4 3Ir15	4Lr36	250	999989	exact
4Lr34 4Lr38 15 4Ss4 3Ir16	4Ss5	250	999989	exact
4Lr34 4Lr38 15 4Ss4 3Ir17	4Lr37	250	999989	exact
4Lr34 4Lr38 15 4Ss4 3Ir18	4Lr36	250	999989	exact
4Lr34 4Lr38 15 4Ss4 3Ir19	4Lr36	250	999989	exact
4Lr34 4Lr38 15 4Ss4 3Lr14	4Lr36	250	999989	exact
4Lr34 4Lr38 15 4Ss4 3Lr21	4Lr36	250	999989	exact
4Lr34 4Lr38 15 4Ss4 3Lr22	4Lr36	250	999989	exact
4Lr34 4Lr38 15 4Ss4 3Lr26	4Tr36	250	999989	exact
4Lr34 4Lr38 15 4Ss4 3Lr31	4Lr36	250	999989	exact
4Lr34 4Lr38 15 4Ss4 3Lr32	4Lr36	250	999989	exact
4Lr34 4Lr38 15 4Ss4 3Lr36	4Ss6	250	999989	exact
4Lr34 4Lr38 15 4Ss4 4Lr18	4Lr36	250	999989	exact
4Lr34 4Lr38 15 4Ss4 4Lr21	4Lr36	250	999989	exact
4Lr34 4Lr38 15 4Ss4 4Lr31	4Lr11	250	999989	exact
4Lr34 4Lr38 15 4Ss4 4Lr32	4Lr12	250	999989	exact
4Lr34 4Lr38 15 4Ss4 4Lr36	4Lr16	250	999989	exact
4Lr34 4Lr38 15 4Ss4 4Lsr11	4Lsr31	250	999989	exact
4Lr34 4Lr38 15 4Ss4 4Lsr12	4Lr36	250	999989	exact
4Lr34 4Lr38 15 4Ss4 4Lsr16	4Lr37	250	999989	exact
4Lr34 4Lr38 15 4Ss4 4Lsr21	3Ir18	250	999989	exact
4Lr34 4Lr38 15 4Ss4 4Ss4	4Lr36	250	999989	exact
4Lr34 4Lr38 15 4Ss4 4Tr14	4Lr36	250	999989	exact
4Lr34 4Lr38 15 4Ss4 4Tr21	4Lr36	250	999989	exact
4Lr34 4Lr38 16	4Lr14	21	999983	exact
4Lr34 4Lr38 17	3Ir18	20	999982	exact
4Lr34 4Lr38 18	4Lr14	19	999982	exact
4Lr34 4Lr38 18 4Lr14 11	3Lr36	250	999982	exact
4Lr34 4Lr38 18 4Lr14 13	3Lr36	250	999983	exact
4Lr34 4Lr38 18 4Lr14 14	3Lr36	250	999984	exact
4Lr34 4Lr38 18 4Lr14 15	3Lr36	250	999984	exact
4Lr34 4Lr38 18 4Lr14 16	4Ss6	250	999985	exact
4Lr34 4Lr38 18 4Lr14 17	4S6	250	999985	exact
4Lr34 4Lr38 18 4Lr14 21	3Lr36	250	999982	exact
4Lr34 4Lr38 18 4Lr14 22	3Lr36	250	999983	exact
4Lr34 4Lr38 18 4Lr14 24	3Lr36	250	999983	exact
4Lr34 4Lr38 18 4Lr14 26	3Lr36	250	999985	exact
4Lr34 4Lr38 18 4Lr14 2r11	3Lr36	250	999982	exact
4Lr34 4Lr38 18 4Lr14 2r13	3Lr36	250	999982	exact
4Lr34 4Lr38 18 4Lr14 2r14	3Lr36	250	999982	exact
4Lr34 4Lr38 18 4Lr14 2r15	3Lr36	250	999983	exact
4Lr34 4Lr38 18 4Lr14 2r18	3Lr36	250	999982	exact
4Lr34 4Lr38 18 4Lr14 3I1	3Lr36	250	999983	exact
4Lr34 4Lr38 18 4Lr14 3Ir11	3Lr36	250	999982	exact
4Lr34 4Lr38 18 4Lr14 3Ir12	3Lr36	250	999983	exact
4Lr34 4Lr38 18 4Lr14 3Ir13	4S3	250	999983	exact
4Lr34 4Lr38 18 4Lr14 3Ir14	3Lr36	250	999989	exact
4Lr34 4Lr38 18 4Lr14 3Ir15	3Lr36	250	999989	exact
4Lr34 4Lr38 18 4Lr14 3Ir17	4Tr37	250	999983	exact
4Lr34 4Lr38 18 4Lr14 3Ir18	3Lr36	250	999984	exact
4Lr34 4Lr38 18 4Lr14 3Lr26	4S6	250	999984	exact
4Lr34 4Lr38 18 4Lr14 3Lr31	3Lr36	250	999982	exact
4Lr34 4Lr38 18 4Lr14 3Lr36	4Tr16	250	999984	exact
4Lr34 4Lr38 18 4Lr14 4Lsr11	3Ir15	250	999985	exact
4Lr34 4Lr38 18 4Lr14 4Lsr12	4S3	250	999983	exact
4Lr34 4Lr38 18 4Lr14 4Lsr14	3Lr36	250	999985	exact
4Lr34 4Lr38 18 4Lr14 4Lsr16	4Tr37	250	999989	exact
4Lr34 4Lr38 18 4Lr14 4Lsr21	3Lr36	250	999982	exact
4Lr34 4Lr38 19	4Lr14	20	999983	exact
4Lr34 4Lr38 21	4Lr14	19	999982	exact
4Lr34 4Lr38 21 4Lr14 3Ir13	3Ir18	250	999983	exact
4Lr34 4Lr38 22	4Lr14	20	999982	exact
4Lr34 4Lr38 26	3Ir18	20	999982	exact
4Lr34 4Lr38 2r11	4Lr14	18	999982	exact
4Lr34 4Lr38 2r11 4Lr14 11	3Ir14	250	999982	exact
4Lr34 4Lr38 2r11 4Lr14 12	4Tr11	250	999987	exact
4Lr34 4Lr38 2r11 4Lr14 13	2r15	250	999982	exact
4Lr34 4Lr38 2r11 4Lr14 15	3Lr36	250	999982	exact
4Lr34 4Lr38 2r11 4Lr14 18	3Lr36	250	999982	exact
4Lr34 4Lr38 2r11 4Lr14 22	3Lr36	250	999982	exact
4Lr34 4Lr38 2r11 4Lr14 2r14	3Ir14	250	999985	exact
4Lr34 4Lr38 2r11 4Lr14 3Ir16	3Ir18	250	999982	exact
4Lr34 4Lr38 2r11 4Lr14 3Ir18	3Lr36	250	999982	exact
4Lr34 4Lr38 2r11 4Lr14 3Lr36	4Ss6	250	999984	exact
4Lr34 4Lr38 2r11 4Lr14 4Lr34	3Ir18	250	999982	exact
4Lr34 4Lr38 2r11 4Lr14 4Lr36	4Ss5	250	999984	exact
4Lr34 4Lr38 2r12	4Lr14	19	999983	exact
4Lr34 4Lr38 2r12 4Lr14 3Ir15	3Ir18	250	999985	exact
4Lr34 4Lr38 2r13	4S3	18	999985	exact
4Lr34 4Lr38 2r13 4S3 11	4Tr11	250	999985	exact
4Lr34 4Lr38 2r13 4S3 12	4Tr31	250	999985	exact
4Lr34 4Lr38 2r13 4S3 13	4Lsr11	250	999985	exact
4Lr34 4Lr38 2r13 4S3 14	3Ir18	250	999985	exact
4Lr34 4Lr38 2r13 4S3 15	3Ir18	250	999985	exact
4Lr34 4Lr38 2r13 4S3 16	4Lsr11	250	999985	exact
4Lr34 4Lr38 2r13 4S3 17	4Tr36	250	999985	exact
4Lr34 4Lr38 2r13 4S3 18	4Lsr11	250	999985	exact
4Lr34 4Lr38 2r13 4S3 19	4Lsr11	250	999985	exact
4Lr34 4Lr38 2r13 4S3 21	3Ir18	250	999987	exact
4Lr34 4Lr38 2r13 4S3 26	4Lsr11	250	999985	exact
4Lr34 4Lr38 2r13 4S3 2r11	4Lr11	250	999985	exact
4Lr34 4Lr38 2r13 4S3 2r12	4Lsr31	250	999985	exact
4Lr34 4Lr38 2r13 4S3 2r13	3Ir18	250	999985	exact
4Lr34 4Lr38 2r13 4S3 2r14	4Lsr11	250	999985	exact
4Lr34 4Lr38 2r13 4S3 2r15	4Lr14	250	999985	exact
4Lr34 4Lr38 2r13 4S3 2r16	3Ir18	250	999985	exact
4Lr34 4Lr38 2r13 4S3 2r17	4Lsr11	250	999985	exact
4Lr34 4Lr38 2r13 4S3 2r18	4Lsr11	250	999985	exact
4Lr34 4Lr38 2r13 4S3 2r19	3Ir18	250	999985	exact
4Lr34 4Lr38 2r13 4S3 3Ir11	3Ir12	250	999985	exact
4Lr34 4Lr38 2r13 4S3 3Ir12	4S2	250	999985	exact
4Lr34 4Lr38 2r13 4S3 3Ir13	4Lsr11	250	999985	exact
4Lr34 4Lr38 2r13 4S3 3Ir14	4Lsr11	250	999985	exact
4Lr34 4Lr38 2r13 4S3 3Ir15	4Ss4	250	999985	exact
4Lr34 4Lr38 2r13 4S3 3Ir16	4Lsr11	250	999985	exact
4Lr34 4Lr38 2r13 4S3 3Ir17	3Ir17	250	999985	exact
4Lr34 4Lr38 2r13 4S3 3Ir18	4Lsr11	250	999985	exact
4Lr34 4Lr38 2r13 4S3 3Ir19	4Lsr11	250	999985	exact
4Lr34 4Lr38 2r13 4S3 3L3	4Lsr11	250	999985	exact
4Lr34 4Lr38 2r13 4S3 3Lr15	3Ir18	250	999985	exact
4Lr34 4Lr38 2r13 4S3 3Lr21	4Lr36	250	999987	exact
4Lr34 4Lr38 2r13 4S3 3Lr26	4Tr36	250	999987	exact
4Lr34 4Lr38 2r13 4S3 3Lr31	4Tr11	250	999985	exact
4Lr34 4Lr38 2r13 4S3 3Lr36	4Tr16	250	999985	exact
4Lr34 4Lr38 2r13 4S3 4Lr18	4Lsr11	250	999985	exact
4Lr34 4Lr38 2r13 4S3 4Lr31	4Lr11	250	999985	exact
4Lr34 4Lr38 2r13 4S3 4Lr36	4Lsr35	250	999985	exact
4Lr34 4Lr38 2r13 4S3 4Lsr11	4S3	250	999985	exact
4Lr34 4Lr38 2r13 4S3 4Lsr16	4Lr37	250	999985	exact
4Lr34 4Lr38 2r13 4S3 4S3	4Lsr11	250	999985	exact
4Lr34 4Lr38 2r13 4S3 4Sr15	3Ir18	250	999987	exact
4Lr34 4Lr38 2r13 4S3 4Ss5	4Ss5	250	999985	exact
4Lr34 4Lr38 2r13 4S3 4Tr15	4S5	250	999985	exact
4Lr34 4Lr38 2r13 4S3 4Tr33	4Lsr11	250	999985	exact
4Lr34 4Lr38 2r14	3Ir18	20	-6672
4Lr34 4Lr38 2r15	4Lr34	20	999986	exact
4Lr34 4Lr38 2r16	2r14	21	999980	exact
4Lr34 4Lr38 2r17	4Tr37	21	999983	exact
4Lr34 4Lr38 2r18	3Ir14	21	-7492
4Lr34 4Lr38 2r19	4Lr14	19	999982	exact
4Lr34 4Lr38 3I1	2r14	20	999984	exact
4Lr34 4Lr38 3Ir11	4Lr14	20	999982	exact
4Lr34 4Lr38 3Ir12	4Lr14	20	999984	exact
4Lr34 4Lr38 3Ir13	4Lsr13	17	999987	exact
4Lr34 4Lr38 3Ir13 4Lsr13 11	4Ss5	250	999987	exact
4Lr34 4Lr38 3Ir13 4Lsr13 12	4Ss5	250	999987	exact
4Lr34 4Lr38 3Ir13 4Lsr13 13	3Ir14	250	999995	exact
4Lr34 4Lr38 3Ir13 4Lsr13 14	4Ss5	250	999989	exact
4Lr34 4Lr38 3Ir13 4Lsr13 15	3Ir14	250	999989	exact
4Lr34 4Lr38 3Ir13 4Lsr13 16	4Tr16	250	999987	exact
4Lr34 4Lr38 3Ir13 4Lsr13 17	3Ir14	250	999995	exact
4Lr34 4Lr38 3Ir13 4Lsr13 18	3Ir14	250	999991	exact
4Lr34 4Lr38 3Ir13 4Lsr13 19	3Ir14	250	999995	exact
4Lr34 4Lr38 3Ir13 4Lsr13 21	4Ss5	250	999987	exact
4Lr34 4Lr38 3Ir13 4Lsr13 26	4Tr25	250	999987	exact
4Lr34 4Lr38 3Ir13 4Lsr13 2r11	3Ir14	250	999995	exact
4Lr34 4Lr38 3Ir13 4Lsr13 2r12	4Ss5	250	999987	exact
4Lr34 4Lr38 3Ir13 4Lsr13 2r13	3Ir14	250	999991	exact
4Lr34 4Lr38 3Ir13 4Lsr13 2r14	4Ss5	250	999987	exact
4Lr34 4Lr38 3Ir13 4Lsr13 2r15	3Ir14	250	999991	exact
4Lr34 4Lr38 3Ir13 4Lsr13 2r16	3Ir18	250	999987	exact
4Lr34 4Lr38 3Ir13 4Lsr13 2r17	3Ir14	250	999995	exact
4Lr34 4Lr38 3Ir13 4Lsr13 2r18	3Ir14	250	999995	exact
4Lr34 4Lr38 3Ir13 4Lsr13 2r19	3Ir14	250	999995	exact
4Lr34 4Lr38 3Ir13 4Lsr13 3Ir11	3Ir14	250	999993	exact
4Lr34 4Lr38 3Ir13 4Lsr13 3Ir12	4Ss5	250	999987	exact
4Lr34 4Lr38 3Ir13 4Lsr13 3Ir13	4Ss3	250	999995	exact
4Lr34 4Lr38 3Ir13 4Lsr13 3Ir14	4Ss5	250	999987	exact
4Lr34 4Lr38 3Ir13 4Lsr13 3Ir15	3Ir12	250	999987	exact
4Lr34 4Lr38 3Ir13 4Lsr13 3Ir16	3Ir14	250	999989	exact
4Lr34 4Lr38 3Ir13 4Lsr13 3Ir17	4Ss5	250	999989	exact
4Lr34 4Lr38 3Ir13 4Lsr13 3Ir18	3Ir14	250	999993	exact
4Lr34 4Lr38 3Ir13 4Lsr13 3Ir19	3Ir14	250	999995	exact
4Lr34 4Lr38 3Ir13 4Lsr13 3Lr15	3Lr35	250	999987	exact
4Lr34 4Lr38 3Ir13 4Lsr13 3Lr21	4Ss5	250	999987	exact
4Lr34 4Lr38 3Ir13 4Lsr13 3Lr26	4Tr37	250	999987	exact
4Lr34 4Lr38 3Ir13 4Lsr13 3Lr31	4Ss5	250	999987	exact
4Lr34 4Lr38 3Ir13 4Lsr13 3Lr36	3Ir18	250	999987	exact
4Lr34 4Lr38 3Ir13 4Lsr13 4Lr18	3Ir14	250	999995	exact
4Lr34 4Lr38 3Ir13 4Lsr13 4Lr31	4Ss5	250	999989	exact
4Lr34 4Lr38 3Ir13 4Lsr13 4Lr36	3Ir14	250	999989	exact
4Lr34 4Lr38 3Ir13 4Lsr13 4Lsr11	4Ss5	250	999991	exact
4Lr34 4Lr38 3Ir13 4Lsr13 4Lsr16	3Ir14	250	999989	exact
4Lr34 4Lr38 3Ir13 4Lsr13 4Lsr33	4Ss5	250	999989	exact
4Lr34 4Lr38 3Ir13 4Lsr13 4Sr15	4Tr16	250	999989	exact
4Lr34 4Lr38 3Ir13 4Lsr13 4Ss5	4Tr15	250	999991	exact
4Lr34 4Lr38 3Ir13 4Lsr13 4Tr15	3Ir14	250	999993	exact
4Lr34 4Lr38 3Ir14	14	21	-6543
4Lr34 4Lr38 3Ir15	4S4	21	999983	exact
4Lr34 4Lr38 3Ir16	4Tr21	21	0
4Lr34 4Lr38 3Ir17	4Lr37	19	999983	exact
4Lr34 4Lr38 3Ir18	3Ir17	21	-5391
4Lr34 4Lr38 3Ir19	3Ir14	20	999986	exact
4Lr34 4Lr38 3Lr15	4Sr14	15	999986	exact
4Lr34 4Lr38 3Lr15 4Sr14 13	4Lsr11	250	999989	exact
4Lr34 4Lr38 3Lr15 4Sr14 3Ir18	4Lsr11	250	999989	exact
4Lr34 4Lr38 3Lr21	4Lr14	21	999979	exact
4Lr34 4Lr38 3Lr22	4S3	19	999986	exact
4Lr34 4Lr38 3Lr26	3Ir18	22	999978	exact
4Lr34 4Lr38 3Lr31	4Lr14	21	7508
4Lr34 4Lr38 3Lr32	4Lr14	20	999980	exact
4Lr34 4Lr38 3Lr36	3Ir18	23	0
4Lr34 4Lr38 4Lr14	3Ir18	21	999980	exact
4Lr34 4Lr38 4Lr18	3Ir14	21	999977	exact
4Lr34 4Lr38 4Lr21	4S3	19	999984	exact
4Lr34 4Lr38 4Lr21 4S3 14	3Ir18	250	999985	exact
4Lr34 4Lr38 4Lr21 4S3 15	4Lr15	250	999987	exact
4Lr34 4Lr38 4Lr21 4S3 2r13	3Ir18	250	999985	exact
4Lr34 4Lr38 4Lr21 4S3 2r14	3Ir18	250	999984	exact
4Lr34 4Lr38 4Lr21 4S3 2r15	4Lr14	250	999985	exact
4Lr34 4Lr38 4Lr31	4Lr14	21	6389
4Lr34 4Lr38 4Lr32	4Lr14	21	999981	exact
4Lr34 4Lr38 4Lr36	3Ir16	21	-2452
4Lr34 4Lr38 4Lsr11	4Lr14	19	999981	exact
4Lr34 4Lr38 4Lsr12	4Lr33	17	999986	exact
4Lr34 4Lr38 4Lsr16	4Lr37	18	999985	exact
4Lr34 4Lr38 4Lsr16 4Lr37 11	3Ir17	250	999997	exact
4Lr34 4Lr38 4Lsr16 4Lr37 12	3Ir17	250	999997	exact
4Lr34 4Lr38 4Lsr16 4Lr37 13	3Ir17	250	999997	exact
4Lr34 4Lr38 4Lsr16 4Lr37 14	3Ir17	250	999997	exact
4Lr34 4Lr38 4Lsr16 4Lr37 15	3Ir17	250	999997	exact
4Lr34 4Lr38 4Lsr16 4Lr37 16	3Ir17	250	999997	exact
4Lr34 4Lr38 4Lsr16 4Lr37 17	14	250	999985	exact
4Lr34 4Lr38 4Lsr16 4Lr37 18	3Ir17	250	999997	exact
4Lr34 4Lr38 4Lsr16 4Lr37 19	3Ir17	250	999997	exact
4Lr34 4Lr38 4Lsr16 4Lr37 21	3Ir17	250	999997	exact
4Lr34 4Lr38 4Lsr16 4Lr37 22	3Ir17	250	999997	exact
4Lr34 4Lr38 4Lsr16 4Lr37 25	3Ir17	250	999997	exact
4Lr34 4Lr38 4Lsr16 4Lr37 2r11	3Ir17	250	999997	exact
4Lr34 4Lr38 4Lsr16 4Lr37 2r12	3Ir17	250	999997	exact
4Lr34 4Lr38 4Lsr16 4Lr37 2r13	3Ir17	250	999997	exact
4Lr34 4Lr38 4Lsr16 4Lr37 2r14	3Ir17	250	999997	exact
4Lr34 4Lr38 4Lsr16 4Lr37 2r15	3Ir17	250	999997	exact
4Lr34 4Lr38 4Lsr16 4Lr37 2r16	3Ir17	250	999997	exact
4Lr34 4Lr38 4Lsr16 4Lr37 2r17	2r14	250	999985	exact
4Lr34 4Lr38 4Lsr16 4Lr37 2r18	3Ir17	250	999997	exact
4Lr34 4Lr38 4Lsr16 4Lr37 2r19	3Ir17	250	999997	exact
4Lr34 4Lr38 4Lsr16 4Lr37 3I1	3Ir17	250	999997	exact
4Lr34 4Lr38 4Lsr16 4Lr37 3Ir11	3Ir17	250	999997	exact
4Lr34 4Lr38 4Lsr16 4Lr37 3Ir12	3Ir17	250	999997	exact
4Lr34 4Lr38 4Lsr16 4Lr37 3Ir13	3Ir17	250	999997	exact
4Lr34 4Lr38 4Lsr16 4Lr37 3Ir14	3Ir17	250	999997	exact
4Lr34 4Lr38 4Lsr16 4Lr37 3Ir15	3Ir17	250	999997	exact
4Lr34 4Lr38 4Lsr16 4Lr37 3Ir16	3Ir17	250	999997	exact
4Lr34 4Lr38 4Lsr16 4Lr37 3Ir17	2r14	250	999985	exact
4Lr34 4Lr38 4Lsr16 4Lr37 3Ir18	3Ir17	250	999997	exact
4Lr34 4Lr38 4Lsr16 4Lr37 3Ir19	3Ir17	250	999997	exact
4Lr34 4Lr38 4Lsr16 4Lr37 3Lr21	3Ir17	250	999997	exact
4Lr34 4Lr38 4Lsr16 4Lr37 3Lr22	3Ir17	250	999997	exact
4Lr34 4Lr38 4Lsr16 4Lr37 3Lr25	3Ir17	250	999997	exact
4Lr34 4Lr38 4Lsr16 4Lr37 3Lr31	3Ir17	250	999997	exact
4Lr34 4Lr38 4Lsr16 4Lr37 3Lr32	3Ir17	250	999997	exact
4Lr34 4Lr38 4Lsr16 4Lr37 3Lr35	3Ir17	250	999997	exact
4Lr34 4Lr38 4Lsr16 4Lr37 4Tr21	3Ir17	250	999997	exact
4Lr34 4Lr38 4Lsr21	4Lr14	21	999980	exact
4Lr34 4Lr38 4Sr15	3Ir18	17	999984	exact
4Lr34 4Lr38 4Sr15 3Ir18 11	3Ir18	250	999997	exact
4Lr34 4Lr38 4Sr15 3Ir18 12	3Ir18	250	999997	exact
4Lr34 4Lr38 4Sr15 3Ir18 13	3Ir18	250	999997	exact
4Lr34 4Lr38 4Sr15 3Ir18 14	3Ir18	250	999997	exact
4Lr34 4Lr38 4Sr15 3Ir18 15	3Ir18	250	999997	exact
4Lr34 4Lr38 4Sr15 3Ir18 16	3Ir18	250	999997	exact
4Lr34 4Lr38 4Sr15 3Ir18 17	3Ir18	250	999997	exact
4Lr34 4Lr38 4Sr15 3Ir18 18	4Sr14	250	999984	exact
4Lr34 4Lr38 4Sr15 3Ir18 19	3Ir18	250	999997	exact
4Lr34 4Lr38 4Sr15 3Ir18 21	3Ir18	250	999997	exact
4Lr34 4Lr38 4Sr15 3Ir18 22	3Ir18	250	999997	exact
4Lr34 4Lr38 4Sr15 3Ir18 25	3Ir18	250	999997	exact
4Lr34 4Lr38 4Sr15 3Ir18 2r11	3Ir18	250	999997	exact
4Lr34 4Lr38 4Sr15 3Ir18 2r12	3Ir18	250	999997	exact
4Lr34 4Lr38 4Sr15 3Ir18 2r13	3Ir18	250	999997	exact
4Lr34 4Lr38 4Sr15 3Ir18 2r14	3Ir18	250	999997	exact
4Lr34 4Lr38 4Sr15 3Ir18 2r15	3Ir18	250	999997	exact
4Lr34 4Lr38 4Sr15 3Ir18 2r16	3Ir18	250	999997	exact
4Lr34 4Lr38 4Sr15 3Ir18 2r17	3Ir18	250	999997	exact
4Lr34 4Lr38 4Sr15 3Ir18 2r18	4Sr14	250	999984	exact
4Lr34 4Lr38 4Sr15 3Ir18 2r19	3Ir18	250	999997	exact
4Lr34 4Lr38 4Sr15 3Ir18 3I1	3Ir18	250	999997	exact
4Lr34 4Lr38 4Sr15 3Ir18 3Ir11	3Ir18	250	999997	exact
4Lr34 4Lr38 4Sr15 3Ir18 3Ir12	3Ir18	250	999997	exact
4Lr34 4Lr38 4Sr15 3Ir18 3Ir13	3Ir18	250	999997	exact
4Lr34 4Lr38 4Sr15 3Ir18 3Ir14	3Ir18	250	999997	exact
4Lr34 4Lr38 4Sr15 3Ir18 3Ir15	3Ir18	250	999997	exact
4Lr34 4Lr38 4Sr15 3Ir18 3Ir16	3Ir18	250	999997	exact
4Lr34 4Lr38 4Sr15 3Ir18 3Ir17	3Ir18	250	999997	exact
4Lr34 4Lr38 4Sr15 3Ir18 3Ir18	4Sr14	250	999984	exact
4Lr34 4Lr38 4Sr15 3Ir18 3Ir19	3Ir18	250	999997	exact
4Lr34 4Lr38 4Sr15 3Ir18 3Lr14	3Ir18	250	999997	exact
4Lr34 4Lr38 4Sr15 3Ir18 3Lr16	3Ir18	250	999997	exact
4Lr34 4Lr38 4Sr15 3Ir18 3Lr21	3Ir18	250	999997	exact
4Lr34 4Lr38 4Sr15 3Ir18 3Lr22	3Ir18	250	999997	exact
4Lr34 4Lr38 4Sr15 3Ir18 3Lr25	3Ir18	250	999997	exact
4Lr34 4Lr38 4Sr15 3Ir18 3Lr31	3Ir18	250	999997	exact
4Lr34 4Lr38 4Sr15 3Ir18 3Lr32	3Ir18	250	999997	exact
4Lr34 4Lr38 4Sr15 3Ir18 3Lr35	3Ir18	250	999997	exact
4Lr34 4Lr38 4Sr15 3Ir18 4Lr21	3Ir18	250	999997	exact
4Lr34 4Lr38 4Sr15 3Ir18 4Lr31	3Ir18	250	999997	exact
4Lr34 4Lr38 4Sr15 3Ir18 4Lr32	3Ir18	250	999997	exact
4Lr34 4Lr38 4Sr15 3Ir18 4Lr35	3Ir18	250	999997	exact
4Lr34 4Lr38 4Sr15 3Ir18 4Ls5	3Ir18	250	999997	exact
4Lr34 4Lr38 4Sr15 3Ir18 4Lsr11	3Ir18	250	999997	exact
4Lr34 4Lr38 4Sr15 3Ir18 4Lsr12	3Ir18	250	999997	exact
4Lr34 4Lr38 4Sr15 3Ir18 4Lsr15	3Ir18	250	999997	exact
4Lr34 4Lr38 4Sr15 3Ir18 4Lsr21	3Ir18	250	999997	exact
4Lr34 4Lr38 4Sr15 3Ir18 4Sr14	3Ir18	250	999997	exact
4Lr34 4Lr38 4Sr15 3Ir18 4Ss4	3Ir18	250	999997	exact
4Lr34 4Lr38 4Sr15 3Ir18 4Ss6	3Ir18	250	999997	exact
4Lr34 4Lr38 4Sr15 3Ir18 4Tr14	3Ir18	250	999997	exact
4Lr34 4Lr38 4Sr15 3Ir18 4Tr16	3Ir18	250	999997	exact
4Lr34 4Lr38 4Sr15 3Ir18 4Tr21	3Ir18	250	999997	exact
4Lr34 4Lr38 4Ss5	4Tr15	21	999981	exact
4Lr34 4Lr38 4Tr15	4T4	20	999985	exact
4Lr34 4Lr38 4Tr21	4Lr14	21	999981	exact
4Lr34 4Lr38	2r18	22	7492
