4Lsr15 4Lsr13 11	4Lsr35	22	999984	exact
4Lsr15 4Lsr13 12	4Lsr35	20	999981	exact
4Lsr15 4Lsr13 12 4Lsr35 17	4S1	250	999984	exact
4Lsr15 4Lsr13 12 4Lsr35 18	4S1	250	999982	exact
4Lsr15 4Lsr13 12 4Lsr35 27	4S1	250	999983	exact
4Lsr15 4Lsr13 12 4Lsr35 28	4S1	250	999984	exact
4Lsr15 4Lsr13 12 4Lsr35 2r17	4S1	250	999981	exact
4Lsr15 4Lsr13 12 4Lsr35 3Lr27	4S4	250	999981	exact
4Lsr15 4Lsr13 12 4Lsr35 4Lsr27	4S1	250	999981	exact
4Lsr15 4Lsr13 13	3Ir14	20	999983	exact
4Lsr15 4Lsr13 14	4Lsr35	21	999979	exact
4Lsr15 4Lsr13 15	4Tr35	19	999988	exact
4Lsr15 4Lsr13 15 4Tr35 2r14	3Ir15	250	999989	exact
4Lsr15 4Lsr13 15 4Tr35 3Lr37	3Ir15	250	999989	exact
4Lsr15 4Lsr13 15 4Tr35 4Lsr33	3Ir15	250	999989	exact
4Lsr15 4Lsr13 16	3Ir14	22	999979	exact
4Lsr15 4Lsr13 17	4Lsr35	20	999982	exact
4Lsr15 4Lsr13 18	4Lsr35	20	999984	exact
4Lsr15 4Lsr13 19	4Lsr35	20	999982	exact
4Lsr15 4Lsr13 21	4Lsr35	20	999983	exact
4Lsr15 4Lsr13 27	4Lsr35	19	999983	exact
4Lsr15 4Lsr13 28	4Lsr35	21	999982	exact
4Lsr15 4Lsr13 2r11	3Ir14	20	999981	exact
4Lsr15 4Lsr13 2r12	4Lsr35	20	999983	exact
4Lsr15 4Lsr13 2r12 4Lsr35 17	4Ss2	250	999983	exact
4Lsr15 4Lsr13 2r12 4Lsr35 27	4Ss2	250	999984	exact
4Lsr15 4Lsr13 2r12 4Lsr35 28	4Tr12	250	999984	exact
4Lsr15 4Lsr13 2r12 4Lsr35 3Ir17	3Ir14	250	999984	exact
4Lsr15 4Lsr13 2r12 4Lsr35 3Lr27	4Tr12	250	999984	exact
4Lsr15 4Lsr13 2r12 4Lsr35 3Lr37	4Ss7	250	999984	exact
4Lsr15 4Lsr13 2r13	4Lsr13	21	999982	exact
4Lsr15 4Lsr13 2r14	4Lsr35	20	-3878
4Lsr15 4Lsr13 2r15	3Ir14	21	999986	exact
4Lsr15 4Lsr13 2r16	3Ir14	23	999978	exact
4Lsr15 4Lsr13 2r17	3Ir14	18	999985	exact
4Lsr15 4Lsr13 2r17 3Ir14 11	3Ir14	250	999997	exact
4Lsr15 4Lsr13 2r17 3Ir14 12	3Ir14	250	999997	exact
4Lsr15 4Lsr13 2r17 3Ir14 13	3Ir14	250	999997	exact
4Lsr15 4Lsr13 2r17 3Ir14 14	4Ss6	250	999985	exact
4Lsr15 4Lsr13 2r17 3Ir14 15	3Ir14	250	999997	exact
4Lsr15 4Lsr13 2r17 3Ir14 16	3Ir14	250	999997	exact
4Lsr15 4Lsr13 2r17 3Ir14 17	3Ir14	250	999997	exact
4Lsr15 4Lsr13 2r17 3Ir14 18	3Ir14	250	999997	exact
4Lsr15 4Lsr13 2r17 3Ir14 19	3Ir14	250	999997	exact
4Lsr15 4Lsr13 2r17 3Ir14 21	3Ir14	250	999997	exact
4Lsr15 4Lsr13 2r17 3Ir14 28	3Ir14	250	999997	exact
4Lsr15 4Lsr13 2r17 3Ir14 2r11	3Ir14	250	999997	exact
4Lsr15 4Lsr13 2r17 3Ir14 2r12	3Ir14	250	999997	exact
4Lsr15 4Lsr13 2r17 3Ir14 2r13	3Ir14	250	999997	exact
4Lsr15 4Lsr13 2r17 3Ir14 2r14	4Ss6	250	999985	exact
4Lsr15 4Lsr13 2r17 3Ir14 2r15	3Ir14	250	999997	exact
4Lsr15 4Lsr13 2r17 3Ir14 2r16	3Ir14	250	999997	exact
4Lsr15 4Lsr13 2r17 3Ir14 2r17	3Ir14	250	999997	exact
4Lsr15 4Lsr13 2r17 3Ir14 2r18	3Ir14	250	999997	exact
4Lsr15 4Lsr13 2r17 3Ir14 2r19	3Ir14	250	999997	exact
4Lsr15 4Lsr13 2r17 3Ir14 3Ir11	3Ir14	250	999997	exact
4Lsr15 4Lsr13 2r17 3Ir14 3Ir12	3Ir14	250	999997	exact
4Lsr15 4Lsr13 2r17 3Ir14 3Ir13	3Ir14	250	999997	exact
4Lsr15 4Lsr13 2r17 3Ir14 3Ir14	4Ss6	250	999985	exact
4Lsr15 4Lsr13 2r17 3Ir14 3Ir15	3Ir14	250	999997	exact
4Lsr15 4Lsr13 2r17 3Ir14 3Ir16	3Ir14	250	999997	exact
4Lsr15 4Lsr13 2r17 3Ir14 3Ir17	3Ir14	250	999997	exact
4Lsr15 4Lsr13 2r17 3Ir14 3Ir18	3Ir14	250	999997	exact
4Lsr15 4Lsr13 2r17 3Ir14 3Ir19	3Ir14	250	999997	exact
4Lsr15 4Lsr13 2r17 3Ir14 3L2	3Ir14	250	999997	exact
4Lsr15 4Lsr13 2r17 3Ir14 3Lr16	3Ir14	250	999997	exact
4Lsr15 4Lsr13 2r17 3Ir14 3Lr21	3Ir14	250	999997	exact
4Lsr15 4Lsr13 2r17 3Ir14 3Lr28	3Ir14	250	999997	exact
4Lsr15 4Lsr13 2r17 3Ir14 3Lr31	3Ir14	250	999997	exact
4Lsr15 4Lsr13 2r17 3Ir14 3Lr38	3Ir14	250	999997	exact
4Lsr15 4Lsr13 2r17 3Ir14 4Lr17	3Ir14	250	999997	exact
4Lsr15 4Lsr13 2r17 3Ir14 4Lr31	3Ir14	250	999997	exact
4Lsr15 4Lsr13 2r17 3Ir14 4Lr38	3Ir14	250	999997	exact
4Lsr15 4Lsr13 2r17 3Ir14 4Lsr11	3Ir14	250	999997	exact
4Lsr15 4Lsr13 2r17 3Ir14 4Lsr18	3Ir14	250	999997	exact
4Lsr15 4Lsr13 2r17 3Ir14 4Lsr35	3Ir14	250	999997	exact
4Lsr15 4Lsr13 2r17 3Ir14 4S2	3Ir14	250	999997	exact
4Lsr15 4Lsr13 2r17 3Ir14 4Ss6	3Ir14	250	999997	exact
4Lsr15 4Lsr13 2r17 3Ir14 4Ssr11	3Ir14	250	999997	exact
4Lsr15 4Lsr13 2r17 3Ir14 4Tr16	3Ir14	250	999997	exact
4Lsr15 4Lsr13 2r17 3Ir14 4Tr32	3Ir14	250	999997	exact
4Lsr15 4Lsr13 2r18	3Ir14	22	999984	exact
4Lsr15 4Lsr13 2r19	4Lsr35	19	999982	exact
4Lsr15 4Lsr13 3I7	4Lsr35	20	999983	exact
4Lsr15 4Lsr13 3Ir11	2r14	21	6608
4Lsr15 4Lsr13 3Ir12	2r14	21	999984	exact
4Lsr15 4Lsr13 3Ir13	4Tr13	17	999984	exact
4Lsr15 4Lsr13 3Ir14	4Lsr35	12	999989	exact
4Lsr15 4Lsr13 3Ir14 4Lsr35 11	3Ir16	250	999993	exact
4Lsr15 4Lsr13 3Ir14 4Lsr35 12	3Ir16	250	999993	exact
4Lsr15 4Lsr13 3Ir14 4Lsr35 13	3Ir16	250	999991	exact
4Lsr15 4Lsr13 3Ir14 4Lsr35 14	4Ssr11	250	999989	exact
4Lsr15 4Lsr13 3Ir14 4Lsr35 15	4Ss5	250	999993	exact
4Lsr15 4Lsr13 3Ir14 4Lsr35 16	4Tr35	250	999993	exact
4Lsr15 4Lsr13 3Ir14 4Lsr35 17	3Ir16	250	999991	exact
4Lsr15 4Lsr13 3Ir14 4Lsr35 18	3Ir16	250	999993	exact
4Lsr15 4Lsr13 3Ir14 4Lsr35 19	3Ir16	250	999993	exact
4Lsr15 4Lsr13 3Ir14 4Lsr35 21	3Ir16	250	999991	exact
4Lsr15 4Lsr13 3Ir14 4Lsr35 25	4Ssr11	250	999989	exact
4Lsr15 4Lsr13 3Ir14 4Lsr35 27	3Ir16	250	999993	exact
4Lsr15 4Lsr13 3Ir14 4Lsr35 28	3Ir16	250	999993	exact
4Lsr15 4Lsr13 3Ir14 4Lsr35 2r11	3Ir16	250	999991	exact
4Lsr15 4Lsr13 3Ir14 4Lsr35 2r12	3Ir16	250	999991	exact
4Lsr15 4Lsr13 3Ir14 4Lsr35 2r13	3Ir16	250	999991	exact
4Lsr15 4Lsr13 3Ir14 4Lsr35 2r14	4Ssr11	250	999989	exact
4Lsr15 4Lsr13 3Ir14 4Lsr35 2r15	4Ssr11	250	999989	exact
4Lsr15 4Lsr13 3Ir14 4Lsr35 2r16	3Ir15	250	999993	exact
4Lsr15 4Lsr13 3Ir14 4Lsr35 2r17	3Ir16	250	999991	exact
4Lsr15 4Lsr13 3Ir14 4Lsr35 2r18	3Ir16	250	999993	exact
4Lsr15 4Lsr13 3Ir14 4Lsr35 2r19	3Ir16	250	999991	exact
4Lsr15 4Lsr13 3Ir14 4Lsr35 3I7	3Ir16	250	999993	exact
4Lsr15 4Lsr13 3Ir14 4Lsr35 3Ir11	3Ir16	250	999991	exact
4Lsr15 4Lsr13 3Ir14 4Lsr35 3Ir12	3Ir16	250	999991	exact
4Lsr15 4Lsr13 3Ir14 4Lsr35 3Ir13	3Ir16	250	999989	exact
4Lsr15 4Lsr13 3Ir14 4Lsr35 3Ir14	4Ssr11	250	999989	exact
4Lsr15 4Lsr13 3Ir14 4Lsr35 3Ir15	4Ssr11	250	999989	exact
4Lsr15 4Lsr13 3Ir14 4Lsr35 3Ir16	4Ssr11	250	999989	exact
4Lsr15 4Lsr13 3Ir14 4Lsr35 3Ir17	3Ir16	250	999991	exact
4Lsr15 4Lsr13 3Ir14 4Lsr35 3Ir18	3Ir16	250	999991	exact
4Lsr15 4Lsr13 3Ir14 4Lsr35 3Ir19	3Ir16	250	999991	exact
4Lsr15 4Lsr13 3Ir14 4Lsr35 3L2	3Ir16	250	999993	exact
4Lsr15 4Lsr13 3Ir14 4Lsr35 3Lr21	3Ir16	250	999993	exact
4Lsr15 4Lsr13 3Ir14 4Lsr35 3Lr25	4Ssr11	250	999989	exact
4Lsr15 4Lsr13 3Ir14 4Lsr35 3Lr27	3Ir16	250	999993	exact
4Lsr15 4Lsr13 3Ir14 4Lsr35 3Lr28	3Ir16	250	999993	exact
4Lsr15 4Lsr13 3Ir14 4Lsr35 3Lr31	3Ir16	250	999993	exact
4Lsr15 4Lsr13 3Ir14 4Lsr35 3Lr35	4Ssr11	250	999989	exact
4Lsr15 4Lsr13 3Ir14 4Lsr35 3Lr37	3Ir16	250	999991	exact
4Lsr15 4Lsr13 3Ir14 4Lsr35 3Lr38	4Ssr11	250	999989	exact
4Lsr15 4Lsr13 3Ir14 4Lsr35 4Lr14	4Ssr11	250	999989	exact
4Lsr15 4Lsr13 3Ir14 4Lsr35 4Lr27	3Ir16	250	999993	exact
4Lsr15 4Lsr13 3Ir14 4Lsr35 4Lr31	3Ir16	250	999991	exact
4Lsr15 4Lsr13 3Ir14 4Lsr35 4Lr35	4Ssr11	250	999989	exact
4Lsr15 4Lsr13 3Ir14 4Lsr35 4Lr37	3Ir16	250	999993	exact
4Lsr15 4Lsr13 3Ir14 4Lsr35 4Lr38	3Ir16	250	999991	exact
4Lsr15 4Lsr13 3Ir14 4Lsr35 4Lsr11	3Ir16	250	999991	exact
4Lsr15 4Lsr13 3Ir14 4Lsr35 4Lsr15	3Lr21	250	999991	exact
4Lsr15 4Lsr13 3Ir14 4Lsr35 4Lsr17	3Ir16	250	999993	exact
4Lsr15 4Lsr13 3Ir14 4Lsr35 4Lsr18	3Ir16	250	999993	exact
4Lsr15 4Lsr13 3Ir14 4Lsr35 4Lsr27	3Ir16	250	999993	exact
4Lsr15 4Lsr13 3Ir14 4Lsr35 4S2	3Ir14	250	999995	exact
4Lsr15 4Lsr13 3Ir14 4Lsr35 4Ssr11	3Ir16	250	999993	exact
4Lsr15 4Lsr13 3Ir14 4Lsr35 4Tr27	3Ir16	250	999991	exact
4Lsr15 4Lsr13 3Ir14 4Lsr35 4Tr32	3Ir16	250	999993	exact
4Lsr15 4Lsr13 3Ir15	4S4	17	999987	exact
4Lsr15 4Lsr13 3Ir15 4S4 11	3Ir15	250	999997	exact
4Lsr15 4Lsr13 3Ir15 4S4 12	3Ir15	250	999997	exact
4Lsr15 4Lsr13 3Ir15 4S4 13	3Ir15	250	999997	exact
4Lsr15 4Lsr13 3Ir15 4S4 14	3Ir15	250	999997	exact
4Lsr15 4Lsr13 3Ir15 4S4 15	4Ssr11	250	999987	exact
4Lsr15 4Lsr13 3Ir15 4S4 16	3Ir15	250	999997	exact
4Lsr15 4Lsr13 3Ir15 4S4 17	3Ir15	250	999997	exact
4Lsr15 4Lsr13 3Ir15 4S4 18	3Ir15	250	999997	exact
4Lsr15 4Lsr13 3Ir15 4S4 19	3Ir15	250	999997	exact
4Lsr15 4Lsr13 3Ir15 4S4 21	3Ir15	250	999997	exact
4Lsr15 4Lsr13 3Ir15 4S4 27	3Ir15	250	999997	exact
4Lsr15 4Lsr13 3Ir15 4S4 28	3Ir15	250	999997	exact
4Lsr15 4Lsr13 3Ir15 4S4 2r11	3Ir15	250	999997	exact
4Lsr15 4Lsr13 3Ir15 4S4 2r12	3Ir15	250	999997	exact
4Lsr15 4Lsr13 3Ir15 4S4 2r13	3Ir15	250	999997	exact
4Lsr15 4Lsr13 3Ir15 4S4 2r14	3Ir15	250	999997	exact
4Lsr15 4Lsr13 3Ir15 4S4 2r15	4Ssr11	250	999987	exact
4Lsr15 4Lsr13 3Ir15 4S4 2r16	3Ir15	250	999997	exact
4Lsr15 4Lsr13 3Ir15 4S4 2r17	3Ir15	250	999997	exact
4Lsr15 4Lsr13 3Ir15 4S4 2r18	3Ir15	250	999997	exact
4Lsr15 4Lsr13 3Ir15 4S4 2r19	3Ir15	250	999997	exact
4Lsr15 4Lsr13 3Ir15 4S4 3I7	3Ir15	250	999997	exact
4Lsr15 4Lsr13 3Ir15 4S4 3Ir11	3Ir15	250	999997	exact
4Lsr15 4Lsr13 3Ir15 4S4 3Ir12	3Ir15	250	999997	exact
4Lsr15 4Lsr13 3Ir15 4S4 3Ir13	3Ir15	250	999997	exact
4Lsr15 4Lsr13 3Ir15 4S4 3Ir14	3Ir15	250	999997	exact
4Lsr15 4Lsr13 3Ir15 4S4 3Ir15	4Ssr11	250	999987	exact
4Lsr15 4Lsr13 3Ir15 4S4 3Ir16	4Lr35	250	999997	exact
4Lsr15 4Lsr13 3Ir15 4S4 3Ir17	3Ir15	250	999997	exact
4Lsr15 4Lsr13 3Ir15 4S4 3Ir18	3Ir15	250	999997	exact
4Lsr15 4Lsr13 3Ir15 4S4 3Ir19	3Ir15	250	999997	exact
4Lsr15 4Lsr13 3Ir15 4S4 3L2	3Ir15	250	999997	exact
4Lsr15 4Lsr13 3Ir15 4S4 3L4	3Ir16	250	999987	exact
4Lsr15 4Lsr13 3Ir15 4S4 3Lr21	3Ir15	250	999997	exact
4Lsr15 4Lsr13 3Ir15 4S4 3Lr27	3Ir15	250	999997	exact
4Lsr15 4Lsr13 3Ir15 4S4 3Lr28	3Ir15	250	999997	exact
4Lsr15 4Lsr13 3Ir15 4S4 3Lr31	3Ir15	250	999997	exact
4Lsr15 4Lsr13 3Ir15 4S4 3Lr37	3Ir15	250	999997	exact
4Lsr15 4Lsr13 3Ir15 4S4 3Lr38	3Ir15	250	999997	exact
4Lsr15 4Lsr13 3Ir15 4S4 4Lr27	3Ir15	250	999997	exact
4Lsr15 4Lsr13 3Ir15 4S4 4Lr31	3Ir15	250	999997	exact
4Lsr15 4Lsr13 3Ir15 4S4 4Lr37	3Ir15	250	999997	exact
4Lsr15 4Lsr13 3Ir15 4S4 4Lr38	3Ir15	250	999997	exact
4Lsr15 4Lsr13 3Ir15 4S4 4Lsr11	3Ir15	250	999997	exact
4Lsr15 4Lsr13 3Ir15 4S4 4Lsr17	3Ir15	250	999997	exact
4Lsr15 4Lsr13 3Ir15 4S4 4Lsr18	3Ir15	250	999997	exact
4Lsr15 4Lsr13 3Ir15 4S4 4Lsr27	3Ir15	250	999997	exact
4Lsr15 4Lsr13 3Ir15 4S4 4S2	3Ir15	250	999997	exact
4Lsr15 4Lsr13 3Ir15 4S4 4S4	4Ssr11	250	999987	exact
4Lsr15 4Lsr13 3Ir15 4S4 4Ssr11	3Ir15	250	999997	exact
4Lsr15 4Lsr13 3Ir15 4S4 4Tr27	3Ir15	250	999997	exact
4Lsr15 4Lsr13 3Ir15 4S4 4Tr32	3Ir15	250	999997	exact
4Lsr15 4Lsr13 3Ir15 4S4 4Tr34	4Ssr11	250	999987	exact
4Lsr15 4Lsr13 3Ir16	16	21	-4438
4Lsr15 4Lsr13 3Ir17	3Ir14	15	999986	exact
4Lsr15 4Lsr13 3Ir17 3Ir14 11	3Ir14	250	999997	exact
4Lsr15 4Lsr13 3Ir17 3Ir14 12	3Ir14	250	999997	exact
4Lsr15 4Lsr13 3Ir17 3Ir14 13	3Ir14	250	999997	exact
4Lsr15 4Lsr13 3Ir17 3Ir14 14	4Lr36	250	999986	exact
4Lsr15 4Lsr13 3Ir17 3Ir14 15	3Ir14	250	999997	exact
4Lsr15 4Lsr13 3Ir17 3Ir14 16	3Ir14	250	999997	exact
4Lsr15 4Lsr13 3Ir17 3Ir14 17	3Ir14	250	999997	exact
4Lsr15 4Lsr13 3Ir17 3Ir14 18	3Ir14	250	999997	exact
4Lsr15 4Lsr13 3Ir17 3Ir14 19	3Ir14	250	999997	exact
4Lsr15 4Lsr13 3Ir17 3Ir14 21	3Ir14	250	999997	exact
4Lsr15 4Lsr13 3Ir17 3Ir14 26	3Ir14	250	999997	exact
4Lsr15 4Lsr13 3Ir17 3Ir14 28	3Ir14	250	999997	exact
4Lsr15 4Lsr13 3Ir17 3Ir14 2r11	3Ir14	250	999997	exact
4Lsr15 4Lsr13 3Ir17 3Ir14 2r12	3Ir14	250	999997	exact
4Lsr15 4Lsr13 3Ir17 3Ir14 2r13	3Ir14	250	999997	exact
4Lsr15 4Lsr13 3Ir17 3Ir14 2r14	4Lr36	250	999986	exact
4Lsr15 4Lsr13 3Ir17 3Ir14 2r15	3Ir14	250	999997	exact
4Lsr15 4Lsr13 3Ir17 3Ir14 2r16	3Ir14	250	999997	exact
4Lsr15 4Lsr13 3Ir17 3Ir14 2r17	3Ir14	250	999997	exact
4Lsr15 4Lsr13 3Ir17 3Ir14 2r18	3Ir14	250	999997	exact
4Lsr15 4Lsr13 3Ir17 3Ir14 2r19	3Ir14	250	999997	exact
4Lsr15 4Lsr13 3Ir17 3Ir14 3Ir11	3Ir14	250	999997	exact
4Lsr15 4Lsr13 3Ir17 3Ir14 3Ir12	3Ir14	250	999997	exact
4Lsr15 4Lsr13 3Ir17 3Ir14 3Ir13	3Ir14	250	999997	exact
4Lsr15 4Lsr13 3Ir17 3Ir14 3Ir14	4Lr36	250	999987	exact
4Lsr15 4Lsr13 3Ir17 3Ir14 3Ir15	3Ir14	250	999997	exact
4Lsr15 4Lsr13 3Ir17 3Ir14 3Ir16	3Ir14	250	999997	exact
4Lsr15 4Lsr13 3Ir17 3Ir14 3Ir17	3Ir14	250	999997	exact
4Lsr15 4Lsr13 3Ir17 3Ir14 3Ir18	3Ir14	250	999997	exact
4Lsr15 4Lsr13 3Ir17 3Ir14 3Ir19	3Ir14	250	999997	exact
4Lsr15 4Lsr13 3Ir17 3Ir14 3L2	3Ir14	250	999997	exact
4Lsr15 4Lsr13 3Ir17 3Ir14 3Lr21	3Ir14	250	999997	exact
4Lsr15 4Lsr13 3Ir17 3Ir14 3Lr26	3Ir14	250	999997	exact
4Lsr15 4Lsr13 3Ir17 3Ir14 3Lr28	3Ir14	250	999997	exact
4Lsr15 4Lsr13 3Ir17 3Ir14 3Lr31	3Ir14	250	999997	exact
4Lsr15 4Lsr13 3Ir17 3Ir14 3Lr36	3Ir14	250	999997	exact
4Lsr15 4Lsr13 3Ir17 3Ir14 3Lr38	3Ir14	250	999997	exact
4Lsr15 4Lsr13 3Ir17 3Ir14 4Lr31	3Ir14	250	999997	exact
4Lsr15 4Lsr13 3Ir17 3Ir14 4Lr36	3Ir14	250	999997	exact
4Lsr15 4Lsr13 3Ir17 3Ir14 4Lr38	3Ir14	250	999997	exact
4Lsr15 4Lsr13 3Ir17 3Ir14 4Lsr11	3Ir14	250	999997	exact
4Lsr15 4Lsr13 3Ir17 3Ir14 4Lsr16	3Ir14	250	999997	exact
4Lsr15 4Lsr13 3Ir17 3Ir14 4Lsr18	3Ir14	250	999997	exact
4Lsr15 4Lsr13 3Ir17 3Ir14 4Lsr35	3Ir14	250	999997	exact
4Lsr15 4Lsr13 3Ir17 3Ir14 4S2	3Ir14	250	999997	exact
4Lsr15 4Lsr13 3Ir17 3Ir14 4Ssr11	3Ir14	250	999997	exact
4Lsr15 4Lsr13 3Ir17 3Ir14 4Tr32	3Ir14	250	999997	exact
4Lsr15 4Lsr13 3Ir18	2r14	18	999984	exact
4Lsr15 4Lsr13 3Ir19	2r14	21	999980	exact
4Lsr15 4Lsr13 3Ir19 2r14 15	3Ir14	250	999982	exact
4Lsr15 4Lsr13 3L2	3Ir16	21	6976
4Lsr15 4Lsr13 3Lr21	4Lsr35	21	7146
4Lsr15 4Lsr13 3Lr27	4Lsr35	21	999981	exact
4Lsr15 4Lsr13 3Lr28	4Lsr35	20	7312
4Lsr15 4Lsr13 3Lr31	4Lsr35	22	7063
4Lsr15 4Lsr13 3Lr37	4Tr16	20	999984	exact
4Lsr15 4Lsr13 3Lr38	3Ir14	21	999979	exact
4Lsr15 4Lsr13 4Lr14	4Lr34	21	-4633
4Lsr15 4Lsr13 4Lr27	3Ir14	19	999982	exact
4Lsr15 4Lsr13 4Lr31	3Ir14	22	999979	exact
4Lsr15 4Lsr13 4Lr37	4Lr36	17	999989	exact
4Lsr15 4Lsr13 4Lr37 4Lr36 11	3Ir15	250	999989	exact
4Lsr15 4Lsr13 4Lr37 4Lr36 12	3Ir15	250	999989	exact
4Lsr15 4Lsr13 4Lr37 4Lr36 13	4Ss8	250	999989	exact
4Lsr15 4Lsr13 4Lr37 4Lr36 14	3Ir15	250	999989	exact
4Lsr15 4Lsr13 4Lr37 4Lr36 15	4Ss4	250	999989	exact
4Lsr15 4Lsr13 4Lr37 4Lr36 16	3Ir15	250	999989	exact
4Lsr15 4Lsr13 4Lr37 4Lr36 17	4Ss8	250	999989	exact
4Lsr15 4Lsr13 4Lr37 4Lr36 18	3Ir15	250	999989	exact
4Lsr15 4Lsr13 4Lr37 4Lr36 19	3Ir15	250	999989	exact
4Lsr15 4Lsr13 4Lr37 4Lr36 21	3Ir15	250	999989	exact
4Lsr15 4Lsr13 4Lr37 4Lr36 2r11	3Ir16	250	999989	exact
4Lsr15 4Lsr13 4Lr37 4Lr36 2r12	4Ss2	250	999989	exact
4Lsr15 4Lsr13 4Lr37 4Lr36 2r13	3Ir15	250	999989	exact
4Lsr15 4Lsr13 4Lr37 4Lr36 2r14	3Ir15	250	999989	exact
4Lsr15 4Lsr13 4Lr37 4Lr36 2r15	24	250	999989	exact
4Lsr15 4Lsr13 4Lr37 4Lr36 2r16	3Lr21	250	999989	exact
4Lsr15 4Lsr13 4Lr37 4Lr36 2r17	4Ss8	250	999989	exact
4Lsr15 4Lsr13 4Lr37 4Lr36 2r18	3Ir15	250	999989	exact
4Lsr15 4Lsr13 4Lr37 4Lr36 2r19	3Ir15	250	999989	exact
4Lsr15 4Lsr13 4Lr37 4Lr36 3Ir11	3Ir16	250	999989	exact
4Lsr15 4Lsr13 4Lr37 4Lr36 3Ir12	3Ir16	250	999995	exact
4Lsr15 4Lsr13 4Lr37 4Lr36 3Ir13	3Ir15	250	999989	exact
4Lsr15 4Lsr13 4Lr37 4Lr36 3Ir14	3Ir15	250	999989	exact
4Lsr15 4Lsr13 4Lr37 4Lr36 3Ir15	3Ir16	250	999995	exact
4Lsr15 4Lsr13 4Lr37 4Lr36 3Ir16	4Ssr11	250	999989	exact
4Lsr15 4Lsr13 4Lr37 4Lr36 3Ir17	4S6	250	999995	exact
4Lsr15 4Lsr13 4Lr37 4Lr36 3Ir18	3Ir15	250	999989	exact
4Lsr15 4Lsr13 4Lr37 4Lr36 3Ir19	3Ir16	250	999989	exact
4Lsr15 4Lsr13 4Lr37 4Lr36 3L2	4Ss8	250	999989	exact
4Lsr15 4Lsr13 4Lr37 4Lr36 3Lr18	3Ir15	250	999989	exact
4Lsr15 4Lsr13 4Lr37 4Lr36 3Lr21	3Ir16	250	999989	exact
4Lsr15 4Lsr13 4Lr37 4Lr36 3Lr31	3Ir15	250	999989	exact
4Lsr15 4Lsr13 4Lr37 4Lr36 4S2	3Ir16	250	999995	exact
4Lsr15 4Lsr13 4Lr37 4Lr36 4Ss8	3Ir15	250	999989	exact
4Lsr15 4Lsr13 4Lr37 4Lr36 4Ssr11	3Ir16	250	999989	exact
4Lsr15 4Lsr13 4Lr37 4Lr36 4Tr18	3Ir16	250	999995	exact
4Lsr15 4Lsr13 4Lr37 4Lr36 4Tr32	3Ir16	250	999989	exact
4Lsr15 4Lsr13 4Lr38	3Ir14	20	999981	exact
4Lsr15 4Lsr13 4Lsr11	3Ir14	21	999979	exact
4Lsr15 4Lsr13 4Lsr17	3Ir14	21	999980	exact
4Lsr15 4Lsr13 4Lsr18	3Ir14	21	999979	exact
4Lsr15 4Lsr13 4Lsr27	4Lsr35	19	999987	exact
4Lsr15 4Lsr13 4Lsr33	4Lsr35	21	999980	exact
4Lsr15 4Lsr13 4Lsr35	3Ir14	15	999987	exact
4Lsr15 4Lsr13 4Lsr35 3Ir14 11	3Ir14	250	999997	exact
4Lsr15 4Lsr13 4Lsr35 3Ir14 12	3Ir14	250	999997	exact
4Lsr15 4Lsr13 4Lsr35 3Ir14 13	3Ir14	250	999997	exact
4Lsr15 4Lsr13 4Lsr35 3Ir14 14	4Lsr15	250	999987	exact
4Lsr15 4Lsr13 4Lsr35 3Ir14 15	3Ir14	250	999997	exact
4Lsr15 4Lsr13 4Lsr35 3Ir14 16	3Ir14	250	999997	exact
4Lsr15 4Lsr13 4Lsr35 3Ir14 17	3Ir14	250	999997	exact
4Lsr15 4Lsr13 4Lsr35 3Ir14 18	3Ir14	250	999997	exact
4Lsr15 4Lsr13 4Lsr35 3Ir14 19	3Ir14	250	999997	exact
4Lsr15 4Lsr13 4Lsr35 3Ir14 21	3Ir14	250	999997	exact
4Lsr15 4Lsr13 4Lsr35 3Ir14 25	3Ir14	250	999997	exact
4Lsr15 4Lsr13 4Lsr35 3Ir14 27	3Ir14	250	999997	exact
4Lsr15 4Lsr13 4Lsr35 3Ir14 28	3Ir14	250	999997	exact
4Lsr15 4Lsr13 4Lsr35 3Ir14 2r11	3Ir14	250	999997	exact
4Lsr15 4Lsr13 4Lsr35 3Ir14 2r12	3Ir14	250	999997	exact
4Lsr15 4Lsr13 4Lsr35 3Ir14 2r13	3Ir14	250	999997	exact
4Lsr15 4Lsr13 4Lsr35 3Ir14 2r14	4Lsr15	250	999987	exact
4Lsr15 4Lsr13 4Lsr35 3Ir14 2r15	3Ir14	250	999997	exact
4Lsr15 4Lsr13 4Lsr35 3Ir14 2r16	3Ir14	250	999997	exact
4Lsr15 4Lsr13 4Lsr35 3Ir14 2r17	3Ir14	250	999997	exact
4Lsr15 4Lsr13 4Lsr35 3Ir14 2r18	3Ir14	250	999997	exact
4Lsr15 4Lsr13 4Lsr35 3Ir14 2r19	3Ir14	250	999997	exact
4Lsr15 4Lsr13 4Lsr35 3Ir14 3I7	3Ir14	250	999997	exact
4Lsr15 4Lsr13 4Lsr35 3Ir14 3Ir11	3Ir14	250	999997	exact
4Lsr15 4Lsr13 4Lsr35 3Ir14 3Ir12	3Ir14	250	999997	exact
4Lsr15 4Lsr13 4Lsr35 3Ir14 3Ir13	3Ir14	250	999997	exact
4Lsr15 4Lsr13 4Lsr35 3Ir14 3Ir14	4Lsr15	250	999987	exact
4Lsr15 4Lsr13 4Lsr35 3Ir14 3Ir15	4S4	250	999997	exact
4Lsr15 4Lsr13 4Lsr35 3Ir14 3Ir16	3Ir14	250	999997	exact
4Lsr15 4Lsr13 4Lsr35 3Ir14 3Ir17	3Ir14	250	999997	exact
4Lsr15 4Lsr13 4Lsr35 3Ir14 3Ir18	3Ir14	250	999997	exact
4Lsr15 4Lsr13 4Lsr35 3Ir14 3Ir19	3Ir14	250	999997	exact
4Lsr15 4Lsr13 4Lsr35 3Ir14 3L2	3Ir14	250	999997	exact
4Lsr15 4Lsr13 4Lsr35 3Ir14 3Lr21	3Ir14	250	999997	exact
4Lsr15 4Lsr13 4Lsr35 3Ir14 3Lr25	3Ir14	250	999997	exact
4Lsr15 4Lsr13 4Lsr35 3Ir14 3Lr27	3Ir14	250	999997	exact
4Lsr15 4Lsr13 4Lsr35 3Ir14 3Lr28	3Ir14	250	999997	exact
4Lsr15 4Lsr13 4Lsr35 3Ir14 3Lr31	3Ir14	250	999997	exact
4Lsr15 4Lsr13 4Lsr35 3Ir14 3Lr35	3Ir14	250	999997	exact
4Lsr15 4Lsr13 4Lsr35 3Ir14 3Lr37	3Ir14	250	999997	exact
4Lsr15 4Lsr13 4Lsr35 3Ir14 3Lr38	3Ir14	250	999997	exact
4Lsr15 4Lsr13 4Lsr35 3Ir14 4S2	3Ir14	250	999997	exact
4Lsr15 4Lsr13 4Lsr35 3Ir14 4Ssr11	3Ir14	250	999997	exact
4Lsr15 4Lsr13 4Lsr35 3Ir14 4Tr27	3Ir14	250	999997	exact
4Lsr15 4Lsr13 4Lsr35 3Ir14 4Tr32	3Ir14	250	999997	exact
4Lsr15 4Lsr13 4S2	3Ir14	23	999977	exact
4Lsr15 4Lsr13 4Ssr11	3Ir16	22	999982	exact
4Lsr15 4Lsr13 4Ssr11 3Ir16 3Lr28	3Ir16	250	999995	exact
4Lsr15 4Lsr13 4Tr27	3Ir14	21	999980	exact
4Lsr15 4Lsr13 4Tr32	3Ir14	23	0
