4Lsr14 11	4Sr11	18	999991	exact
4Lsr14 11 4Sr11 11	19	250	999991	exact
4Lsr14 11 4Sr11 12	3Ir15	250	999991	exact
4Lsr14 11 4Sr11 13	4Tr26	250	999991	exact
4Lsr14 11 4Sr11 14	3Ir15	250	999991	exact
4Lsr14 11 4Sr11 15	4Tr26	250	999993	exact
4Lsr14 11 4Sr11 16	4Tr16	250	999991	exact
4Lsr14 11 4Sr11 17	4Sr17	250	999995	exact
4Lsr14 11 4Sr11 18	4Ssr16	250	999995	exact
4Lsr14 11 4Sr11 19	3Ir15	250	999991	exact
4Lsr14 11 4Sr11 21	3Ir15	250	999991	exact
4Lsr14 11 4Sr11 23	4Tr26	250	999991	exact
4Lsr14 11 4Sr11 26	4Lsr16	250	999991	exact
4Lsr14 11 4Sr11 27	4Lr37	250	999991	exact
4Lsr14 11 4Sr11 28	3Ir15	250	999991	exact
4Lsr14 11 4Sr11 2r11	4Tr26	250	999991	exact
4Lsr14 11 4Sr11 2r12	4Lr38	250	999991	exact
4Lsr14 11 4Sr11 2r13	4Tr26	250	999993	exact
4Lsr14 11 4Sr11 2r14	4Tr26	250	999991	exact
4Lsr14 11 4Sr11 2r15	4Tr26	250	999993	exact
4Lsr14 11 4Sr11 2r16	4Tr15	250	999991	exact
4Lsr14 11 4Sr11 2r17	4Lsr36	250	999991	exact
4Lsr14 11 4Sr11 2r18	2r18	250	999991	exact
4Lsr14 11 4Sr11 2r19	2r19	250	999991	exact
4Lsr14 11 4Sr11 3I6	4Tr26	250	999995	exact
4Lsr14 11 4Sr11 3I7	3Ir15	250	999991	exact
4Lsr14 11 4Sr11 3Ir11	4Tr26	250	999991	exact
4Lsr14 11 4Sr11 3Ir12	4Lr38	250	999991	exact
4Lsr14 11 4Sr11 3Ir13	3Ir15	250	999991	exact
4Lsr14 11 4Sr11 3Ir14	4Tr26	250	999993	exact
4Lsr14 11 4Sr11 3Ir15	4Tr26	250	999991	exact
4Lsr14 11 4Sr11 3Ir16	3Ir16	250	999993	exact
4Lsr14 11 4Sr11 3Ir17	2r17	250	999991	exact
4Lsr14 11 4Sr11 3Ir18	2r18	250	999991	exact
4Lsr14 11 4Sr11 3Ir19	19	250	999991	exact
4Lsr14 11 4Sr11 3Lr12	3Ir15	250	999991	exact
4Lsr14 11 4Sr11 3Lr21	4Tr26	250	999991	exact
4Lsr14 11 4Sr11 3Lr23	3Ir15	250	999991	exact
4Lsr14 11 4Sr11 3Lr26	4Tr36	250	999993	exact
4Lsr14 11 4Sr11 3Lr27	4Tr37	250	999991	exact
4Lsr14 11 4Sr11 3Lr28	3Ir15	250	999991	exact
4Lsr14 11 4Sr11 3Lr31	4Lr38	250	999993	exact
4Lsr14 11 4Sr11 3Lr33	3Ir15	250	999991	exact
4Lsr14 11 4Sr11 3Lr36	3Ir15	250	999991	exact
4Lsr14 11 4Sr11 3Lr37	3Ir15	250	999991	exact
4Lsr14 11 4Sr11 3Lr38	3Ir15	250	999991	exact
4Lsr14 11 4Sr11 4Lr26	3Ir15	250	999991	exact
4Lsr14 11 4Sr11 4Lr27	4Ssr17	250	999995	exact
4Lsr14 11 4Sr11 4Lr31	4Tr26	250	999993	exact
4Lsr14 11 4Sr11 4Lr33	4Lr38	250	999991	exact
4Lsr14 11 4Sr11 4Lr36	4Lr16	250	999993	exact
4Lsr14 11 4Sr11 4Lr37	4Lr17	250	999993	exact
4Lsr14 11 4Sr11 4Lr38	4Lr18	250	999993	exact
4Lsr14 11 4Sr11 4Ls1	4Tr26	250	999993	exact
4Lsr14 11 4Sr11 4Lsr11	4Tr26	250	999993	exact
4Lsr14 11 4Sr11 4Lsr13	4Lsr16	250	999991	exact
4Lsr14 11 4Sr11 4Lsr16	4Lsr36	250	999993	exact
4Lsr14 11 4Sr11 4Lsr17	4Lsr37	250	999991	exact
4Lsr14 11 4Sr11 4Lsr18	4Lsr38	250	999991	exact
4Lsr14 11 4Sr11 4Lsr26	3Ir15	250	999993	exact
4Lsr14 11 4Sr11 4Lsr27	4Sr17	250	999995	exact
4Lsr14 11 4Sr11 4Lsr34	4Lsr16	250	999991	exact
4Lsr14 11 4Sr11 4Sr12	4Tr26	250	999993	exact
4Lsr14 11 4Sr11 4Ss2	4Lr38	250	999993	exact
4Lsr14 11 4Sr11 4Tr12	3Ir15	250	999991	exact
4Lsr14 11 4Sr11 4Tr26	4S6	250	999991	exact
4Lsr14 11 4Sr11 4Tr27	3Ir15	250	999991	exact
4Lsr14 12	4Tr12	18	999986	exact
4Lsr14 13	4Ssr11	14	999991	exact
4Lsr14 13 4Ssr11 11	3Ir15	250	999991	exact
4Lsr14 13 4Ssr11 12	3Ir15	250	999991	exact
4Lsr14 13 4Ssr11 13	3Ir15	250	999991	exact
4Lsr14 13 4Ssr11 14	4Tr26	250	999991	exact
4Lsr14 13 4Ssr11 15	4Tr26	250	999991	exact
4Lsr14 13 4Ssr11 16	3Ir15	250	999991	exact
4Lsr14 13 4Ssr11 17	3Ir15	250	999991	exact
4Lsr14 13 4Ssr11 18	3Ir15	250	999991	exact
4Lsr14 13 4Ssr11 19	3Ir15	250	999991	exact
4Lsr14 13 4Ssr11 22	3Ir15	250	999991	exact
4Lsr14 13 4Ssr11 26	4Lsr16	250	999993	exact
4Lsr14 13 4Ssr11 27	4Lsr17	250	999993	exact
4Lsr14 13 4Ssr11 28	4L7	250	999993	exact
4Lsr14 13 4Ssr11 2r11	3Ir15	250	999991	exact
4Lsr14 13 4Ssr11 2r12	3Ir15	250	999991	exact
4Lsr14 13 4Ssr11 2r13	3Ir15	250	999991	exact
4Lsr14 13 4Ssr11 2r14	4Lr38	250	999991	exact
4Lsr14 13 4Ssr11 2r15	4Tr26	250	999991	exact
4Lsr14 13 4Ssr11 2r16	4Lr16	250	999991	exact
4Lsr14 13 4Ssr11 2r17	4Lr17	250	999991	exact
4Lsr14 13 4Ssr11 2r18	4Lr18	250	999991	exact
4Lsr14 13 4Ssr11 2r19	4Lsr38	250	999991	exact
4Lsr14 13 4Ssr11 3I6	3Ir15	250	999991	exact
4Lsr14 13 4Ssr11 3I7	3Ir15	250	999991	exact
4Lsr14 13 4Ssr11 3Ir11	3Ir15	250	999991	exact
4Lsr14 13 4Ssr11 3Ir12	3Ir15	250	999991	exact
4Lsr14 13 4Ssr11 3Ir13	3Ir15	250	999991	exact
4Lsr14 13 4Ssr11 3Ir14	4Ss4	250	999991	exact
4Lsr14 13 4Ssr11 3Ir15	4Tr26	250	999991	exact
4Lsr14 13 4Ssr11 3Ir16	3Ir16	250	999993	exact
4Lsr14 13 4Ssr11 3Ir17	2r17	250	999991	exact
4Lsr14 13 4Ssr11 3Ir18	2r18	250	999991	exact
4Lsr14 13 4Ssr11 3Ir19	2r19	250	999991	exact
4Lsr14 13 4Ssr11 3L1	3Ir15	250	999991	exact
4Lsr14 13 4Ssr11 3Lr13	4Lr38	250	999991	exact
4Lsr14 13 4Ssr11 3Lr22	3Ir15	250	999991	exact
4Lsr14 13 4Ssr11 3Lr26	3Ir15	250	999991	exact
4Lsr14 13 4Ssr11 3Lr27	4Tr37	250	999991	exact
4Lsr14 13 4Ssr11 3Lr28	3Ir15	250	999991	exact
4Lsr14 13 4Ssr11 3Lr32	3Ir15	250	999991	exact
4Lsr14 13 4Ssr11 3Lr36	3Ir15	250	999991	exact
4Lsr14 13 4Ssr11 3Lr37	4Ss7	250	999991	exact
4Lsr14 13 4Ssr11 3Lr38	4Ss8	250	999991	exact
4Lsr14 13 4Ssr11 4L1	3Lr26	250	999991	exact
4Lsr14 13 4Ssr11 4Lr26	4Ssr16	250	999995	exact
4Lsr14 13 4Ssr11 4Lr27	4Ssr17	250	999995	exact
4Lsr14 13 4Ssr11 4Lr32	3Ir15	250	999991	exact
4Lsr14 13 4Ssr11 4Lr36	4Lr35	250	999991	exact
4Lsr14 13 4Ssr11 4Lr37	4Lr17	250	999991	exact
4Lsr14 13 4Ssr11 4Lr38	2r18	250	999991	exact
4Lsr14 13 4Ssr11 4Ls2	4Tr26	250	999991	exact
4Lsr14 13 4Ssr11 4Lsr12	3Ir15	250	999991	exact
4Lsr14 13 4Ssr11 4Lsr16	4Lsr36	250	999991	exact
4Lsr14 13 4Ssr11 4Lsr17	4Lsr37	250	999991	exact
4Lsr14 13 4Ssr11 4Lsr18	3Ir15	250	999991	exact
4Lsr14 13 4Ssr11 4Lsr26	3Ir15	250	999991	exact
4Lsr14 13 4Ssr11 4Lsr27	4Sr17	250	999995	exact
4Lsr14 13 4Ssr11 4Lsr34	4Tr26	250	999993	exact
4Lsr14 13 4Ssr11 4S1	4Tr26	250	999991	exact
4Lsr14 13 4Ssr11 4Ss3	4Lr38	250	999991	exact
4Lsr14 13 4Ssr11 4Tr13	4Tr26	250	999993	exact
4Lsr14 13 4Ssr11 4Tr26	4S6	250	999991	exact
4Lsr14 13 4Ssr11 4Tr27	4Tr37	250	999991	exact
4Lsr14 13 4Ssr11 4Tr31	3Ir15	250	999991	exact
4Lsr14 14	4Tr21	23	999991	exact
4Lsr14 15	4Tr27	22	10094
4Lsr14 16	3Ir15	17	999986	exact
4Lsr14 16 3Ir15 11	3Ir15	250	999997	exact
4Lsr14 16 3Ir15 12	3Ir15	250	999997	exact
4Lsr14 16 3Ir15 13	3Ir15	250	999997	exact
4Lsr14 16 3Ir15 14	3Ir15	250	999997	exact
4Lsr14 16 3Ir15 15	4Tr21	250	999986	exact
4Lsr14 16 3Ir15 16	3Ir15	250	999997	exact
4Lsr14 16 3Ir15 17	3Ir15	250	999997	exact
4Lsr14 16 3Ir15 18	3Ir15	250	999997	exact
4Lsr14 16 3Ir15 19	3Ir15	250	999997	exact
4Lsr14 16 3Ir15 21	3Ir15	250	999997	exact
4Lsr14 16 3Ir15 22	3Ir15	250	999997	exact
4Lsr14 16 3Ir15 27	3Ir15	250	999997	exact
4Lsr14 16 3Ir15 28	3Ir15	250	999997	exact
4Lsr14 16 3Ir15 2r11	3Ir15	250	999997	exact
4Lsr14 16 3Ir15 2r12	3Ir15	250	999997	exact
4Lsr14 16 3Ir15 2r13	3Ir15	250	999997	exact
4Lsr14 16 3Ir15 2r14	3Ir15	250	999997	exact
4Lsr14 16 3Ir15 2r15	4Tr21	250	999986	exact
4Lsr14 16 3Ir15 2r16	3Ir15	250	999997	exact
4Lsr14 16 3Ir15 2r17	3Ir15	250	999997	exact
4Lsr14 16 3Ir15 2r18	3Ir15	250	999997	exact
4Lsr14 16 3Ir15 2r19	3Ir15	250	999997	exact
4Lsr14 16 3Ir15 3I1	3Ir15	250	999997	exact
4Lsr14 16 3Ir15 3I7	3Ir15	250	999997	exact
4Lsr14 16 3Ir15 3Ir11	3Ir15	250	999997	exact
4Lsr14 16 3Ir15 3Ir12	3Ir15	250	999997	exact
4Lsr14 16 3Ir15 3Ir13	3Ir15	250	999997	exact
4Lsr14 16 3Ir15 3Ir14	3Ir15	250	999997	exact
4Lsr14 16 3Ir15 3Ir15	4Tr21	250	999986	exact
4Lsr14 16 3Ir15 3Ir16	3Ir15	250	999997	exact
4Lsr14 16 3Ir15 3Ir17	3Ir15	250	999997	exact
4Lsr14 16 3Ir15 3Ir18	3Ir15	250	999997	exact
4Lsr14 16 3Ir15 3Ir19	3Ir15	250	999997	exact
4Lsr14 16 3Ir15 3L3	3Ir15	250	999997	exact
4Lsr14 16 3Ir15 3Lr16	3Ir15	250	999997	exact
4Lsr14 16 3Ir15 3Lr21	3Ir15	250	999997	exact
4Lsr14 16 3Ir15 3Lr22	3Ir15	250	999997	exact
4Lsr14 16 3Ir15 3Lr27	3Ir15	250	999997	exact
4Lsr14 16 3Ir15 3Lr28	3Ir15	250	999997	exact
4Lsr14 16 3Ir15 3Lr31	3Ir15	250	999997	exact
4Lsr14 16 3Ir15 3Lr32	3Ir15	250	999997	exact
4Lsr14 16 3Ir15 3Lr37	3Ir15	250	999997	exact
4Lsr14 16 3Ir15 3Lr38	3Ir15	250	999997	exact
4Lsr14 16 3Ir15 4Lr21	3Ir15	250	999997	exact
4Lsr14 16 3Ir15 4Lr27	3Ir15	250	999997	exact
4Lsr14 16 3Ir15 4Lr31	3Ir15	250	999997	exact
4Lsr14 16 3Ir15 4Lr32	3Ir15	250	999997	exact
4Lsr14 16 3Ir15 4Lr37	3Ir15	250	999997	exact
4Lsr14 16 3Ir15 4Lr38	3Ir15	250	999997	exact
4Lsr14 16 3Ir15 4Lsr11	3Ir15	250	999997	exact
4Lsr14 16 3Ir15 4Lsr12	3Ir15	250	999997	exact
4Lsr14 16 3Ir15 4Lsr17	3Ir15	250	999997	exact
4Lsr14 16 3Ir15 4Lsr18	3Ir15	250	999997	exact
4Lsr14 16 3Ir15 4Lsr21	3Ir15	250	999997	exact
4Lsr14 16 3Ir15 4Lsr27	3Ir15	250	999997	exact
4Lsr14 16 3Ir15 4S3	3Ir15	250	999997	exact
4Lsr14 16 3Ir15 4Sr16	3Ir15	250	999997	exact
4Lsr14 16 3Ir15 4Ss6	3Ir15	250	999997	exact
4Lsr14 16 3Ir15 4Ssr12	3Ir15	250	999997	exact
4Lsr14 16 3Ir15 4Tr16	3Ir15	250	999997	exact
4Lsr14 16 3Ir15 4Tr21	3Ir15	250	999997	exact
4Lsr14 16 3Ir15 4Tr27	3Ir15	250	999997	exact
4Lsr14 16 3Ir15 4Tr33	3Ir15	250	999997	exact
4Lsr14 17	4S6	21	999986	exact
4Lsr14 18	4Ssr16	20	999986	exact
4Lsr14 19	4Ssr17	19	999987	exact
4Lsr14 19 4Ssr17 16	3Ir15	250	999987	exact
4Lsr14 19 4Ssr17 18	3Ir15	250	999987	exact
4Lsr14 19 4Ssr17 19	3Ir15	250	999987	exact
4Lsr14 19 4Ssr17 21	3Ir15	250	999987	exact
4Lsr14 19 4Ssr17 2r13	3Ir15	250	999987	exact
4Lsr14 19 4Ssr17 2r14	3Ir15	250	999987	exact
4Lsr14 19 4Ssr17 2r19	4Tr21	250	999987	exact
4Lsr14 19 4Ssr17 3Ir18	3Ir15	250	999987	exact
4Lsr14 19 4Ssr17 3Lr22	4Tr13	250	999987	exact
4Lsr14 19 4Ssr17 3Lr32	3Ir15	250	999987	exact
4Lsr14 19 4Ssr17 4L7	4Tr21	250	999991	exact
4Lsr14 19 4Ssr17 4Lr38	3Ir15	250	999987	exact
4Lsr14 19 4Ssr17 4Lsr12	4Lr13	250	999987	exact
4Lsr14 19 4Ssr17 4S3	3Ir15	250	999987	exact
4Lsr14 21	4Tr12	21	999985	exact
4Lsr14 22	3Ir15	21	999984	exact
4Lsr14 26	3Ir15	17	999985	exact
4Lsr14 26 3Ir15 11	3Ir15	250	999997	exact
4Lsr14 26 3Ir15 12	3Ir15	250	999997	exact
4Lsr14 26 3Ir15 13	3Ir15	250	999997	exact
4Lsr14 26 3Ir15 14	3Ir15	250	999997	exact
4Lsr14 26 3Ir15 15	4Tr21	250	999985	exact
4Lsr14 26 3Ir15 16	3Ir15	250	999997	exact
4Lsr14 26 3Ir15 17	3Ir15	250	999997	exact
4Lsr14 26 3Ir15 18	3Ir15	250	999997	exact
4Lsr14 26 3Ir15 19	3Ir15	250	999997	exact
4Lsr14 26 3Ir15 21	3Ir15	250	999997	exact
4Lsr14 26 3Ir15 22	3Ir15	250	999997	exact
4Lsr14 26 3Ir15 26	3Ir15	250	999997	exact
4Lsr14 26 3Ir15 28	3Ir15	250	999997	exact
4Lsr14 26 3Ir15 2r11	3Ir15	250	999997	exact
4Lsr14 26 3Ir15 2r12	3Ir15	250	999997	exact
4Lsr14 26 3Ir15 2r13	3Ir15	250	999997	exact
4Lsr14 26 3Ir15 2r14	3Ir15	250	999997	exact
4Lsr14 26 3Ir15 2r15	4Tr21	250	999985	exact
4Lsr14 26 3Ir15 2r16	3Ir15	250	999997	exact
4Lsr14 26 3Ir15 2r17	3Ir15	250	999997	exact
4Lsr14 26 3Ir15 2r18	3Ir15	250	999997	exact
4Lsr14 26 3Ir15 2r19	3Ir15	250	999997	exact
4Lsr14 26 3Ir15 3I1	3Ir15	250	999997	exact
4Lsr14 26 3Ir15 3Ir11	3Ir15	250	999997	exact
4Lsr14 26 3Ir15 3Ir12	3Ir15	250	999997	exact
4Lsr14 26 3Ir15 3Ir13	3Ir15	250	999997	exact
4Lsr14 26 3Ir15 3Ir14	3Ir15	250	999997	exact
4Lsr14 26 3Ir15 3Ir15	4Tr21	250	999985	exact
4Lsr14 26 3Ir15 3Ir16	3Ir15	250	999997	exact
4Lsr14 26 3Ir15 3Ir17	3Ir15	250	999997	exact
4Lsr14 26 3Ir15 3Ir18	3Ir15	250	999997	exact
4Lsr14 26 3Ir15 3Ir19	3Ir15	250	999997	exact
4Lsr14 26 3Ir15 3L3	3Ir15	250	999997	exact
4Lsr14 26 3Ir15 3Lr17	3Ir15	250	999997	exact
4Lsr14 26 3Ir15 3Lr21	3Ir15	250	999997	exact
4Lsr14 26 3Ir15 3Lr22	3Ir15	250	999997	exact
4Lsr14 26 3Ir15 3Lr26	3Ir15	250	999997	exact
4Lsr14 26 3Ir15 3Lr28	3Ir15	250	999997	exact
4Lsr14 26 3Ir15 3Lr31	3Ir15	250	999997	exact
4Lsr14 26 3Ir15 3Lr32	3Ir15	250	999997	exact
4Lsr14 26 3Ir15 3Lr36	3Ir15	250	999997	exact
4Lsr14 26 3Ir15 3Lr38	3Ir15	250	999997	exact
4Lsr14 26 3Ir15 4Lr21	3Ir15	250	999997	exact
4Lsr14 26 3Ir15 4Lr31	3Ir15	250	999997	exact
4Lsr14 26 3Ir15 4Lr32	3Ir15	250	999997	exact
4Lsr14 26 3Ir15 4Lr36	3Ir15	250	999997	exact
4Lsr14 26 3Ir15 4Lr38	3Ir15	250	999997	exact
4Lsr14 26 3Ir15 4Ls6	3Ir15	250	999997	exact
4Lsr14 26 3Ir15 4Lsr11	3Ir15	250	999997	exact
4Lsr14 26 3Ir15 4Lsr12	3Ir15	250	999997	exact
4Lsr14 26 3Ir15 4Lsr16	3Ir15	250	999997	exact
4Lsr14 26 3Ir15 4Lsr18	3Ir15	250	999997	exact
4Lsr14 26 3Ir15 4Lsr21	3Ir15	250	999997	exact
4Lsr14 26 3Ir15 4S3	3Ir15	250	999997	exact
4Lsr14 26 3Ir15 4Sr17	3Ir15	250	999997	exact
4Lsr14 26 3Ir15 4Ss7	3Ir15	250	999997	exact
4Lsr14 26 3Ir15 4Ssr12	3Ir15	250	999997	exact
4Lsr14 26 3Ir15 4Tr17	3Ir15	250	999997	exact
4Lsr14 26 3Ir15 4Tr21	3Ir15	250	999997	exact
4Lsr14 26 3Ir15 4Tr33	3Ir15	250	999997	exact
4Lsr14 27	3Ir15	22	999985	exact
4Lsr14 28	3Ir15	21	999986	exact
4Lsr14 2r11	3Ir15	20	999981	exact
4Lsr14 2r12	4Tr26	20	999982	exact
4Lsr14 2r13	4Ss3	21	999985	exact
4Lsr14 2r14	3Ir15	18	999987	exact
4Lsr14 2r14 3Ir15 11	3Ir15	250	999997	exact
4Lsr14 2r14 3Ir15 12	3Ir15	250	999997	exact
4Lsr14 2r14 3Ir15 13	3Ir15	250	999997	exact
4Lsr14 2r14 3Ir15 14	3Ir15	250	999997	exact
4Lsr14 2r14 3Ir15 15	4Tr21	250	999987	exact
4Lsr14 2r14 3Ir15 16	3Ir15	250	999997	exact
4Lsr14 2r14 3Ir15 17	3Ir15	250	999997	exact
4Lsr14 2r14 3Ir15 18	3Ir15	250	999997	exact
4Lsr14 2r14 3Ir15 19	3Ir15	250	999997	exact
4Lsr14 2r14 3Ir15 21	3Ir15	250	999997	exact
4Lsr14 2r14 3Ir15 22	3Ir15	250	999997	exact
4Lsr14 2r14 3Ir15 26	3Ir15	250	999997	exact
4Lsr14 2r14 3Ir15 27	3Ir15	250	999997	exact
4Lsr14 2r14 3Ir15 28	3Ir15	250	999997	exact
4Lsr14 2r14 3Ir15 2r11	3Ir15	250	999997	exact
4Lsr14 2r14 3Ir15 2r12	3Ir15	250	999997	exact
4Lsr14 2r14 3Ir15 2r13	3Ir15	250	999997	exact
4Lsr14 2r14 3Ir15 2r14	3Ir15	250	999997	exact
4Lsr14 2r14 3Ir15 2r15	4Tr21	250	999987	exact
4Lsr14 2r14 3Ir15 2r16	3Ir15	250	999997	exact
4Lsr14 2r14 3Ir15 2r17	3Ir15	250	999997	exact
4Lsr14 2r14 3Ir15 2r18	3Ir15	250	999997	exact
4Lsr14 2r14 3Ir15 2r19	3Ir15	250	999997	exact
4Lsr14 2r14 3Ir15 3I1	3Ir15	250	999997	exact
4Lsr14 2r14 3Ir15 3I6	3Ir15	250	999997	exact
4Lsr14 2r14 3Ir15 3I7	3Ir15	250	999997	exact
4Lsr14 2r14 3Ir15 3Ir11	3Ir15	250	999997	exact
4Lsr14 2r14 3Ir15 3Ir12	3Ir15	250	999997	exact
4Lsr14 2r14 3Ir15 3Ir13	3Ir15	250	999997	exact
4Lsr14 2r14 3Ir15 3Ir14	3Ir15	250	999997	exact
4Lsr14 2r14 3Ir15 3Ir15	4Tr21	250	999989	exact
4Lsr14 2r14 3Ir15 3Ir16	3Ir15	250	999997	exact
4Lsr14 2r14 3Ir15 3Ir17	3Ir15	250	999997	exact
4Lsr14 2r14 3Ir15 3Ir18	3Ir15	250	999997	exact
4Lsr14 2r14 3Ir15 3Ir19	3Ir15	250	999997	exact
4Lsr14 2r14 3Ir15 3Lr21	3Ir15	250	999997	exact
4Lsr14 2r14 3Ir15 3Lr22	3Ir15	250	999997	exact
4Lsr14 2r14 3Ir15 3Lr26	3Ir15	250	999997	exact
4Lsr14 2r14 3Ir15 3Lr27	3Ir15	250	999997	exact
4Lsr14 2r14 3Ir15 3Lr28	3Ir15	250	999997	exact
4Lsr14 2r14 3Ir15 3Lr31	3Ir15	250	999997	exact
4Lsr14 2r14 3Ir15 3Lr32	3Ir15	250	999997	exact
4Lsr14 2r14 3Ir15 3Lr36	3Ir15	250	999997	exact
4Lsr14 2r14 3Ir15 3Lr37	3Ir15	250	999997	exact
4Lsr14 2r14 3Ir15 3Lr38	3Ir15	250	999997	exact
4Lsr14 2r14 3Ir15 4Lr21	3Ir15	250	999997	exact
4Lsr14 2r14 3Ir15 4Lr26	3Ir15	250	999997	exact
4Lsr14 2r14 3Ir15 4Lr27	3Ir15	250	999997	exact
4Lsr14 2r14 3Ir15 4Lr31	3Ir15	250	999997	exact
4Lsr14 2r14 3Ir15 4Lr32	3Ir15	250	999997	exact
4Lsr14 2r14 3Ir15 4Lr36	3Ir15	250	999997	exact
4Lsr14 2r14 3Ir15 4Lr37	3Ir15	250	999997	exact
4Lsr14 2r14 3Ir15 4Lr38	3Ir15	250	999997	exact
4Lsr14 2r14 3Ir15 4Lsr11	3Ir15	250	999997	exact
4Lsr14 2r14 3Ir15 4Lsr12	3Ir15	250	999997	exact
4Lsr14 2r14 3Ir15 4Lsr16	3Ir15	250	999997	exact
4Lsr14 2r14 3Ir15 4Lsr17	3Ir15	250	999997	exact
4Lsr14 2r14 3Ir15 4Lsr18	3Ir15	250	999997	exact
4Lsr14 2r14 3Ir15 4Lsr21	3Ir15	250	999997	exact
4Lsr14 2r14 3Ir15 4Lsr26	3Ir15	250	999997	exact
4Lsr14 2r14 3Ir15 4Lsr27	3Ir15	250	999997	exact
4Lsr14 2r14 3Ir15 4Tr21	3Ir15	250	999997	exact
4Lsr14 2r14 3Ir15 4Tr26	3Ir15	250	999997	exact
4Lsr14 2r14 3Ir15 4Tr27	3Ir15	250	999997	exact
4Lsr14 2r15	4Tr33	21	8052
4Lsr14 2r16	3Ir15	21	999983	exact
4Lsr14 2r17	3Ir15	21	999981	exact
4Lsr14 2r18	4Tr21	20	999983	exact
4Lsr14 2r19	3Ir15	21	999983	exact
4Lsr14 3I1	3I1	13	999991	exact
4Lsr14 3I1 3I1 11	4Tr26	250	999993	exact
4Lsr14 3I1 3I1 12	4Tr26	250	999993	exact
4Lsr14 3I1 3I1 13	4Lsr16	250	999991	exact
4Lsr14 3I1 3I1 14	4Tr26	250	999993	exact
4Lsr14 3I1 3I1 15	4Lr38	250	999991	exact
4Lsr14 3I1 3I1 16	4Tr16	250	999993	exact
4Lsr14 3I1 3I1 17	4S6	250	999991	exact
4Lsr14 3I1 3I1 18	4Ss8	250	999991	exact
4Lsr14 3I1 3I1 19	4Tr38	250	999993	exact
4Lsr14 3I1 3I1 21	4Tr26	250	999993	exact
4Lsr14 3I1 3I1 22	4Lr38	250	999991	exact
4Lsr14 3I1 3I1 26	4Lsr16	250	999993	exact
4Lsr14 3I1 3I1 27	4Lr37	250	999991	exact
4Lsr14 3I1 3I1 28	4Tr37	250	999991	exact
4Lsr14 3I1 3I1 2r11	4Tr26	250	999993	exact
4Lsr14 3I1 3I1 2r12	4Lsr16	250	999991	exact
4Lsr14 3I1 3I1 2r13	4Tr26	250	999991	exact
4Lsr14 3I1 3I1 2r14	4Lsr16	250	999991	exact
4Lsr14 3I1 3I1 2r15	4Tr26	250	999991	exact
4Lsr14 3I1 3I1 2r16	4Lr16	250	999991	exact
4Lsr14 3I1 3I1 2r17	4Lr17	250	999991	exact
4Lsr14 3I1 3I1 2r18	4Lr18	250	999991	exact
4Lsr14 3I1 3I1 2r19	4Lsr38	250	999991	exact
4Lsr14 3I1 3I1 3I1	4Lr38	250	999991	exact
4Lsr14 3I1 3I1 3I6	4Lsr16	250	999993	exact
4Lsr14 3I1 3I1 3I7	4Lr38	250	999993	exact
4Lsr14 3I1 3I1 3Ir11	4Tr26	250	999993	exact
4Lsr14 3I1 3I1 3Ir12	4Tr26	250	999991	exact
4Lsr14 3I1 3I1 3Ir13	4Lsr16	250	999991	exact
4Lsr14 3I1 3I1 3Ir14	4Lsr16	250	999991	exact
4Lsr14 3I1 3I1 3Ir15	4Lsr16	250	999991	exact
4Lsr14 3I1 3I1 3Ir16	4Lr35	250	999991	exact
4Lsr14 3I1 3I1 3Ir17	2r17	250	999991	exact
4Lsr14 3I1 3I1 3Ir18	2r18	250	999993	exact
4Lsr14 3I1 3I1 3Ir19	2r19	250	999991	exact
4Lsr14 3I1 3I1 3Lr13	4Lsr16	250	999991	exact
4Lsr14 3I1 3I1 3Lr21	4Lr38	250	999991	exact
4Lsr14 3I1 3I1 3Lr22	4Lsr16	250	999991	exact
4Lsr14 3I1 3I1 3Lr26	4S6	250	999991	exact
4Lsr14 3I1 3I1 3Lr27	4Tr37	250	999991	exact
4Lsr14 3I1 3I1 3Lr28	4Tr38	250	999993	exact
4Lsr14 3I1 3I1 3Lr31	4Tr26	250	999993	exact
4Lsr14 3I1 3I1 3Lr32	4Tr26	250	999993	exact
4Lsr14 3I1 3I1 3Lr36	4Tr16	250	999993	exact
4Lsr14 3I1 3I1 3Lr37	4Ss7	250	999991	exact
4Lsr14 3I1 3I1 3Lr38	4Ss8	250	999991	exact
4Lsr14 3I1 3I1 4Lr21	4Lsr16	250	999991	exact
4Lsr14 3I1 3I1 4Lr26	4Ssr16	250	999991	exact
4Lsr14 3I1 3I1 4Lr27	4Ssr17	250	999991	exact
4Lsr14 3I1 3I1 4Lr31	4Lsr16	250	999991	exact
4Lsr14 3I1 3I1 4Lr32	4Lsr16	250	999991	exact
4Lsr14 3I1 3I1 4Lr36	4Lr35	250	999991	exact
4Lsr14 3I1 3I1 4Lr37	4Lr17	250	999991	exact
4Lsr14 3I1 3I1 4Lr38	4Lr18	250	999991	exact
4Lsr14 3I1 3I1 4Ls2	4Lsr16	250	999991	exact
4Lsr14 3I1 3I1 4Lsr11	4Lsr16	250	999991	exact
4Lsr14 3I1 3I1 4Lsr12	4Lr38	250	999991	exact
4Lsr14 3I1 3I1 4Lsr16	4Lsr36	250	999991	exact
4Lsr14 3I1 3I1 4Lsr17	4Lsr37	250	999991	exact
4Lsr14 3I1 3I1 4Lsr18	4Lsr38	250	999991	exact
4Lsr14 3I1 3I1 4Lsr21	4Lr38	250	999991	exact
4Lsr14 3I1 3I1 4Lsr26	4Tr16	250	999991	exact
4Lsr14 3I1 3I1 4Lsr27	4Sr17	250	999995	exact
4Lsr14 3I1 3I1 4Lsr34	4Tr26	250	999991	exact
4Lsr14 3I1 3I1 4Ss3	4Tr26	250	999991	exact
4Lsr14 3I1 3I1 4Tr13	4Lsr16	250	999991	exact
4Lsr14 3I1 3I1 4Tr21	4Tr26	250	999991	exact
4Lsr14 3I1 3I1 4Tr26	4S6	250	999991	exact
4Lsr14 3I1 3I1 4Tr27	4Tr37	250	999991	exact
4Lsr14 3I6	3Ir15	15	999989	exact
4Lsr14 3I6 3Ir15 3Lr31	3Ir15	250	999997	exact
4Lsr14 3I7	4Tr27	20	999987	exact
4Lsr14 3I7 4Tr27 13	3Ir15	250	999993	exact
4Lsr14 3I7 4Tr27 14	4Tr21	250	999995	exact
4Lsr14 3I7 4Tr27 19	4Tr21	250	999995	exact
4Lsr14 3I7 4Tr27 2r11	3Ir15	250	999987	exact
4Lsr14 3I7 4Tr27 2r15	4Tr21	250	999995	exact
4Lsr14 3I7 4Tr27 3Ir13	4Lr13	250	999989	exact
4Lsr14 3I7 4Tr27 3Ir19	4Tr21	250	999995	exact
4Lsr14 3I7 4Tr27 4Ss8	4Tr21	250	999995	exact
4Lsr14 3I7 4Tr27 4Ssr12	3Ir15	250	999987	exact
4Lsr14 3I7 4Tr27 4Tr18	4Tr21	250	999995	exact
4Lsr14 3I7 4Tr27 4Tr21	3Ir15	250	999987	exact
4Lsr14 3Ir11	3Ir15	20	9923
4Lsr14 3Ir12	3Ir15	20	9870
4Lsr14 3Ir13	3Ir15	21	999981	exact
4Lsr14 3Ir14	4Tr21	11	999991	exact
4Lsr14 3Ir14 4Tr21 11	4Tr26	250	999991	exact
4Lsr14 3Ir14 4Tr21 12	4Tr26	250	999991	exact
4Lsr14 3Ir14 4Tr21 13	4Tr26	250	999993	exact
4Lsr14 3Ir14 4Tr21 14	4Tr26	250	999993	exact
4Lsr14 3Ir14 4Tr21 15	4Lr38	250	999993	exact
4Lsr14 3Ir14 4Tr21 16	4Ss6	250	999993	exact
4Lsr14 3Ir14 4Tr21 17	4Ss4	250	999991	exact
4Lsr14 3Ir14 4Tr21 18	3Ir15	250	999993	exact
4Lsr14 3Ir14 4Tr21 19	4Tr38	250	999991	exact
4Lsr14 3Ir14 4Tr21 26	3Ir15	250	999991	exact
4Lsr14 3Ir14 4Tr21 27	3Ir15	250	999991	exact
4Lsr14 3Ir14 4Tr21 28	3Ir15	250	999991	exact
4Lsr14 3Ir14 4Tr21 2r11	3Ir15	250	999991	exact
4Lsr14 3Ir14 4Tr21 2r12	4Lr38	250	999993	exact
4Lsr14 3Ir14 4Tr21 2r13	3Ir14	250	999991	exact
4Lsr14 3Ir14 4Tr21 2r14	4Lr38	250	999993	exact
4Lsr14 3Ir14 4Tr21 2r15	4Lsr16	250	999991	exact
4Lsr14 3Ir14 4Tr21 2r16	4Lr16	250	999991	exact
4Lsr14 3Ir14 4Tr21 2r17	3Ir14	250	999991	exact
4Lsr14 3Ir14 4Tr21 2r18	4Ss4	250	999991	exact
4Lsr14 3Ir14 4Tr21 2r19	4Ss4	250	999991	exact
4Lsr14 3Ir14 4Tr21 3I6	4Lsr16	250	999993	exact
4Lsr14 3Ir14 4Tr21 3I7	4Ss4	250	999993	exact
4Lsr14 3Ir14 4Tr21 3Ir11	3Ir14	250	999991	exact
4Lsr14 3Ir14 4Tr21 3Ir12	4Lr38	250	999993	exact
4Lsr14 3Ir14 4Tr21 3Ir13	3Lr14	250	999991	exact
4Lsr14 3Ir14 4Tr21 3Ir14	4Lr38	250	999993	exact
4Lsr14 3Ir14 4Tr21 3Ir15	3Ir16	250	999991	exact
4Lsr14 3Ir14 4Tr21 3Ir16	4Ss4	250	999991	exact
4Lsr14 3Ir14 4Tr21 3Ir17	3Ir17	250	999991	exact
4Lsr14 3Ir14 4Tr21 3Ir18	4Ss4	250	999991	exact
4Lsr14 3Ir14 4Tr21 3Ir19	3Ir19	250	999991	exact
4Lsr14 3Ir14 4Tr21 3L1	3Lr14	250	999991	exact
4Lsr14 3Ir14 4Tr21 3Lr12	4Ss4	250	999991	exact
4Lsr14 3Ir14 4Tr21 3Lr14	4Lr38	250	999993	exact
4Lsr14 3Ir14 4Tr21 3Lr26	4S6	250	999991	exact
4Lsr14 3Ir14 4Tr21 3Lr27	4Ss4	250	999991	exact
4Lsr14 3Ir14 4Tr21 3Lr28	4S8	250	999993	exact
4Lsr14 3Ir14 4Tr21 3Lr36	4Ss6	250	999993	exact
4Lsr14 3Ir14 4Tr21 3Lr37	4Ss7	250	999993	exact
4Lsr14 3Ir14 4Tr21 3Lr38	4Ss8	250	999993	exact
4Lsr14 3Ir14 4Tr21 4Lr26	4Tr14	250	999993	exact
4Lsr14 3Ir14 4Tr21 4Lr27	4Ss4	250	999993	exact
4Lsr14 3Ir14 4Tr21 4Lr36	4Lr35	250	999991	exact
4Lsr14 3Ir14 4Tr21 4Lr37	4Lr17	250	999993	exact
4Lsr14 3Ir14 4Tr21 4Lr38	4Lr18	250	999993	exact
4Lsr14 3Ir14 4Tr21 4Lsr16	4Lsr36	250	999993	exact
4Lsr14 3Ir14 4Tr21 4Lsr17	4Lsr37	250	999991	exact
4Lsr14 3Ir14 4Tr21 4Lsr18	3Ir15	250	999991	exact
4Lsr14 3Ir14 4Tr21 4Lsr26	4Ss4	250	999991	exact
4Lsr14 3Ir14 4Tr21 4Lsr27	4Sr17	250	999995	exact
4Lsr14 3Ir14 4Tr21 4S1	4Tr14	250	999991	exact
4Lsr14 3Ir14 4Tr21 4Ss2	4Lr38	250	999993	exact
4Lsr14 3Ir14 4Tr21 4Ss4	4Tr26	250	999993	exact
4Lsr14 3Ir14 4Tr21 4Tr12	4Tr26	250	999993	exact
4Lsr14 3Ir14 4Tr21 4Tr14	4Tr26	250	999993	exact
4Lsr14 3Ir14 4Tr21 4Tr26	4Ss4	250	999991	exact
4Lsr14 3Ir14 4Tr21 4Tr27	4S7	250	999993	exact
4Lsr14 3Ir14 4Tr21 4Tr31	4Tr26	250	999993	exact
4Lsr14 3Ir15	3Ir14	22	5632
4Lsr14 3Ir16	4Lr35	19	999989	exact
4Lsr14 3Ir16 4Lr35 11	3Ir15	250	999997	exact
4Lsr14 3Ir16 4Lr35 12	3Ir15	250	999997	exact
4Lsr14 3Ir16 4Lr35 13	3Ir15	250	999997	exact
4Lsr14 3Ir16 4Lr35 14	4Tr21	250	999989	exact
4Lsr14 3Ir16 4Lr35 16	4Tr21	250	999989	exact
4Lsr14 3Ir16 4Lr35 17	4Tr21	250	999989	exact
4Lsr14 3Ir16 4Lr35 21	3Ir15	250	999997	exact
4Lsr14 3Ir16 4Lr35 22	3Ir15	250	999997	exact
4Lsr14 3Ir16 4Lr35 27	4Tr21	250	999989	exact
4Lsr14 3Ir16 4Lr35 28	4Tr21	250	999989	exact
4Lsr14 3Ir16 4Lr35 2r11	3Ir15	250	999997	exact
4Lsr14 3Ir16 4Lr35 2r12	3Ir15	250	999997	exact
4Lsr14 3Ir16 4Lr35 2r13	3Ir15	250	999997	exact
4Lsr14 3Ir16 4Lr35 2r14	4Tr21	250	999989	exact
4Lsr14 3Ir16 4Lr35 2r16	3Ir16	250	999997	exact
4Lsr14 3Ir16 4Lr35 2r17	4Tr21	250	999989	exact
4Lsr14 3Ir16 4Lr35 2r18	3Ir15	250	999997	exact
4Lsr14 3Ir16 4Lr35 2r19	3Ir15	250	999997	exact
4Lsr14 3Ir16 4Lr35 3I1	3Ir15	250	999997	exact
4Lsr14 3Ir16 4Lr35 3Ir11	3Ir15	250	999997	exact
4Lsr14 3Ir16 4Lr35 3Ir14	4Tr21	250	999989	exact
4Lsr14 3Ir16 4Lr35 3Ir15	4Tr21	250	999989	exact
4Lsr14 3Ir16 4Lr35 3Ir16	4Tr21	250	999989	exact
4Lsr14 3Ir16 4Lr35 3Ir18	4Tr21	250	999989	exact
4Lsr14 3Ir16 4Lr35 3Ir19	3Ir15	250	999997	exact
4Lsr14 3Ir16 4Lr35 3L3	3Ir15	250	999997	exact
4Lsr14 3Ir16 4Lr35 3Lr21	3Ir15	250	999997	exact
4Lsr14 3Ir16 4Lr35 3Lr22	3Ir15	250	999997	exact
4Lsr14 3Ir16 4Lr35 3Lr28	4Tr21	250	999989	exact
4Lsr14 3Ir16 4Lr35 3Lr31	3Ir15	250	999997	exact
4Lsr14 3Ir16 4Lr35 3Lr32	3Ir15	250	999997	exact
4Lsr14 3Ir16 4Lr35 3Lr37	4Tr21	250	999989	exact
4Lsr14 3Ir16 4Lr35 3Lr38	3Ir15	250	999997	exact
4Lsr14 3Ir16 4Lr35 4Lr15	4Tr21	250	999989	exact
4Lsr14 3Ir16 4Lr35 4Lr21	3Ir15	250	999997	exact
4Lsr14 3Ir16 4Lr35 4Lr27	3Ir15	250	999997	exact
4Lsr14 3Ir16 4Lr35 4Lr31	3Ir15	250	999997	exact
4Lsr14 3Ir16 4Lr35 4Lr32	3Ir15	250	999997	exact
4Lsr14 3Ir16 4Lr35 4Lr37	3Ir15	250	999997	exact
4Lsr14 3Ir16 4Lr35 4Lr38	3Ir15	250	999997	exact
4Lsr14 3Ir16 4Lr35 4Lsr11	3Ir15	250	999997	exact
4Lsr14 3Ir16 4Lr35 4Lsr12	3Ir15	250	999997	exact
4Lsr14 3Ir16 4Lr35 4Lsr17	3Ir15	250	999997	exact
4Lsr14 3Ir16 4Lr35 4Lsr27	4Tr21	250	999989	exact
4Lsr14 3Ir16 4Lr35 4Ssr12	3Ir15	250	999997	exact
4Lsr14 3Ir16 4Lr35 4Tr21	3Ir15	250	999997	exact
4Lsr14 3Ir16 4Lr35 4Tr27	3Ir15	250	999997	exact
4Lsr14 3Ir16 4Lr35 4Tr33	3Ir15	250	999997	exact
4Lsr14 3Ir17	3Ir15	22	999983	exact
4Lsr14 3Ir18	3Ir15	20	999983	exact
4Lsr14 3Ir19	3Ir15	21	8990
4Lsr14 3L3	4S4	21	10613
4Lsr14 3Lr21	3Ir15	19	999982	exact
4Lsr14 3Lr22	4Ss3	21	999981	exact
4Lsr14 3Lr26	4S6	19	999987	exact
4Lsr14 3Lr27	3Ir15	21	9935
4Lsr14 3Lr28	3Ir15	21	10539
4Lsr14 3Lr31	3Ir15	20	999985	exact
4Lsr14 3Lr32	4Tr12	19	999983	exact
4Lsr14 3Lr32 4Tr12 12	4Lsr16	250	999986	exact
4Lsr14 3Lr32 4Tr12 28	4S2	250	999987	exact
4Lsr14 3Lr36	4Tr16	19	999987	exact
4Lsr14 3Lr37	3Ir15	22	999982	exact
4Lsr14 3Lr38	3Ir15	20	10234
4Lsr14 4Lr21	3Ir15	21	999983	exact
4Lsr14 4Lr26	4Ssr16	18	999987	exact
4Lsr14 4Lr27	4Ssr17	20	999987	exact
4Lsr14 4Lr31	3Ir15	22	8438
4Lsr14 4Lr32	4Lr12	21	6589
4Lsr14 4Lr36	4Lsr15	15	999989	exact
4Lsr14 4Lr36 4Lsr15 11	3Ir16	250	999997	exact
4Lsr14 4Lr36 4Lsr15 12	3Ir16	250	999997	exact
4Lsr14 4Lr36 4Lsr15 13	3Ir16	250	999997	exact
4Lsr14 4Lr36 4Lsr15 14	3Ir16	250	999997	exact
4Lsr14 4Lr36 4Lsr15 15	3Ir16	250	999997	exact
4Lsr14 4Lr36 4Lsr15 16	3I1	250	999989	exact
4Lsr14 4Lr36 4Lsr15 17	3Ir16	250	999997	exact
4Lsr14 4Lr36 4Lsr15 18	3Ir16	250	999997	exact
4Lsr14 4Lr36 4Lsr15 19	3Ir16	250	999997	exact
4Lsr14 4Lr36 4Lsr15 21	3Ir16	250	999997	exact
4Lsr14 4Lr36 4Lsr15 22	3Ir16	250	999997	exact
4Lsr14 4Lr36 4Lsr15 28	3Ir16	250	999997	exact
4Lsr14 4Lr36 4Lsr15 2r11	3Ir16	250	999997	exact
4Lsr14 4Lr36 4Lsr15 2r12	3Ir16	250	999997	exact
4Lsr14 4Lr36 4Lsr15 2r13	3Ir16	250	999997	exact
4Lsr14 4Lr36 4Lsr15 2r14	3Ir16	250	999997	exact
4Lsr14 4Lr36 4Lsr15 2r15	3Ir16	250	999997	exact
4Lsr14 4Lr36 4Lsr15 2r16	4Tr21	250	999989	exact
4Lsr14 4Lr36 4Lsr15 2r17	3Ir16	250	999997	exact
4Lsr14 4Lr36 4Lsr15 2r18	3Ir16	250	999997	exact
4Lsr14 4Lr36 4Lsr15 2r19	3Ir16	250	999997	exact
4Lsr14 4Lr36 4Lsr15 3I1	3Ir16	250	999997	exact
4Lsr14 4Lr36 4Lsr15 3Ir11	3Ir16	250	999997	exact
4Lsr14 4Lr36 4Lsr15 3Ir12	3Ir16	250	999997	exact
4Lsr14 4Lr36 4Lsr15 3Ir13	3Ir16	250	999997	exact
4Lsr14 4Lr36 4Lsr15 3Ir14	3Ir16	250	999997	exact
4Lsr14 4Lr36 4Lsr15 3Ir15	3Ir16	250	999997	exact
4Lsr14 4Lr36 4Lsr15 3Ir16	4Tr21	250	999989	exact
4Lsr14 4Lr36 4Lsr15 3Ir17	3Ir16	250	999997	exact
4Lsr14 4Lr36 4Lsr15 3Ir18	3Ir16	250	999997	exact
4Lsr14 4Lr36 4Lsr15 3Ir19	3Ir16	250	999997	exact
4Lsr14 4Lr36 4Lsr15 3L3	3Ir16	250	999997	exact
4Lsr14 4Lr36 4Lsr15 3Lr17	3Ir16	250	999997	exact
4Lsr14 4Lr36 4Lsr15 3Lr21	3Ir16	250	999997	exact
4Lsr14 4Lr36 4Lsr15 3Lr22	3Ir16	250	999997	exact
4Lsr14 4Lr36 4Lsr15 3Lr28	3Ir16	250	999997	exact
4Lsr14 4Lr36 4Lsr15 3Lr31	3Ir16	250	999997	exact
4Lsr14 4Lr36 4Lsr15 3Lr32	3Ir16	250	999997	exact
4Lsr14 4Lr36 4Lsr15 3Lr38	3Ir16	250	999997	exact
4Lsr14 4Lr36 4Lsr15 4Lr21	3Ir16	250	999997	exact
4Lsr14 4Lr36 4Lsr15 4Lr31	3Ir16	250	999997	exact
4Lsr14 4Lr36 4Lsr15 4Lr32	3Ir16	250	999997	exact
4Lsr14 4Lr36 4Lsr15 4Lr38	3Ir16	250	999997	exact
4Lsr14 4Lr36 4Lsr15 4Lsr11	3Ir16	250	999997	exact
4Lsr14 4Lr36 4Lsr15 4Lsr12	3Ir16	250	999997	exact
4Lsr14 4Lr36 4Lsr15 4Lsr18	3Ir16	250	999997	exact
4Lsr14 4Lr36 4Lsr15 4Lsr21	3Ir16	250	999997	exact
4Lsr14 4Lr36 4Lsr15 4Lsr35	4Tr21	250	999989	exact
4Lsr14 4Lr36 4Lsr15 4S3	3Ir16	250	999997	exact
4Lsr14 4Lr36 4Lsr15 4Sr17	3Ir16	250	999997	exact
4Lsr14 4Lr36 4Lsr15 4Ss7	3Ir16	250	999997	exact
4Lsr14 4Lr36 4Lsr15 4Ssr12	3Ir16	250	999997	exact
4Lsr14 4Lr36 4Lsr15 4Tr17	3Ir16	250	999997	exact
4Lsr14 4Lr36 4Lsr15 4Tr21	3Ir16	250	999997	exact
4Lsr14 4Lr36 4Lsr15 4Tr33	3Ir16	250	999997	exact
4Lsr14 4Lr37	3Ir17	21	6680
4Lsr14 4Lr38	3Ir15	22	6512
4Lsr14 4Lsr11	3Ir15	22	5795
4Lsr14 4Lsr12	3Ir15	22	5981
4Lsr14 4Lsr16	4Lsr36	21	8832
4Lsr14 4Lsr17	4Lsr37	21	6557
4Lsr14 4Lsr18	3Ir15	22	6156
4Lsr14 4Lsr21	4Sr11	19	999987	exact
4Lsr14 4Lsr26	4Sr16	19	999989	exact
4Lsr14 4Lsr27	3Ir15	21	999984	exact
4Lsr14 4Lsr34	4Tr21	13	999991	exact
4Lsr14 4Lsr34 4Tr21 11	4Lsr16	250	999991	exact
4Lsr14 4Lsr34 4Tr21 12	4Lsr16	250	999991	exact
4Lsr14 4Lsr34 4Tr21 13	4Tr26	250	999993	exact
4Lsr14 4Lsr34 4Tr21 14	4Lsr16	250	999991	exact
4Lsr14 4Lsr34 4Tr21 15	4Tr26	250	999993	exact
4Lsr14 4Lsr34 4Tr21 16	4Ss6	250	999993	exact
4Lsr14 4Lsr34 4Tr21 17	4S6	250	999991	exact
4Lsr14 4Lsr34 4Tr21 18	4Tr18	250	999991	exact
4Lsr14 4Lsr34 4Tr21 19	4Tr38	250	999991	exact
4Lsr14 4Lsr34 4Tr21 24	4Tr26	250	999991	exact
4Lsr14 4Lsr34 4Tr21 26	4Lsr16	250	999991	exact
4Lsr14 4Lsr34 4Tr21 27	4Lsr17	250	999991	exact
4Lsr14 4Lsr34 4Tr21 28	4L7	250	999991	exact
4Lsr14 4Lsr34 4Tr21 2r11	4Tr26	250	999991	exact
4Lsr14 4Lsr34 4Tr21 2r12	4Lsr16	250	999991	exact
4Lsr14 4Lsr34 4Tr21 2r13	4Lsr16	250	999991	exact
4Lsr14 4Lsr34 4Tr21 2r14	4Lsr16	250	999991	exact
4Lsr14 4Lsr34 4Tr21 2r15	4Lsr16	250	999991	exact
4Lsr14 4Lsr34 4Tr21 2r16	4Lr16	250	999991	exact
4Lsr14 4Lsr34 4Tr21 2r17	4Lsr36	250	999991	exact
4Lsr14 4Lsr34 4Tr21 2r18	4Lr18	250	999991	exact
4Lsr14 4Lsr34 4Tr21 2r19	4Lsr38	250	999991	exact
4Lsr14 4Lsr34 4Tr21 3I6	4Tr26	250	999993	exact
4Lsr14 4Lsr34 4Tr21 3I7	4Tr27	250	999993	exact
4Lsr14 4Lsr34 4Tr21 3Ir11	4Lsr16	250	999991	exact
4Lsr14 4Lsr34 4Tr21 3Ir12	4Lsr16	250	999991	exact
4Lsr14 4Lsr34 4Tr21 3Ir13	4Lsr16	250	999991	exact
4Lsr14 4Lsr34 4Tr21 3Ir14	4Lsr16	250	999991	exact
4Lsr14 4Lsr34 4Tr21 3Ir15	4Lsr16	250	999991	exact
4Lsr14 4Lsr34 4Tr21 3Ir16	4Tr15	250	999991	exact
4Lsr14 4Lsr34 4Tr21 3Ir17	17	250	999991	exact
4Lsr14 4Lsr34 4Tr21 3Ir18	2r18	250	999991	exact
4Lsr14 4Lsr34 4Tr21 3Ir19	2r19	250	999991	exact
4Lsr14 4Lsr34 4Tr21 3L1	4Lsr16	250	999991	exact
4Lsr14 4Lsr34 4Tr21 3Lr12	4Lsr16	250	999991	exact
4Lsr14 4Lsr34 4Tr21 3Lr24	4Lsr16	250	999991	exact
4Lsr14 4Lsr34 4Tr21 3Lr26	4S6	250	999991	exact
4Lsr14 4Lsr34 4Tr21 3Lr27	4S7	250	999991	exact
4Lsr14 4Lsr34 4Tr21 3Lr28	4Tr38	250	999991	exact
4Lsr14 4Lsr34 4Tr21 3Lr34	4Lsr16	250	999991	exact
4Lsr14 4Lsr34 4Tr21 3Lr36	4Ss6	250	999993	exact
4Lsr14 4Lsr34 4Tr21 3Lr37	4Ss7	250	999993	exact
4Lsr14 4Lsr34 4Tr21 3Lr38	4Tr18	250	999993	exact
4Lsr14 4Lsr34 4Tr21 4Lr26	4Ssr16	250	999993	exact
4Lsr14 4Lsr34 4Tr21 4Lr27	4Ssr17	250	999995	exact
4Lsr14 4Lsr34 4Tr21 4Lr34	4Lr26	250	999991	exact
4Lsr14 4Lsr34 4Tr21 4Lr36	4Tr15	250	999991	exact
4Lsr14 4Lsr34 4Tr21 4Lr37	4Lr17	250	999991	exact
4Lsr14 4Lsr34 4Tr21 4Lr38	4Lr18	250	999993	exact
4Lsr14 4Lsr34 4Tr21 4Lsr14	4Lsr16	250	999991	exact
4Lsr14 4Lsr34 4Tr21 4Lsr16	4Lsr36	250	999991	exact
4Lsr14 4Lsr34 4Tr21 4Lsr17	4Lsr37	250	999991	exact
4Lsr14 4Lsr34 4Tr21 4Lsr18	4Lsr38	250	999993	exact
4Lsr14 4Lsr34 4Tr21 4Lsr26	4Ss6	250	999991	exact
4Lsr14 4Lsr34 4Tr21 4Lsr27	4Sr17	250	999995	exact
4Lsr14 4Lsr34 4Tr21 4S1	4Lsr16	250	999991	exact
4Lsr14 4Lsr34 4Tr21 4Ss2	4Lsr16	250	999991	exact
4Lsr14 4Lsr34 4Tr21 4Tr12	4Lsr16	250	999991	exact
4Lsr14 4Lsr34 4Tr21 4Tr26	4S6	250	999991	exact
4Lsr14 4Lsr34 4Tr21 4Tr27	4S7	250	999993	exact
4Lsr14 4Lsr34 4Tr21 4Tr31	4Lsr16	250	999991	exact
4Lsr14 4S3	4Lr34	22	999984	exact
4Lsr14 4Ssr12	4S4	19	999984	exact
4Lsr14 4Tr21	4Sr12	20	999987	exact
4Lsr14 4Tr26	4Tr36	20	999985	exact
4Lsr14 4Tr27	4Tr21	21	999980	exact
4Lsr14 4Tr33	4Ss3	20	999983	exact
4Lsr14 4Tr33 4Ss3 4Lr37	3Ir13	250	999985	exact
4Lsr14	3Ir15	23	-5632
