4Lsr15 4Lsr13 4Lr14 4Lr34 3Ir13 11	4Tr27	10	999993	exact
4Lsr15 4Lsr13 4Lr14 4Lr34 3Ir13 11 4Tr27 11	2r13	250	999993	exact
4Lsr15 4Lsr13 4Lr14 4Lr34 3Ir13 11 4Tr27 12	2r13	250	999993	exact
4Lsr15 4Lsr13 4Lr14 4Lr34 3Ir13 11 4Tr27 13	4Tr11	250	999997	exact
4Lsr15 4Lsr13 4Lr14 4Lr34 3Ir13 11 4Tr27 14	2r13	250	999993	exact
4Lsr15 4Lsr13 4Lr14 4Lr34 3Ir13 11 4Tr27 15	2r13	250	999995	exact
4Lsr15 4Lsr13 4Lr14 4Lr34 3Ir13 11 4Tr27 16	2r13	250	999993	exact
4Lsr15 4Lsr13 4Lr14 4Lr34 3Ir13 11 4Tr27 17	2r13	250	999993	exact
4Lsr15 4Lsr13 4Lr14 4Lr34 3Ir13 11 4Tr27 18	2r13	250	999993	exact
4Lsr15 4Lsr13 4Lr14 4Lr34 3Ir13 11 4Tr27 19	2r13	250	999993	exact
4Lsr15 4Lsr13 4Lr14 4Lr34 3Ir13 11 4Tr27 2r11	2r13	250	999993	exact
4Lsr15 4Lsr13 4Lr14 4Lr34 3Ir13 11 4Tr27 2r12	3Ir13	250	999993	exact
4Lsr15 4Lsr13 4Lr14 4Lr34 3Ir13 11 4Tr27 2r13	3Lr11	250	999997	exact
4Lsr15 4Lsr13 4Lr14 4Lr34 3Ir13 11 4Tr27 2r14	3Lr11	250	999997	exact
4Lsr15 4Lsr13 4Lr14 4Lr34 3Ir13 11 4Tr27 2r15	3Lr11	250	999997	exact
4Lsr15 4Lsr13 4Lr14 4Lr34 3Ir13 11 4Tr27 2r16	3Ir13	250	999995	exact
4Lsr15 4Lsr13 4Lr14 4Lr34 3Ir13 11 4Tr27 2r17	2r13	250	999993	exact
4Lsr15 4Lsr13 4Lr14 4Lr34 3Ir13 11 4Tr27 2r18	3Lr11	250	999997	exact
4Lsr15 4Lsr13 4Lr14 4Lr34 3Ir13 11 4Tr27 2r19	3Lr11	250	999997	exact
4Lsr15 4Lsr13 4Lr14 4Lr34 3Ir13 11 4Tr27 3Ir11	2r11	250	999993	exact
4Lsr15 4Lsr13 4Lr14 4Lr34 3Ir13 11 4Tr27 3Ir12	4S2	250	999995	exact
4Lsr15 4Lsr13 4Lr14 4Lr34 3Ir13 11 4Tr27 3Ir13	3Lr11	250	999997	exact
4Lsr15 4Lsr13 4Lr14 4Lr34 3Ir13 11 4Tr27 3Ir15	3Lr11	250	999997	exact
4Lsr15 4Lsr13 4Lr14 4Lr34 3Ir13 11 4Tr27 3Ir16	3Lr11	250	999997	exact
4Lsr15 4Lsr13 4Lr14 4Lr34 3Ir13 11 4Tr27 3Ir17	3Lr11	250	999997	exact
4Lsr15 4Lsr13 4Lr14 4Lr34 3Ir13 11 4Tr27 3Ir18	3Lr11	250	999997	exact
4Lsr15 4Lsr13 4Lr14 4Lr34 3Ir13 11 4Tr27 3Ir19	3Lr11	250	999997	exact
4Lsr15 4Lsr13 4Lr14 4Lr34 3Ir13 11 4Tr27 3L7	2r13	250	999995	exact
4Lsr15 4Lsr13 4Lr14 4Lr34 3Ir13 11 4Tr27 3Lr11	3Ir13	250	999993	exact
4Lsr15 4Lsr13 4Lr14 4Lr34 3Ir13 11 4Tr27 3Lr18	3Ir13	250	999995	exact
4Lsr15 4Lsr13 4Lr14 4Lr34 3Ir13 11 4Tr27 4S7	2r13	250	999993	exact
4Lsr15 4Lsr13 4Lr14 4Lr34 3Ir13 11 4Tr27 4Ss1	3Lr11	250	999997	exact
4Lsr15 4Lsr13 4Lr14 4Lr34 3Ir13 11 4Tr27 4Ss8	2r13	250	999993	exact
4Lsr15 4Lsr13 4Lr14 4Lr34 3Ir13 11 4Tr27 4Tr11	3L1	250	999997	exact
4Lsr15 4Lsr13 4Lr14 4Lr34 3Ir13 11 4Tr27 4Tr18	4Tr11	250	999997	exact
4Lsr15 4Lsr13 4Lr14 4Lr34 3Ir13 11 4Tr27 4Tr37	4Tr11	250	999997	exact
4Lsr15 4Lsr13 4Lr14 4Lr34 3Ir13 12	4Tr27	11	999993	exact
4Lsr15 4Lsr13 4Lr14 4Lr34 3Ir13 12 4Tr27 11	13	250	999993	exact
4Lsr15 4Lsr13 4Lr14 4Lr34 3Ir13 12 4Tr27 12	2r13	250	999993	exact
4Lsr15 4Lsr13 4Lr14 4Lr34 3Ir13 12 4Tr27 13	4Tr31	250	999997	exact
4Lsr15 4Lsr13 4Lr14 4Lr34 3Ir13 12 4Tr27 14	2r13	250	999995	exact
4Lsr15 4Lsr13 4Lr14 4Lr34 3Ir13 12 4Tr27 15	13	250	999993	exact
4Lsr15 4Lsr13 4Lr14 4Lr34 3Ir13 12 4Tr27 16	13	250	999993	exact
4Lsr15 4Lsr13 4Lr14 4Lr34 3Ir13 12 4Tr27 17	3L1	250	999997	exact
4Lsr15 4Lsr13 4Lr14 4Lr34 3Ir13 12 4Tr27 18	13	250	999993	exact
4Lsr15 4Lsr13 4Lr14 4Lr34 3Ir13 12 4Tr27 19	13	250	999993	exact
4Lsr15 4Lsr13 4Lr14 4Lr34 3Ir13 12 4Tr27 2r11	4Tr11	250	999997	exact
4Lsr15 4Lsr13 4Lr14 4Lr34 3Ir13 12 4Tr27 2r12	4S2	250	999993	exact
4Lsr15 4Lsr13 4Lr14 4Lr34 3Ir13 12 4Tr27 2r13	3L1	250	999997	exact
4Lsr15 4Lsr13 4Lr14 4Lr34 3Ir13 12 4Tr27 2r14	3L1	250	999997	exact
4Lsr15 4Lsr13 4Lr14 4Lr34 3Ir13 12 4Tr27 2r15	3L1	250	999997	exact
4Lsr15 4Lsr13 4Lr14 4Lr34 3Ir13 12 4Tr27 2r16	3L1	250	999997	exact
4Lsr15 4Lsr13 4Lr14 4Lr34 3Ir13 12 4Tr27 2r17	3L1	250	999997	exact
4Lsr15 4Lsr13 4Lr14 4Lr34 3Ir13 12 4Tr27 2r18	3L1	250	999997	exact
4Lsr15 4Lsr13 4Lr14 4Lr34 3Ir13 12 4Tr27 2r19	3L1	250	999997	exact
4Lsr15 4Lsr13 4Lr14 4Lr34 3Ir13 12 4Tr27 3Ir11	3Ir11	250	999995	exact
4Lsr15 4Lsr13 4Lr14 4Lr34 3Ir13 12 4Tr27 3Ir12	3Lr22	250	999993	exact
4Lsr15 4Lsr13 4Lr14 4Lr34 3Ir13 12 4Tr27 3Ir13	3L1	250	999997	exact
4Lsr15 4Lsr13 4Lr14 4Lr34 3Ir13 12 4Tr27 3Ir15	3L1	250	999997	exact
4Lsr15 4Lsr13 4Lr14 4Lr34 3Ir13 12 4Tr27 3Ir16	3L1	250	999997	exact
4Lsr15 4Lsr13 4Lr14 4Lr34 3Ir13 12 4Tr27 3Ir17	3L1	250	999997	exact
4Lsr15 4Lsr13 4Lr14 4Lr34 3Ir13 12 4Tr27 3Ir18	3L1	250	999997	exact
4Lsr15 4Lsr13 4Lr14 4Lr34 3Ir13 12 4Tr27 3Ir19	3L1	250	999997	exact
4Lsr15 4Lsr13 4Lr14 4Lr34 3Ir13 12 4Tr27 3L1	21	250	999997	exact
4Lsr15 4Lsr13 4Lr14 4Lr34 3Ir13 12 4Tr27 3L7	3L1	250	999997	exact
4Lsr15 4Lsr13 4Lr14 4Lr34 3Ir13 12 4Tr27 3Lr18	3L1	250	999997	exact
4Lsr15 4Lsr13 4Lr14 4Lr34 3Ir13 12 4Tr27 4S1	3L1	250	999997	exact
4Lsr15 4Lsr13 4Lr14 4Lr34 3Ir13 12 4Tr27 4S7	3L1	250	999997	exact
4Lsr15 4Lsr13 4Lr14 4Lr34 3Ir13 12 4Tr27 4Ss8	3L1	250	999997	exact
4Lsr15 4Lsr13 4Lr14 4Lr34 3Ir13 12 4Tr27 4Tr18	3L1	250	999997	exact
4Lsr15 4Lsr13 4Lr14 4Lr34 3Ir13 12 4Tr27 4Tr31	3Lr11	250	999997	exact
4Lsr15 4Lsr13 4Lr14 4Lr34 3Ir13 12 4Tr27 4Tr37	3L1	250	999997	exact
4Lsr15 4Lsr13 4Lr14 4Lr34 3Ir13 13	4Tr27	6	999995	exact
4Lsr15 4Lsr13 4Lr14 4Lr34 3Ir13 13 4Tr27 11	4Ss1	250	999997	exact
4Lsr15 4Lsr13 4Lr14 4Lr34 3Ir13 13 4Tr27 12	4S1	250	999997	exact
4Lsr15 4Lsr13 4Lr14 4Lr34 3Ir13 13 4Tr27 13	3Lr21	250	999997	exact
4Lsr15 4Lsr13 4Lr14 4Lr34 3Ir13 13 4Tr27 14	3Lr21	250	999997	exact
4Lsr15 4Lsr13 4Lr14 4Lr34 3Ir13 13 4Tr27 15	3Lr21	250	999997	exact
4Lsr15 4Lsr13 4Lr14 4Lr34 3Ir13 13 4Tr27 16	3Lr21	250	999997	exact
4Lsr15 4Lsr13 4Lr14 4Lr34 3Ir13 13 4Tr27 17	3Lr21	250	999997	exact
4Lsr15 4Lsr13 4Lr14 4Lr34 3Ir13 13 4Tr27 18	3Lr21	250	999997	exact
4Lsr15 4Lsr13 4Lr14 4Lr34 3Ir13 13 4Tr27 19	3Lr21	250	999997	exact
4Lsr15 4Lsr13 4Lr14 4Lr34 3Ir13 13 4Tr27 21	3Lr21	250	999997	exact
4Lsr15 4Lsr13 4Lr14 4Lr34 3Ir13 13 4Tr27 2r11	3Ir11	250	999995	exact
4Lsr15 4Lsr13 4Lr14 4Lr34 3Ir13 13 4Tr27 2r12	3Ir12	250	999995	exact
4Lsr15 4Lsr13 4Lr14 4Lr34 3Ir13 13 4Tr27 2r13	3Lr21	250	999997	exact
4Lsr15 4Lsr13 4Lr14 4Lr34 3Ir13 13 4Tr27 2r14	3Lr21	250	999997	exact
4Lsr15 4Lsr13 4Lr14 4Lr34 3Ir13 13 4Tr27 2r15	3Lr21	250	999997	exact
4Lsr15 4Lsr13 4Lr14 4Lr34 3Ir13 13 4Tr27 2r16	2r12	250	999995	exact
4Lsr15 4Lsr13 4Lr14 4Lr34 3Ir13 13 4Tr27 2r17	3Lr21	250	999997	exact
4Lsr15 4Lsr13 4Lr14 4Lr34 3Ir13 13 4Tr27 2r18	3Lr21	250	999997	exact
4Lsr15 4Lsr13 4Lr14 4Lr34 3Ir13 13 4Tr27 2r19	3Lr21	250	999997	exact
4Lsr15 4Lsr13 4Lr14 4Lr34 3Ir13 13 4Tr27 3Ir11	11	250	999995	exact
4Lsr15 4Lsr13 4Lr14 4Lr34 3Ir13 13 4Tr27 3Ir12	2r12	250	999995	exact
4Lsr15 4Lsr13 4Lr14 4Lr34 3Ir13 13 4Tr27 3Ir13	3Lr21	250	999997	exact
4Lsr15 4Lsr13 4Lr14 4Lr34 3Ir13 13 4Tr27 3Ir15	3Lr21	250	999997	exact
4Lsr15 4Lsr13 4Lr14 4Lr34 3Ir13 13 4Tr27 3Ir16	3Lr21	250	999997	exact
4Lsr15 4Lsr13 4Lr14 4Lr34 3Ir13 13 4Tr27 3Ir17	3Lr21	250	999997	exact
4Lsr15 4Lsr13 4Lr14 4Lr34 3Ir13 13 4Tr27 3Ir18	2r12	250	999995	exact
4Lsr15 4Lsr13 4Lr14 4Lr34 3Ir13 13 4Tr27 3Ir19	3Lr21	250	999997	exact
4Lsr15 4Lsr13 4Lr14 4Lr34 3Ir13 13 4Tr27 3L7	3Lr21	250	999997	exact
4Lsr15 4Lsr13 4Lr14 4Lr34 3Ir13 13 4Tr27 3Lr18	3Lr21	250	999997	exact
4Lsr15 4Lsr13 4Lr14 4Lr34 3Ir13 13 4Tr27 3Lr21	4S1	250	999997	exact
4Lsr15 4Lsr13 4Lr14 4Lr34 3Ir13 13 4Tr27 3Lr31	4Ss1	250	999997	exact
4Lsr15 4Lsr13 4Lr14 4Lr34 3Ir13 13 4Tr27 4S7	3Lr21	250	999997	exact
4Lsr15 4Lsr13 4Lr14 4Lr34 3Ir13 13 4Tr27 4Ss8	3Lr21	250	999997	exact
4Lsr15 4Lsr13 4Lr14 4Lr34 3Ir13 13 4Tr27 4Tr18	3Lr21	250	999997	exact
4Lsr15 4Lsr13 4Lr14 4Lr34 3Ir13 13 4Tr27 4Tr37	3Lr21	250	999997	exact
4Lsr15 4Lsr13 4Lr14 4Lr34 3Ir13 14	4Tr27	6	999995	exact
4Lsr15 4Lsr13 4Lr14 4Lr34 3Ir13 14 4Tr27 11	4Ss1	250	999997	exact
4Lsr15 4Lsr13 4Lr14 4Lr34 3Ir13 14 4Tr27 12	4Tr31	250	999997	exact
4Lsr15 4Lsr13 4Lr14 4Lr34 3Ir13 14 4Tr27 13	21	250	999997	exact
4Lsr15 4Lsr13 4Lr14 4Lr34 3Ir13 14 4Tr27 14	3Lr21	250	999997	exact
4Lsr15 4Lsr13 4Lr14 4Lr34 3Ir13 14 4Tr27 15	3Lr21	250	999997	exact
4Lsr15 4Lsr13 4Lr14 4Lr34 3Ir13 14 4Tr27 16	21	250	999997	exact
4Lsr15 4Lsr13 4Lr14 4Lr34 3Ir13 14 4Tr27 17	3Lr21	250	999997	exact
4Lsr15 4Lsr13 4Lr14 4Lr34 3Ir13 14 4Tr27 18	3Lr21	250	999997	exact
4Lsr15 4Lsr13 4Lr14 4Lr34 3Ir13 14 4Tr27 19	3Lr21	250	999997	exact
4Lsr15 4Lsr13 4Lr14 4Lr34 3Ir13 14 4Tr27 21	21	250	999997	exact
4Lsr15 4Lsr13 4Lr14 4Lr34 3Ir13 14 4Tr27 2r11	3Ir11	250	999995	exact
4Lsr15 4Lsr13 4Lr14 4Lr34 3Ir13 14 4Tr27 2r12	3Ir12	250	999995	exact
4Lsr15 4Lsr13 4Lr14 4Lr34 3Ir13 14 4Tr27 2r13	21	250	999997	exact
4Lsr15 4Lsr13 4Lr14 4Lr34 3Ir13 14 4Tr27 2r15	21	250	999997	exact
4Lsr15 4Lsr13 4Lr14 4Lr34 3Ir13 14 4Tr27 2r16	21	250	999997	exact
4Lsr15 4Lsr13 4Lr14 4Lr34 3Ir13 14 4Tr27 2r17	3Lr21	250	999997	exact
4Lsr15 4Lsr13 4Lr14 4Lr34 3Ir13 14 4Tr27 2r18	21	250	999997	exact
4Lsr15 4Lsr13 4Lr14 4Lr34 3Ir13 14 4Tr27 2r19	21	250	999997	exact
4Lsr15 4Lsr13 4Lr14 4Lr34 3Ir13 14 4Tr27 3Ir11	2r11	250	999995	exact
4Lsr15 4Lsr13 4Lr14 4Lr34 3Ir13 14 4Tr27 3Ir12	4S2	250	999995	exact
4Lsr15 4Lsr13 4Lr14 4Lr34 3Ir13 14 4Tr27 3Ir13	21	250	999997	exact
4Lsr15 4Lsr13 4Lr14 4Lr34 3Ir13 14 4Tr27 3Ir15	21	250	999997	exact
4Lsr15 4Lsr13 4Lr14 4Lr34 3Ir13 14 4Tr27 3Ir16	21	250	999997	exact
4Lsr15 4Lsr13 4Lr14 4Lr34 3Ir13 14 4Tr27 3Ir17	21	250	999997	exact
4Lsr15 4Lsr13 4Lr14 4Lr34 3Ir13 14 4Tr27 3Ir18	21	250	999997	exact
4Lsr15 4Lsr13 4Lr14 4Lr34 3Ir13 14 4Tr27 3Ir19	21	250	999997	exact
4Lsr15 4Lsr13 4Lr14 4Lr34 3Ir13 14 4Tr27 3L7	21	250	999997	exact
4Lsr15 4Lsr13 4Lr14 4Lr34 3Ir13 14 4Tr27 3Lr18	21	250	999997	exact
4Lsr15 4Lsr13 4Lr14 4Lr34 3Ir13 14 4Tr27 3Lr21	3L1	250	999997	exact
4Lsr15 4Lsr13 4Lr14 4Lr34 3Ir13 14 4Tr27 3Lr31	3Lr11	250	999997	exact
4Lsr15 4Lsr13 4Lr14 4Lr34 3Ir13 14 4Tr27 4S7	21	250	999997	exact
4Lsr15 4Lsr13 4Lr14 4Lr34 3Ir13 14 4Tr27 4Ss8	21	250	999997	exact
4Lsr15 4Lsr13 4Lr14 4Lr34 3Ir13 14 4Tr27 4Tr18	21	250	999997	exact
4Lsr15 4Lsr13 4Lr14 4Lr34 3Ir13 14 4Tr27 4Tr37	21	250	999997	exact
4Lsr15 4Lsr13 4Lr14 4Lr34 3Ir13 15	4Ss4	3	999997	exact
4Lsr15 4Lsr13 4Lr14 4Lr34 3Ir13 15 4Ss4 11	3Ir16	250	999997	exact
4Lsr15 4Lsr13 4Lr14 4Lr34 3Ir13 15 4Ss4 12	3Ir16	250	999997	exact
4Lsr15 4Lsr13 4Lr14 4Lr34 3Ir13 15 4Ss4 13	3Ir16	250	999997	exact
4Lsr15 4Lsr13 4Lr14 4Lr34 3Ir13 15 4Ss4 15	3Ir16	250	999997	exact
4Lsr15 4Lsr13 4Lr14 4Lr34 3Ir13 15 4Ss4 16	3Ir16	250	999997	exact
4Lsr15 4Lsr13 4Lr14 4Lr34 3Ir13 15 4Ss4 17	3Ir16	250	999997	exact
4Lsr15 4Lsr13 4Lr14 4Lr34 3Ir13 15 4Ss4 18	3Ir16	250	999997	exact
4Lsr15 4Lsr13 4Lr14 4Lr34 3Ir13 15 4Ss4 19	3Ir16	250	999997	exact
4Lsr15 4Lsr13 4Lr14 4Lr34 3Ir13 15 4Ss4 21	3Ir13	250	999997	exact
4Lsr15 4Lsr13 4Lr14 4Lr34 3Ir13 15 4Ss4 27	3Ir13	250	999997	exact
4Lsr15 4Lsr13 4Lr14 4Lr34 3Ir13 15 4Ss4 28	3Ir13	250	999997	exact
4Lsr15 4Lsr13 4Lr14 4Lr34 3Ir13 15 4Ss4 2r11	3Ir13	250	999997	exact
4Lsr15 4Lsr13 4Lr14 4Lr34 3Ir13 15 4Ss4 2r12	3Ir13	250	999997	exact
4Lsr15 4Lsr13 4Lr14 4Lr34 3Ir13 15 4Ss4 2r13	3Ir16	250	999997	exact
4Lsr15 4Lsr13 4Lr14 4Lr34 3Ir13 15 4Ss4 2r16	3Ir13	250	999997	exact
4Lsr15 4Lsr13 4Lr14 4Lr34 3Ir13 15 4Ss4 2r17	3Ir13	250	999997	exact
4Lsr15 4Lsr13 4Lr14 4Lr34 3Ir13 15 4Ss4 2r18	3Ir13	250	999997	exact
4Lsr15 4Lsr13 4Lr14 4Lr34 3Ir13 15 4Ss4 2r19	3Ir13	250	999997	exact
4Lsr15 4Lsr13 4Lr14 4Lr34 3Ir13 15 4Ss4 3I7	3Ir16	250	999997	exact
4Lsr15 4Lsr13 4Lr14 4Lr34 3Ir13 15 4Ss4 3Ir11	3Ir13	250	999997	exact
4Lsr15 4Lsr13 4Lr14 4Lr34 3Ir13 15 4Ss4 3Ir12	3Ir13	250	999997	exact
4Lsr15 4Lsr13 4Lr14 4Lr34 3Ir13 15 4Ss4 3Ir13	3Ir16	250	999997	exact
4Lsr15 4Lsr13 4Lr14 4Lr34 3Ir13 15 4Ss4 3Ir16	3Ir13	250	999997	exact
4Lsr15 4Lsr13 4Lr14 4Lr34 3Ir13 15 4Ss4 3Ir17	3Ir16	250	999997	exact
4Lsr15 4Lsr13 4Lr14 4Lr34 3Ir13 15 4Ss4 3Ir18	3Ir13	250	999997	exact
4Lsr15 4Lsr13 4Lr14 4Lr34 3Ir13 15 4Ss4 3Ir19	3Ir13	250	999997	exact
4Lsr15 4Lsr13 4Lr14 4Lr34 3Ir13 15 4Ss4 3Lr21	3Ir13	250	999997	exact
4Lsr15 4Lsr13 4Lr14 4Lr34 3Ir13 15 4Ss4 3Lr27	3Ir16	250	999997	exact
4Lsr15 4Lsr13 4Lr14 4Lr34 3Ir13 15 4Ss4 3Lr28	3Ir13	250	999997	exact
4Lsr15 4Lsr13 4Lr14 4Lr34 3Ir13 15 4Ss4 3Lr31	3Ir13	250	999997	exact
4Lsr15 4Lsr13 4Lr14 4Lr34 3Ir13 15 4Ss4 3Lr37	3Ir16	250	999997	exact
4Lsr15 4Lsr13 4Lr14 4Lr34 3Ir13 15 4Ss4 3Lr38	3Ir13	250	999997	exact
4Lsr15 4Lsr13 4Lr14 4Lr34 3Ir13 15 4Ss4 4Tr27	3Ir13	250	999997	exact
4Lsr15 4Lsr13 4Lr14 4Lr34 3Ir13 16	2r14	3	999997	exact
4Lsr15 4Lsr13 4Lr14 4Lr34 3Ir13 16 2r14 11	3Ir13	250	999997	exact
4Lsr15 4Lsr13 4Lr14 4Lr34 3Ir13 16 2r14 12	3Ir13	250	999997	exact
4Lsr15 4Lsr13 4Lr14 4Lr34 3Ir13 16 2r14 13	4Ss5	250	999997	exact
4Lsr15 4Lsr13 4Lr14 4Lr34 3Ir13 16 2r14 15	3Ir13	250	999997	exact
4Lsr15 4Lsr13 4Lr14 4Lr34 3Ir13 16 2r14 16	3Ir13	250	999997	exact
4Lsr15 4Lsr13 4Lr14 4Lr34 3Ir13 16 2r14 17	3Ir13	250	999997	exact
4Lsr15 4Lsr13 4Lr14 4Lr34 3Ir13 16 2r14 18	3Ir13	250	999997	exact
4Lsr15 4Lsr13 4Lr14 4Lr34 3Ir13 16 2r14 19	3Ir13	250	999997	exact
4Lsr15 4Lsr13 4Lr14 4Lr34 3Ir13 16 2r14 21	3Ir13	250	999997	exact
4Lsr15 4Lsr13 4Lr14 4Lr34 3Ir13 16 2r14 27	3Ir13	250	999997	exact
4Lsr15 4Lsr13 4Lr14 4Lr34 3Ir13 16 2r14 28	3Ir13	250	999997	exact
4Lsr15 4Lsr13 4Lr14 4Lr34 3Ir13 16 2r14 2r11	3Ir13	250	999997	exact
4Lsr15 4Lsr13 4Lr14 4Lr34 3Ir13 16 2r14 2r12	3Ir13	250	999997	exact
4Lsr15 4Lsr13 4Lr14 4Lr34 3Ir13 16 2r14 2r13	4Ss5	250	999997	exact
4Lsr15 4Lsr13 4Lr14 4Lr34 3Ir13 16 2r14 2r15	3Ir13	250	999997	exact
4Lsr15 4Lsr13 4Lr14 4Lr34 3Ir13 16 2r14 2r16	3Ir13	250	999997	exact
4Lsr15 4Lsr13 4Lr14 4Lr34 3Ir13 16 2r14 2r17	3Ir13	250	999997	exact
4Lsr15 4Lsr13 4Lr14 4Lr34 3Ir13 16 2r14 2r18	3Ir13	250	999997	exact
4Lsr15 4Lsr13 4Lr14 4Lr34 3Ir13 16 2r14 2r19	3Ir13	250	999997	exact
4Lsr15 4Lsr13 4Lr14 4Lr34 3Ir13 16 2r14 3I7	3Ir13	250	999997	exact
4Lsr15 4Lsr13 4Lr14 4Lr34 3Ir13 16 2r14 3Ir11	3Ir13	250	999997	exact
4Lsr15 4Lsr13 4Lr14 4Lr34 3Ir13 16 2r14 3Ir12	3Ir13	250	999997	exact
4Lsr15 4Lsr13 4Lr14 4Lr34 3Ir13 16 2r14 3Ir13	4Ss5	250	999997	exact
4Lsr15 4Lsr13 4Lr14 4Lr34 3Ir13 16 2r14 3Ir15	3Ir13	250	999997	exact
4Lsr15 4Lsr13 4Lr14 4Lr34 3Ir13 16 2r14 3Ir16	3Ir13	250	999997	exact
4Lsr15 4Lsr13 4Lr14 4Lr34 3Ir13 16 2r14 3Ir17	3Ir13	250	999997	exact
4Lsr15 4Lsr13 4Lr14 4Lr34 3Ir13 16 2r14 3Ir18	3Ir13	250	999997	exact
4Lsr15 4Lsr13 4Lr14 4Lr34 3Ir13 16 2r14 3Ir19	3Ir13	250	999997	exact
4Lsr15 4Lsr13 4Lr14 4Lr34 3Ir13 16 2r14 3Lr15	3Ir13	250	999997	exact
4Lsr15 4Lsr13 4Lr14 4Lr34 3Ir13 16 2r14 3Lr21	3Ir13	250	999997	exact
4Lsr15 4Lsr13 4Lr14 4Lr34 3Ir13 16 2r14 3Lr27	3Ir13	250	999997	exact
4Lsr15 4Lsr13 4Lr14 4Lr34 3Ir13 16 2r14 3Lr28	3Ir13	250	999997	exact
4Lsr15 4Lsr13 4Lr14 4Lr34 3Ir13 16 2r14 3Lr31	3Ir13	250	999997	exact
4Lsr15 4Lsr13 4Lr14 4Lr34 3Ir13 16 2r14 3Lr37	3Ir13	250	999997	exact
4Lsr15 4Lsr13 4Lr14 4Lr34 3Ir13 16 2r14 3Lr38	3Ir13	250	999997	exact
4Lsr15 4Lsr13 4Lr14 4Lr34 3Ir13 16 2r14 4Ss5	3Ir13	250	999997	exact
4Lsr15 4Lsr13 4Lr14 4Lr34 3Ir13 16 2r14 4Tr15	3Ir13	250	999997	exact
4Lsr15 4Lsr13 4Lr14 4Lr34 3Ir13 16 2r14 4Tr27	3Ir13	250	999997	exact
4Lsr15 4Lsr13 4Lr14 4Lr34 3Ir13 17	4Sr17	6	999995	exact
4Lsr15 4Lsr13 4Lr14 4Lr34 3Ir13 17 4Sr17 11	4Tr11	250	999997	exact
4Lsr15 4Lsr13 4Lr14 4Lr34 3Ir13 17 4Sr17 12	4S1	250	999997	exact
4Lsr15 4Lsr13 4Lr14 4Lr34 3Ir13 17 4Sr17 13	21	250	999997	exact
4Lsr15 4Lsr13 4Lr14 4Lr34 3Ir13 17 4Sr17 14	3Lr21	250	999997	exact
4Lsr15 4Lsr13 4Lr14 4Lr34 3Ir13 17 4Sr17 15	3Lr21	250	999997	exact
4Lsr15 4Lsr13 4Lr14 4Lr34 3Ir13 17 4Sr17 16	21	250	999997	exact
4Lsr15 4Lsr13 4Lr14 4Lr34 3Ir13 17 4Sr17 17	3Lr21	250	999997	exact
4Lsr15 4Lsr13 4Lr14 4Lr34 3Ir13 17 4Sr17 18	3Lr21	250	999997	exact
4Lsr15 4Lsr13 4Lr14 4Lr34 3Ir13 17 4Sr17 19	3Lr21	250	999997	exact
4Lsr15 4Lsr13 4Lr14 4Lr34 3Ir13 17 4Sr17 21	21	250	999997	exact
4Lsr15 4Lsr13 4Lr14 4Lr34 3Ir13 17 4Sr17 27	21	250	999997	exact
4Lsr15 4Lsr13 4Lr14 4Lr34 3Ir13 17 4Sr17 2r11	2r11	250	999995	exact
4Lsr15 4Lsr13 4Lr14 4Lr34 3Ir13 17 4Sr17 2r12	3Ir12	250	999995	exact
4Lsr15 4Lsr13 4Lr14 4Lr34 3Ir13 17 4Sr17 2r13	21	250	999997	exact
4Lsr15 4Lsr13 4Lr14 4Lr34 3Ir13 17 4Sr17 2r14	21	250	999997	exact
4Lsr15 4Lsr13 4Lr14 4Lr34 3Ir13 17 4Sr17 2r15	21	250	999997	exact
4Lsr15 4Lsr13 4Lr14 4Lr34 3Ir13 17 4Sr17 2r16	21	250	999997	exact
4Lsr15 4Lsr13 4Lr14 4Lr34 3Ir13 17 4Sr17 2r17	21	250	999997	exact
4Lsr15 4Lsr13 4Lr14 4Lr34 3Ir13 17 4Sr17 2r18	21	250	999997	exact
4Lsr15 4Lsr13 4Lr14 4Lr34 3Ir13 17 4Sr17 2r19	21	250	999997	exact
4Lsr15 4Lsr13 4Lr14 4Lr34 3Ir13 17 4Sr17 3Ir11	2r11	250	999995	exact
4Lsr15 4Lsr13 4Lr14 4Lr34 3Ir13 17 4Sr17 3Ir12	4Tr32	250	999995	exact
4Lsr15 4Lsr13 4Lr14 4Lr34 3Ir13 17 4Sr17 3Ir13	21	250	999997	exact
4Lsr15 4Lsr13 4Lr14 4Lr34 3Ir13 17 4Sr17 3Ir15	21	250	999997	exact
4Lsr15 4Lsr13 4Lr14 4Lr34 3Ir13 17 4Sr17 3Ir16	21	250	999997	exact
4Lsr15 4Lsr13 4Lr14 4Lr34 3Ir13 17 4Sr17 3Ir17	21	250	999997	exact
4Lsr15 4Lsr13 4Lr14 4Lr34 3Ir13 17 4Sr17 3Ir18	21	250	999997	exact
4Lsr15 4Lsr13 4Lr14 4Lr34 3Ir13 17 4Sr17 3Ir19	21	250	999997	exact
4Lsr15 4Lsr13 4Lr14 4Lr34 3Ir13 17 4Sr17 3Lr16	21	250	999997	exact
4Lsr15 4Lsr13 4Lr14 4Lr34 3Ir13 17 4Sr17 3Lr18	21	250	999997	exact
4Lsr15 4Lsr13 4Lr14 4Lr34 3Ir13 17 4Sr17 3Lr21	3L1	250	999997	exact
4Lsr15 4Lsr13 4Lr14 4Lr34 3Ir13 17 4Sr17 3Lr27	21	250	999997	exact
4Lsr15 4Lsr13 4Lr14 4Lr34 3Ir13 17 4Sr17 3Lr31	3Lr11	250	999997	exact
4Lsr15 4Lsr13 4Lr14 4Lr34 3Ir13 17 4Sr17 3Lr37	21	250	999997	exact
4Lsr15 4Lsr13 4Lr14 4Lr34 3Ir13 17 4Sr17 4Sr16	21	250	999997	exact
4Lsr15 4Lsr13 4Lr14 4Lr34 3Ir13 17 4Sr17 4Ss6	21	250	999997	exact
4Lsr15 4Lsr13 4Lr14 4Lr34 3Ir13 17 4Sr17 4Ss8	21	250	999997	exact
4Lsr15 4Lsr13 4Lr14 4Lr34 3Ir13 17 4Sr17 4Tr16	21	250	999997	exact
4Lsr15 4Lsr13 4Lr14 4Lr34 3Ir13 17 4Sr17 4Tr18	21	250	999997	exact
4Lsr15 4Lsr13 4Lr14 4Lr34 3Ir13 18	4Tr37	9	999993	exact
4Lsr15 4Lsr13 4Lr14 4Lr34 3Ir13 18 4Tr37 11	4Tr11	250	999995	exact
4Lsr15 4Lsr13 4Lr14 4Lr34 3Ir13 18 4Tr37 12	4S1	250	999993	exact
4Lsr15 4Lsr13 4Lr14 4Lr34 3Ir13 18 4Tr37 13	3Lr21	250	999995	exact
4Lsr15 4Lsr13 4Lr14 4Lr34 3Ir13 18 4Tr37 14	3Lr21	250	999995	exact
4Lsr15 4Lsr13 4Lr14 4Lr34 3Ir13 18 4Tr37 15	3Lr21	250	999995	exact
4Lsr15 4Lsr13 4Lr14 4Lr34 3Ir13 18 4Tr37 16	3Lr21	250	999995	exact
4Lsr15 4Lsr13 4Lr14 4Lr34 3Ir13 18 4Tr37 17	3Lr21	250	999993	exact
4Lsr15 4Lsr13 4Lr14 4Lr34 3Ir13 18 4Tr37 18	3Lr21	250	999995	exact
4Lsr15 4Lsr13 4Lr14 4Lr34 3Ir13 18 4Tr37 19	2r19	250	999993	exact
4Lsr15 4Lsr13 4Lr14 4Lr34 3Ir13 18 4Tr37 21	3Lr21	250	999995	exact
4Lsr15 4Lsr13 4Lr14 4Lr34 3Ir13 18 4Tr37 26	4Ss5	250	999993	exact
4Lsr15 4Lsr13 4Lr14 4Lr34 3Ir13 18 4Tr37 2r11	3Ir11	250	999993	exact
4Lsr15 4Lsr13 4Lr14 4Lr34 3Ir13 18 4Tr37 2r12	3Ir12	250	999993	exact
4Lsr15 4Lsr13 4Lr14 4Lr34 3Ir13 18 4Tr37 2r13	3Lr31	250	999995	exact
4Lsr15 4Lsr13 4Lr14 4Lr34 3Ir13 18 4Tr37 2r14	2r19	250	999993	exact
4Lsr15 4Lsr13 4Lr14 4Lr34 3Ir13 18 4Tr37 2r15	3Lr21	250	999995	exact
4Lsr15 4Lsr13 4Lr14 4Lr34 3Ir13 18 4Tr37 2r16	3Lr21	250	999995	exact
4Lsr15 4Lsr13 4Lr14 4Lr34 3Ir13 18 4Tr37 2r17	2r19	250	999993	exact
4Lsr15 4Lsr13 4Lr14 4Lr34 3Ir13 18 4Tr37 2r18	4Ssr16	250	999993	exact
4Lsr15 4Lsr13 4Lr14 4Lr34 3Ir13 18 4Tr37 2r19	2r19	250	999993	exact
4Lsr15 4Lsr13 4Lr14 4Lr34 3Ir13 18 4Tr37 3Ir11	2r11	250	999993	exact
4Lsr15 4Lsr13 4Lr14 4Lr34 3Ir13 18 4Tr37 3Ir12	4Tr32	250	999993	exact
4Lsr15 4Lsr13 4Lr14 4Lr34 3Ir13 18 4Tr37 3Ir13	3Lr21	250	999995	exact
4Lsr15 4Lsr13 4Lr14 4Lr34 3Ir13 18 4Tr37 3Ir15	3Lr21	250	999995	exact
4Lsr15 4Lsr13 4Lr14 4Lr34 3Ir13 18 4Tr37 3Ir16	2r19	250	999993	exact
4Lsr15 4Lsr13 4Lr14 4Lr34 3Ir13 18 4Tr37 3Ir17	3Ir11	250	999993	exact
4Lsr15 4Lsr13 4Lr14 4Lr34 3Ir13 18 4Tr37 3Ir18	2r19	250	999993	exact
4Lsr15 4Lsr13 4Lr14 4Lr34 3Ir13 18 4Tr37 3Ir19	4S8	250	999993	exact
4Lsr15 4Lsr13 4Lr14 4Lr34 3Ir13 18 4Tr37 3Lr17	2r19	250	999993	exact
4Lsr15 4Lsr13 4Lr14 4Lr34 3Ir13 18 4Tr37 3Lr21	4S1	250	999993	exact
4Lsr15 4Lsr13 4Lr14 4Lr34 3Ir13 18 4Tr37 3Lr26	2r19	250	999993	exact
4Lsr15 4Lsr13 4Lr14 4Lr34 3Ir13 18 4Tr37 3Lr31	4Ss1	250	999993	exact
4Lsr15 4Lsr13 4Lr14 4Lr34 3Ir13 18 4Tr37 3Lr36	2r19	250	999993	exact
4Lsr15 4Lsr13 4Lr14 4Lr34 3Ir13 18 4Tr37 4Ss7	2r19	250	999993	exact
4Lsr15 4Lsr13 4Lr14 4Lr34 3Ir13 18 4Tr37 4Tr17	2r19	250	999993	exact
4Lsr15 4Lsr13 4Lr14 4Lr34 3Ir13 19	4Ssr17	6	999995	exact
4Lsr15 4Lsr13 4Lr14 4Lr34 3Ir13 19 4Ssr17 11	3Lr11	250	999997	exact
4Lsr15 4Lsr13 4Lr14 4Lr34 3Ir13 19 4Ssr17 12	4Tr31	250	999997	exact
4Lsr15 4Lsr13 4Lr14 4Lr34 3Ir13 19 4Ssr17 13	3Lr21	250	999997	exact
4Lsr15 4Lsr13 4Lr14 4Lr34 3Ir13 19 4Ssr17 14	3Lr21	250	999997	exact
4Lsr15 4Lsr13 4Lr14 4Lr34 3Ir13 19 4Ssr17 15	3Lr21	250	999997	exact
4Lsr15 4Lsr13 4Lr14 4Lr34 3Ir13 19 4Ssr17 16	3Lr21	250	999997	exact
4Lsr15 4Lsr13 4Lr14 4Lr34 3Ir13 19 4Ssr17 17	3Lr21	250	999997	exact
4Lsr15 4Lsr13 4Lr14 4Lr34 3Ir13 19 4Ssr17 18	3Lr21	250	999997	exact
4Lsr15 4Lsr13 4Lr14 4Lr34 3Ir13 19 4Ssr17 19	3Lr21	250	999997	exact
4Lsr15 4Lsr13 4Lr14 4Lr34 3Ir13 19 4Ssr17 21	3Lr21	250	999997	exact
4Lsr15 4Lsr13 4Lr14 4Lr34 3Ir13 19 4Ssr17 28	3Lr21	250	999997	exact
4Lsr15 4Lsr13 4Lr14 4Lr34 3Ir13 19 4Ssr17 2r11	3Ir11	250	999995	exact
4Lsr15 4Lsr13 4Lr14 4Lr34 3Ir13 19 4Ssr17 2r12	3Ir12	250	999995	exact
4Lsr15 4Lsr13 4Lr14 4Lr34 3Ir13 19 4Ssr17 2r13	3Lr21	250	999997	exact
4Lsr15 4Lsr13 4Lr14 4Lr34 3Ir13 19 4Ssr17 2r14	3Lr21	250	999997	exact
4Lsr15 4Lsr13 4Lr14 4Lr34 3Ir13 19 4Ssr17 2r15	3Lr21	250	999997	exact
4Lsr15 4Lsr13 4Lr14 4Lr34 3Ir13 19 4Ssr17 2r16	3Lr21	250	999997	exact
4Lsr15 4Lsr13 4Lr14 4Lr34 3Ir13 19 4Ssr17 2r17	3Lr21	250	999997	exact
4Lsr15 4Lsr13 4Lr14 4Lr34 3Ir13 19 4Ssr17 2r18	3Lr21	250	999997	exact
4Lsr15 4Lsr13 4Lr14 4Lr34 3Ir13 19 4Ssr17 2r19	3Lr21	250	999997	exact
4Lsr15 4Lsr13 4Lr14 4Lr34 3Ir13 19 4Ssr17 3Ir11	11	250	999995	exact
4Lsr15 4Lsr13 4Lr14 4Lr34 3Ir13 19 4Ssr17 3Ir12	4S2	250	999995	exact
4Lsr15 4Lsr13 4Lr14 4Lr34 3Ir13 19 4Ssr17 3Ir13	3Lr21	250	999997	exact
4Lsr15 4Lsr13 4Lr14 4Lr34 3Ir13 19 4Ssr17 3Ir15	3Lr21	250	999997	exact
4Lsr15 4Lsr13 4Lr14 4Lr34 3Ir13 19 4Ssr17 3Ir16	3Lr21	250	999997	exact
4Lsr15 4Lsr13 4Lr14 4Lr34 3Ir13 19 4Ssr17 3Ir17	3Lr21	250	999997	exact
4Lsr15 4Lsr13 4Lr14 4Lr34 3Ir13 19 4Ssr17 3Ir18	3Lr21	250	999997	exact
4Lsr15 4Lsr13 4Lr14 4Lr34 3Ir13 19 4Ssr17 3Ir19	3Lr21	250	999997	exact
4Lsr15 4Lsr13 4Lr14 4Lr34 3Ir13 19 4Ssr17 3L7	3Lr21	250	999997	exact
4Lsr15 4Lsr13 4Lr14 4Lr34 3Ir13 19 4Ssr17 3Lr21	3L1	250	999997	exact
4Lsr15 4Lsr13 4Lr14 4Lr34 3Ir13 19 4Ssr17 3Lr28	3Lr21	250	999997	exact
4Lsr15 4Lsr13 4Lr14 4Lr34 3Ir13 19 4Ssr17 3Lr31	3Lr11	250	999997	exact
4Lsr15 4Lsr13 4Lr14 4Lr34 3Ir13 19 4Ssr17 3Lr38	3Lr21	250	999997	exact
4Lsr15 4Lsr13 4Lr14 4Lr34 3Ir13 19 4Ssr17 4S7	3Lr21	250	999997	exact
4Lsr15 4Lsr13 4Lr14 4Lr34 3Ir13 19 4Ssr17 4Tr37	3Lr21	250	999997	exact
4Lsr15 4Lsr13 4Lr14 4Lr34 3Ir13 21	4Tr27	6	999995	exact
4Lsr15 4Lsr13 4Lr14 4Lr34 3Ir13 21 4Tr27 11	3Lr11	250	999997	exact
4Lsr15 4Lsr13 4Lr14 4Lr34 3Ir13 21 4Tr27 12	4Tr31	250	999997	exact
4Lsr15 4Lsr13 4Lr14 4Lr34 3Ir13 21 4Tr27 13	3Lr21	250	999997	exact
4Lsr15 4Lsr13 4Lr14 4Lr34 3Ir13 21 4Tr27 14	3Lr21	250	999997	exact
4Lsr15 4Lsr13 4Lr14 4Lr34 3Ir13 21 4Tr27 15	3Lr21	250	999997	exact
4Lsr15 4Lsr13 4Lr14 4Lr34 3Ir13 21 4Tr27 16	3Lr21	250	999997	exact
4Lsr15 4Lsr13 4Lr14 4Lr34 3Ir13 21 4Tr27 17	3Lr21	250	999997	exact
4Lsr15 4Lsr13 4Lr14 4Lr34 3Ir13 21 4Tr27 18	3Lr21	250	999997	exact
4Lsr15 4Lsr13 4Lr14 4Lr34 3Ir13 21 4Tr27 19	3Lr21	250	999997	exact
4Lsr15 4Lsr13 4Lr14 4Lr34 3Ir13 21 4Tr27 21	3Lr21	250	999997	exact
4Lsr15 4Lsr13 4Lr14 4Lr34 3Ir13 21 4Tr27 2r11	3Ir11	250	999995	exact
4Lsr15 4Lsr13 4Lr14 4Lr34 3Ir13 21 4Tr27 2r12	4S2	250	999995	exact
4Lsr15 4Lsr13 4Lr14 4Lr34 3Ir13 21 4Tr27 2r13	3Lr21	250	999997	exact
4Lsr15 4Lsr13 4Lr14 4Lr34 3Ir13 21 4Tr27 2r14	2r13	250	999995	exact
4Lsr15 4Lsr13 4Lr14 4Lr34 3Ir13 21 4Tr27 2r15	3Lr21	250	999997	exact
4Lsr15 4Lsr13 4Lr14 4Lr34 3Ir13 21 4Tr27 2r16	3Lr21	250	999997	exact
4Lsr15 4Lsr13 4Lr14 4Lr34 3Ir13 21 4Tr27 2r17	3Lr21	250	999997	exact
4Lsr15 4Lsr13 4Lr14 4Lr34 3Ir13 21 4Tr27 2r18	3Lr21	250	999997	exact
4Lsr15 4Lsr13 4Lr14 4Lr34 3Ir13 21 4Tr27 2r19	2r13	250	999995	exact
4Lsr15 4Lsr13 4Lr14 4Lr34 3Ir13 21 4Tr27 3Ir11	11	250	999995	exact
4Lsr15 4Lsr13 4Lr14 4Lr34 3Ir13 21 4Tr27 3Ir12	3Lr32	250	999995	exact
4Lsr15 4Lsr13 4Lr14 4Lr34 3Ir13 21 4Tr27 3Ir13	3Lr21	250	999997	exact
4Lsr15 4Lsr13 4Lr14 4Lr34 3Ir13 21 4Tr27 3Ir15	3Lr21	250	999997	exact
4Lsr15 4Lsr13 4Lr14 4Lr34 3Ir13 21 4Tr27 3Ir16	3Lr21	250	999997	exact
4Lsr15 4Lsr13 4Lr14 4Lr34 3Ir13 21 4Tr27 3Ir17	3Lr21	250	999997	exact
4Lsr15 4Lsr13 4Lr14 4Lr34 3Ir13 21 4Tr27 3Ir18	3Lr21	250	999997	exact
4Lsr15 4Lsr13 4Lr14 4Lr34 3Ir13 21 4Tr27 3Ir19	3Lr21	250	999997	exact
4Lsr15 4Lsr13 4Lr14 4Lr34 3Ir13 21 4Tr27 3L7	3Lr21	250	999997	exact
4Lsr15 4Lsr13 4Lr14 4Lr34 3Ir13 21 4Tr27 3Lr18	3Lr21	250	999997	exact
4Lsr15 4Lsr13 4Lr14 4Lr34 3Ir13 21 4Tr27 3Lr21	4Tr31	250	999997	exact
4Lsr15 4Lsr13 4Lr14 4Lr34 3Ir13 21 4Tr27 3Lr31	3Lr11	250	999997	exact
4Lsr15 4Lsr13 4Lr14 4Lr34 3Ir13 21 4Tr27 4S7	3Lr21	250	999997	exact
4Lsr15 4Lsr13 4Lr14 4Lr34 3Ir13 21 4Tr27 4Ss8	3Ir13	250	999995	exact
4Lsr15 4Lsr13 4Lr14 4Lr34 3Ir13 21 4Tr27 4Tr18	3Ir13	250	999995	exact
4Lsr15 4Lsr13 4Lr14 4Lr34 3Ir13 21 4Tr27 4Tr37	3Lr21	250	999997	exact
4Lsr15 4Lsr13 4Lr14 4Lr34 3Ir13 27	3Lr37	11	999993	exact
4Lsr15 4Lsr13 4Lr14 4Lr34 3Ir13 27 3Lr37 11	4Ss1	250	999993	exact
4Lsr15 4Lsr13 4Lr14 4Lr34 3Ir13 27 3Lr37 12	4S1	250	999993	exact
4Lsr15 4Lsr13 4Lr14 4Lr34 3Ir13 27 3Lr37 13	3Lr21	250	999993	exact
4Lsr15 4Lsr13 4Lr14 4Lr34 3Ir13 27 3Lr37 14	3Lr21	250	999995	exact
4Lsr15 4Lsr13 4Lr14 4Lr34 3Ir13 27 3Lr37 15	4Tr17	250	999993	exact
4Lsr15 4Lsr13 4Lr14 4Lr34 3Ir13 27 3Lr37 16	4Ss7	250	999993	exact
4Lsr15 4Lsr13 4Lr14 4Lr34 3Ir13 27 3Lr37 17	4S6	250	999993	exact
4Lsr15 4Lsr13 4Lr14 4Lr34 3Ir13 27 3Lr37 18	4Tr26	250	999993	exact
4Lsr15 4Lsr13 4Lr14 4Lr34 3Ir13 27 3Lr37 19	4Ss8	250	999993	exact
4Lsr15 4Lsr13 4Lr14 4Lr34 3Ir13 27 3Lr37 21	2r19	250	999993	exact
4Lsr15 4Lsr13 4Lr14 4Lr34 3Ir13 27 3Lr37 26	2r19	250	999993	exact
4Lsr15 4Lsr13 4Lr14 4Lr34 3Ir13 27 3Lr37 2r11	3Ir11	250	999993	exact
4Lsr15 4Lsr13 4Lr14 4Lr34 3Ir13 27 3Lr37 2r12	2r19	250	999993	exact
4Lsr15 4Lsr13 4Lr14 4Lr34 3Ir13 27 3Lr37 2r13	2r19	250	999993	exact
4Lsr15 4Lsr13 4Lr14 4Lr34 3Ir13 27 3Lr37 2r14	2r19	250	999993	exact
4Lsr15 4Lsr13 4Lr14 4Lr34 3Ir13 27 3Lr37 2r15	2r19	250	999993	exact
4Lsr15 4Lsr13 4Lr14 4Lr34 3Ir13 27 3Lr37 2r16	2r19	250	999993	exact
4Lsr15 4Lsr13 4Lr14 4Lr34 3Ir13 27 3Lr37 2r17	2r19	250	999993	exact
4Lsr15 4Lsr13 4Lr14 4Lr34 3Ir13 27 3Lr37 2r18	2r19	250	999993	exact
4Lsr15 4Lsr13 4Lr14 4Lr34 3Ir13 27 3Lr37 2r19	2r19	250	999993	exact
4Lsr15 4Lsr13 4Lr14 4Lr34 3Ir13 27 3Lr37 3Ir11	2r11	250	999993	exact
4Lsr15 4Lsr13 4Lr14 4Lr34 3Ir13 27 3Lr37 3Ir12	4S2	250	999993	exact
4Lsr15 4Lsr13 4Lr14 4Lr34 3Ir13 27 3Lr37 3Ir13	3Lr21	250	999993	exact
4Lsr15 4Lsr13 4Lr14 4Lr34 3Ir13 27 3Lr37 3Ir15	2r19	250	999993	exact
4Lsr15 4Lsr13 4Lr14 4Lr34 3Ir13 27 3Lr37 3Ir16	4Tr17	250	999993	exact
4Lsr15 4Lsr13 4Lr14 4Lr34 3Ir13 27 3Lr37 3Ir17	2r19	250	999993	exact
4Lsr15 4Lsr13 4Lr14 4Lr34 3Ir13 27 3Lr37 3Ir18	2r19	250	999993	exact
4Lsr15 4Lsr13 4Lr14 4Lr34 3Ir13 27 3Lr37 3Ir19	4T7	250	999993	exact
4Lsr15 4Lsr13 4Lr14 4Lr34 3Ir13 27 3Lr37 3Lr17	4S6	250	999993	exact
4Lsr15 4Lsr13 4Lr14 4Lr34 3Ir13 27 3Lr37 3Lr21	4S1	250	999993	exact
4Lsr15 4Lsr13 4Lr14 4Lr34 3Ir13 27 3Lr37 3Lr26	4S6	250	999993	exact
4Lsr15 4Lsr13 4Lr14 4Lr34 3Ir13 27 3Lr37 3Lr31	4Ss1	250	999993	exact
4Lsr15 4Lsr13 4Lr14 4Lr34 3Ir13 27 3Lr37 3Lr36	2r19	250	999993	exact
4Lsr15 4Lsr13 4Lr14 4Lr34 3Ir13 27 3Lr37 4Ss7	2r19	250	999993	exact
4Lsr15 4Lsr13 4Lr14 4Lr34 3Ir13 27 3Lr37 4Tr17	4Tr36	250	999993	exact
4Lsr15 4Lsr13 4Lr14 4Lr34 3Ir13 28	4S7	13	999993	exact
4Lsr15 4Lsr13 4Lr14 4Lr34 3Ir13 28 4S7 11	2r13	250	999993	exact
4Lsr15 4Lsr13 4Lr14 4Lr34 3Ir13 28 4S7 12	4Tr31	250	999993	exact
4Lsr15 4Lsr13 4Lr14 4Lr34 3Ir13 28 4S7 13	3Lr31	250	999995	exact
4Lsr15 4Lsr13 4Lr14 4Lr34 3Ir13 28 4S7 14	2r19	250	999993	exact
4Lsr15 4Lsr13 4Lr14 4Lr34 3Ir13 28 4S7 15	3Lr31	250	999993	exact
4Lsr15 4Lsr13 4Lr14 4Lr34 3Ir13 28 4S7 16	4Ss5	250	999995	exact
4Lsr15 4Lsr13 4Lr14 4Lr34 3Ir13 28 4S7 17	3Lr31	250	999995	exact
4Lsr15 4Lsr13 4Lr14 4Lr34 3Ir13 28 4S7 18	2r19	250	999993	exact
4Lsr15 4Lsr13 4Lr14 4Lr34 3Ir13 28 4S7 19	2r19	250	999993	exact
4Lsr15 4Lsr13 4Lr14 4Lr34 3Ir13 28 4S7 21	3Lr31	250	999995	exact
4Lsr15 4Lsr13 4Lr14 4Lr34 3Ir13 28 4S7 2r11	3Ir11	250	999993	exact
4Lsr15 4Lsr13 4Lr14 4Lr34 3Ir13 28 4S7 2r12	2r19	250	999993	exact
4Lsr15 4Lsr13 4Lr14 4Lr34 3Ir13 28 4S7 2r13	3Lr31	250	999995	exact
4Lsr15 4Lsr13 4Lr14 4Lr34 3Ir13 28 4S7 2r14	3Lr31	250	999995	exact
4Lsr15 4Lsr13 4Lr14 4Lr34 3Ir13 28 4S7 2r15	3Lr31	250	999995	exact
4Lsr15 4Lsr13 4Lr14 4Lr34 3Ir13 28 4S7 2r16	3Lr31	250	999995	exact
4Lsr15 4Lsr13 4Lr14 4Lr34 3Ir13 28 4S7 2r17	3Lr31	250	999995	exact
4Lsr15 4Lsr13 4Lr14 4Lr34 3Ir13 28 4S7 2r18	2r19	250	999993	exact
4Lsr15 4Lsr13 4Lr14 4Lr34 3Ir13 28 4S7 2r19	3Lr38	250	999993	exact
4Lsr15 4Lsr13 4Lr14 4Lr34 3Ir13 28 4S7 3Ir11	2r11	250	999993	exact
4Lsr15 4Lsr13 4Lr14 4Lr34 3Ir13 28 4S7 3Ir12	4S2	250	999993	exact
4Lsr15 4Lsr13 4Lr14 4Lr34 3Ir13 28 4S7 3Ir13	21	250	999993	exact
4Lsr15 4Lsr13 4Lr14 4Lr34 3Ir13 28 4S7 3Ir15	3Lr31	250	999995	exact
4Lsr15 4Lsr13 4Lr14 4Lr34 3Ir13 28 4S7 3Ir16	21	250	999993	exact
4Lsr15 4Lsr13 4Lr14 4Lr34 3Ir13 28 4S7 3Ir17	3Lr31	250	999995	exact
4Lsr15 4Lsr13 4Lr14 4Lr34 3Ir13 28 4S7 3Ir18	2r19	250	999993	exact
4Lsr15 4Lsr13 4Lr14 4Lr34 3Ir13 28 4S7 3Ir19	4Tr38	250	999993	exact
4Lsr15 4Lsr13 4Lr14 4Lr34 3Ir13 28 4S7 3L7	2r19	250	999993	exact
4Lsr15 4Lsr13 4Lr14 4Lr34 3Ir13 28 4S7 3Lr16	3Lr31	250	999995	exact
4Lsr15 4Lsr13 4Lr14 4Lr34 3Ir13 28 4S7 3Lr21	4Tr31	250	999995	exact
4Lsr15 4Lsr13 4Lr14 4Lr34 3Ir13 28 4S7 3Lr31	4Tr11	250	999995	exact
4Lsr15 4Lsr13 4Lr14 4Lr34 3Ir13 28 4S7 4S7	2r19	250	999993	exact
4Lsr15 4Lsr13 4Lr14 4Lr34 3Ir13 28 4S7 4Ss6	21	250	999995	exact
4Lsr15 4Lsr13 4Lr14 4Lr34 3Ir13 28 4S7 4T6	4Ss5	250	999995	exact
4Lsr15 4Lsr13 4Lr14 4Lr34 3Ir13 28 4S7 4Tr16	21	250	999995	exact
4Lsr15 4Lsr13 4Lr14 4Lr34 3Ir13 28 4S7 4Tr37	2r19	250	999993	exact
4Lsr15 4Lsr13 4Lr14 4Lr34 3Ir13 2r11	2r13	14	999989	exact
4Lsr15 4Lsr13 4Lr14 4Lr34 3Ir13 2r11 2r13 11	4Tr33	250	999997	exact
4Lsr15 4Lsr13 4Lr14 4Lr34 3Ir13 2r11 2r13 12	3Ir13	250	999997	exact
4Lsr15 4Lsr13 4Lr14 4Lr34 3Ir13 2r11 2r13 13	4Tr27	250	999989	exact
4Lsr15 4Lsr13 4Lr14 4Lr34 3Ir13 2r11 2r13 14	3Ir13	250	999997	exact
4Lsr15 4Lsr13 4Lr14 4Lr34 3Ir13 2r11 2r13 15	3Ir13	250	999997	exact
4Lsr15 4Lsr13 4Lr14 4Lr34 3Ir13 2r11 2r13 16	3Ir13	250	999997	exact
4Lsr15 4Lsr13 4Lr14 4Lr34 3Ir13 2r11 2r13 17	3Ir13	250	999997	exact
4Lsr15 4Lsr13 4Lr14 4Lr34 3Ir13 2r11 2r13 18	3Ir13	250	999997	exact
4Lsr15 4Lsr13 4Lr14 4Lr34 3Ir13 2r11 2r13 19	3Ir13	250	999997	exact
4Lsr15 4Lsr13 4Lr14 4Lr34 3Ir13 2r11 2r13 27	3Ir13	250	999997	exact
4Lsr15 4Lsr13 4Lr14 4Lr34 3Ir13 2r11 2r13 28	3Ir13	250	999997	exact
4Lsr15 4Lsr13 4Lr14 4Lr34 3Ir13 2r11 2r13 2r11	3Ir13	250	999997	exact
4Lsr15 4Lsr13 4Lr14 4Lr34 3Ir13 2r11 2r13 2r12	3Ir13	250	999997	exact
4Lsr15 4Lsr13 4Lr14 4Lr34 3Ir13 2r11 2r13 2r13	4Tr27	250	999989	exact
4Lsr15 4Lsr13 4Lr14 4Lr34 3Ir13 2r11 2r13 2r14	4Tr27	250	999989	exact
4Lsr15 4Lsr13 4Lr14 4Lr34 3Ir13 2r11 2r13 2r15	3Ir13	250	999997	exact
4Lsr15 4Lsr13 4Lr14 4Lr34 3Ir13 2r11 2r13 2r16	4Tr33	250	999997	exact
4Lsr15 4Lsr13 4Lr14 4Lr34 3Ir13 2r11 2r13 2r17	3Ir13	250	999997	exact
4Lsr15 4Lsr13 4Lr14 4Lr34 3Ir13 2r11 2r13 2r18	3Ir13	250	999997	exact
4Lsr15 4Lsr13 4Lr14 4Lr34 3Ir13 2r11 2r13 2r19	3Ir13	250	999997	exact
4Lsr15 4Lsr13 4Lr14 4Lr34 3Ir13 2r11 2r13 3I7	3Ir13	250	999997	exact
4Lsr15 4Lsr13 4Lr14 4Lr34 3Ir13 2r11 2r13 3Ir11	3Ir13	250	999997	exact
4Lsr15 4Lsr13 4Lr14 4Lr34 3Ir13 2r11 2r13 3Ir12	3Ir13	250	999997	exact
4Lsr15 4Lsr13 4Lr14 4Lr34 3Ir13 2r11 2r13 3Ir13	4Tr27	250	999991	exact
4Lsr15 4Lsr13 4Lr14 4Lr34 3Ir13 2r11 2r13 3Ir15	3Ir13	250	999997	exact
4Lsr15 4Lsr13 4Lr14 4Lr34 3Ir13 2r11 2r13 3Ir16	3Ir13	250	999997	exact
4Lsr15 4Lsr13 4Lr14 4Lr34 3Ir13 2r11 2r13 3Ir17	3Ir13	250	999997	exact
4Lsr15 4Lsr13 4Lr14 4Lr34 3Ir13 2r11 2r13 3Ir18	3Ir13	250	999997	exact
4Lsr15 4Lsr13 4Lr14 4Lr34 3Ir13 2r11 2r13 3Ir19	3Ir13	250	999997	exact
4Lsr15 4Lsr13 4Lr14 4Lr34 3Ir13 2r11 2r13 3L3	4Tr27	250	999989	exact
4Lsr15 4Lsr13 4Lr14 4Lr34 3Ir13 2r11 2r13 3Lr27	3Ir13	250	999997	exact
4Lsr15 4Lsr13 4Lr14 4Lr34 3Ir13 2r11 2r13 3Lr28	3Ir13	250	999997	exact
4Lsr15 4Lsr13 4Lr14 4Lr34 3Ir13 2r11 2r13 3Lr37	3Ir13	250	999997	exact
4Lsr15 4Lsr13 4Lr14 4Lr34 3Ir13 2r11 2r13 3Lr38	3Ir13	250	999997	exact
4Lsr15 4Lsr13 4Lr14 4Lr34 3Ir13 2r11 2r13 4S3	4Tr27	250	999991	exact
4Lsr15 4Lsr13 4Lr14 4Lr34 3Ir13 2r11 2r13 4Tr27	3Ir13	250	999997	exact
4Lsr15 4Lsr13 4Lr14 4Lr34 3Ir13 2r11 2r13 4Tr33	4Tr27	250	999991	exact
4Lsr15 4Lsr13 4Lr14 4Lr34 3Ir13 2r12	4Tr27	7	999993	exact
4Lsr15 4Lsr13 4Lr14 4Lr34 3Ir13 2r12 4Tr27 11	3L1	250	999997	exact
4Lsr15 4Lsr13 4Lr14 4Lr34 3Ir13 2r12 4Tr27 12	4Tr32	250	999995	exact
4Lsr15 4Lsr13 4Lr14 4Lr34 3Ir13 2r12 4Tr27 13	3Ir12	250	999995	exact
4Lsr15 4Lsr13 4Lr14 4Lr34 3Ir13 2r12 4Tr27 14	3Ir12	250	999995	exact
4Lsr15 4Lsr13 4Lr14 4Lr34 3Ir13 2r12 4Tr27 15	4Ss4	250	999995	exact
4Lsr15 4Lsr13 4Lr14 4Lr34 3Ir13 2r12 4Tr27 16	4Ss5	250	999995	exact
4Lsr15 4Lsr13 4Lr14 4Lr34 3Ir13 2r12 4Tr27 17	3Ir12	250	999995	exact
4Lsr15 4Lsr13 4Lr14 4Lr34 3Ir13 2r12 4Tr27 18	3Ir12	250	999995	exact
4Lsr15 4Lsr13 4Lr14 4Lr34 3Ir13 2r12 4Tr27 19	3Ir12	250	999995	exact
4Lsr15 4Lsr13 4Lr14 4Lr34 3Ir13 2r12 4Tr27 2r11	2r13	250	999995	exact
4Lsr15 4Lsr13 4Lr14 4Lr34 3Ir13 2r12 4Tr27 2r12	3Ir12	250	999993	exact
4Lsr15 4Lsr13 4Lr14 4Lr34 3Ir13 2r12 4Tr27 2r13	3Ir12	250	999995	exact
4Lsr15 4Lsr13 4Lr14 4Lr34 3Ir13 2r12 4Tr27 2r14	3Ir12	250	999995	exact
4Lsr15 4Lsr13 4Lr14 4Lr34 3Ir13 2r12 4Tr27 2r15	3Ir12	250	999995	exact
4Lsr15 4Lsr13 4Lr14 4Lr34 3Ir13 2r12 4Tr27 2r16	3Ir12	250	999995	exact
4Lsr15 4Lsr13 4Lr14 4Lr34 3Ir13 2r12 4Tr27 2r17	3Ir12	250	999995	exact
4Lsr15 4Lsr13 4Lr14 4Lr34 3Ir13 2r12 4Tr27 2r18	3Ir12	250	999995	exact
4Lsr15 4Lsr13 4Lr14 4Lr34 3Ir13 2r12 4Tr27 2r19	3Ir12	250	999995	exact
4Lsr15 4Lsr13 4Lr14 4Lr34 3Ir13 2r12 4Tr27 3Ir11	4Ss1	250	999997	exact
4Lsr15 4Lsr13 4Lr14 4Lr34 3Ir13 2r12 4Tr27 3Ir12	4Tr12	250	999995	exact
4Lsr15 4Lsr13 4Lr14 4Lr34 3Ir13 2r12 4Tr27 3Ir13	3Ir12	250	999995	exact
4Lsr15 4Lsr13 4Lr14 4Lr34 3Ir13 2r12 4Tr27 3Ir15	3Ir12	250	999995	exact
4Lsr15 4Lsr13 4Lr14 4Lr34 3Ir13 2r12 4Tr27 3Ir16	3Ir12	250	999995	exact
4Lsr15 4Lsr13 4Lr14 4Lr34 3Ir13 2r12 4Tr27 3Ir17	3Ir12	250	999995	exact
4Lsr15 4Lsr13 4Lr14 4Lr34 3Ir13 2r12 4Tr27 3Ir18	3Ir12	250	999995	exact
4Lsr15 4Lsr13 4Lr14 4Lr34 3Ir13 2r12 4Tr27 3Ir19	3Ir12	250	999995	exact
4Lsr15 4Lsr13 4Lr14 4Lr34 3Ir13 2r12 4Tr27 3L7	3Ir12	250	999995	exact
4Lsr15 4Lsr13 4Lr14 4Lr34 3Ir13 2r12 4Tr27 3Lr18	3Ir12	250	999995	exact
4Lsr15 4Lsr13 4Lr14 4Lr34 3Ir13 2r12 4Tr27 4S7	3Ir12	250	999995	exact
4Lsr15 4Lsr13 4Lr14 4Lr34 3Ir13 2r12 4Tr27 4Ss8	3Ir12	250	999995	exact
4Lsr15 4Lsr13 4Lr14 4Lr34 3Ir13 2r12 4Tr27 4Tr18	3Ir12	250	999995	exact
4Lsr15 4Lsr13 4Lr14 4Lr34 3Ir13 2r12 4Tr27 4Tr37	3Ir12	250	999995	exact
4Lsr15 4Lsr13 4Lr14 4Lr34 3Ir13 2r13	4Tr27	6	999995	exact
4Lsr15 4Lsr13 4Lr14 4Lr34 3Ir13 2r13 4Tr27 11	3Ir11	250	999995	exact
4Lsr15 4Lsr13 4Lr14 4Lr34 3Ir13 2r13 4Tr27 12	3L1	250	999997	exact
4Lsr15 4Lsr13 4Lr14 4Lr34 3Ir13 2r13 4Tr27 13	21	250	999997	exact
4Lsr15 4Lsr13 4Lr14 4Lr34 3Ir13 2r13 4Tr27 14	21	250	999997	exact
4Lsr15 4Lsr13 4Lr14 4Lr34 3Ir13 2r13 4Tr27 15	21	250	999997	exact
4Lsr15 4Lsr13 4Lr14 4Lr34 3Ir13 2r13 4Tr27 16	21	250	999997	exact
4Lsr15 4Lsr13 4Lr14 4Lr34 3Ir13 2r13 4Tr27 17	21	250	999997	exact
4Lsr15 4Lsr13 4Lr14 4Lr34 3Ir13 2r13 4Tr27 18	3Lr21	250	999997	exact
4Lsr15 4Lsr13 4Lr14 4Lr34 3Ir13 2r13 4Tr27 19	3Lr21	250	999997	exact
4Lsr15 4Lsr13 4Lr14 4Lr34 3Ir13 2r13 4Tr27 21	21	250	999997	exact
4Lsr15 4Lsr13 4Lr14 4Lr34 3Ir13 2r13 4Tr27 2r11	3Ir11	250	999995	exact
4Lsr15 4Lsr13 4Lr14 4Lr34 3Ir13 2r13 4Tr27 2r12	2r12	250	999995	exact
4Lsr15 4Lsr13 4Lr14 4Lr34 3Ir13 2r13 4Tr27 2r13	21	250	999997	exact
4Lsr15 4Lsr13 4Lr14 4Lr34 3Ir13 2r13 4Tr27 2r14	21	250	999997	exact
4Lsr15 4Lsr13 4Lr14 4Lr34 3Ir13 2r13 4Tr27 2r15	21	250	999997	exact
4Lsr15 4Lsr13 4Lr14 4Lr34 3Ir13 2r13 4Tr27 2r16	21	250	999997	exact
4Lsr15 4Lsr13 4Lr14 4Lr34 3Ir13 2r13 4Tr27 2r17	3Ir11	250	999995	exact
4Lsr15 4Lsr13 4Lr14 4Lr34 3Ir13 2r13 4Tr27 2r18	21	250	999997	exact
4Lsr15 4Lsr13 4Lr14 4Lr34 3Ir13 2r13 4Tr27 2r19	21	250	999997	exact
4Lsr15 4Lsr13 4Lr14 4Lr34 3Ir13 2r13 4Tr27 3Ir11	11	250	999995	exact
4Lsr15 4Lsr13 4Lr14 4Lr34 3Ir13 2r13 4Tr27 3Ir12	2r12	250	999995	exact
4Lsr15 4Lsr13 4Lr14 4Lr34 3Ir13 2r13 4Tr27 3Ir13	21	250	999997	exact
4Lsr15 4Lsr13 4Lr14 4Lr34 3Ir13 2r13 4Tr27 3Ir15	21	250	999997	exact
4Lsr15 4Lsr13 4Lr14 4Lr34 3Ir13 2r13 4Tr27 3Ir16	21	250	999997	exact
4Lsr15 4Lsr13 4Lr14 4Lr34 3Ir13 2r13 4Tr27 3Ir17	21	250	999997	exact
4Lsr15 4Lsr13 4Lr14 4Lr34 3Ir13 2r13 4Tr27 3Ir18	21	250	999997	exact
4Lsr15 4Lsr13 4Lr14 4Lr34 3Ir13 2r13 4Tr27 3Ir19	21	250	999997	exact
4Lsr15 4Lsr13 4Lr14 4Lr34 3Ir13 2r13 4Tr27 3L3	21	250	999997	exact
4Lsr15 4Lsr13 4Lr14 4Lr34 3Ir13 2r13 4Tr27 3L7	21	250	999997	exact
4Lsr15 4Lsr13 4Lr14 4Lr34 3Ir13 2r13 4Tr27 3Lr18	21	250	999997	exact
4Lsr15 4Lsr13 4Lr14 4Lr34 3Ir13 2r13 4Tr27 3Lr21	4S1	250	999997	exact
4Lsr15 4Lsr13 4Lr14 4Lr34 3Ir13 2r13 4Tr27 3Lr31	4Ss1	250	999997	exact
4Lsr15 4Lsr13 4Lr14 4Lr34 3Ir13 2r13 4Tr27 4S3	21	250	999997	exact
4Lsr15 4Lsr13 4Lr14 4Lr34 3Ir13 2r13 4Tr27 4S7	21	250	999997	exact
4Lsr15 4Lsr13 4Lr14 4Lr34 3Ir13 2r13 4Tr27 4Ss8	21	250	999997	exact
4Lsr15 4Lsr13 4Lr14 4Lr34 3Ir13 2r13 4Tr27 4Tr18	21	250	999997	exact
4Lsr15 4Lsr13 4Lr14 4Lr34 3Ir13 2r13 4Tr27 4Tr33	21	250	999997	exact
4Lsr15 4Lsr13 4Lr14 4Lr34 3Ir13 2r13 4Tr27 4Tr37	21	250	999997	exact
4Lsr15 4Lsr13 4Lr14 4Lr34 3Ir13 2r14	4Tr27	6	999995	exact
4Lsr15 4Lsr13 4Lr14 4Lr34 3Ir13 2r14 4Tr27 11	2r13	250	999995	exact
4Lsr15 4Lsr13 4Lr14 4Lr34 3Ir13 2r14 4Tr27 12	3L1	250	999997	exact
4Lsr15 4Lsr13 4Lr14 4Lr34 3Ir13 2r14 4Tr27 13	21	250	999997	exact
4Lsr15 4Lsr13 4Lr14 4Lr34 3Ir13 2r14 4Tr27 15	21	250	999997	exact
4Lsr15 4Lsr13 4Lr14 4Lr34 3Ir13 2r14 4Tr27 16	21	250	999997	exact
4Lsr15 4Lsr13 4Lr14 4Lr34 3Ir13 2r14 4Tr27 17	21	250	999997	exact
4Lsr15 4Lsr13 4Lr14 4Lr34 3Ir13 2r14 4Tr27 18	21	250	999997	exact
4Lsr15 4Lsr13 4Lr14 4Lr34 3Ir13 2r14 4Tr27 19	21	250	999997	exact
4Lsr15 4Lsr13 4Lr14 4Lr34 3Ir13 2r14 4Tr27 21	21	250	999997	exact
4Lsr15 4Lsr13 4Lr14 4Lr34 3Ir13 2r14 4Tr27 2r11	3Ir11	250	999995	exact
4Lsr15 4Lsr13 4Lr14 4Lr34 3Ir13 2r14 4Tr27 2r12	3Ir12	250	999995	exact
4Lsr15 4Lsr13 4Lr14 4Lr34 3Ir13 2r14 4Tr27 2r13	21	250	999997	exact
4Lsr15 4Lsr13 4Lr14 4Lr34 3Ir13 2r14 4Tr27 2r15	21	250	999997	exact
4Lsr15 4Lsr13 4Lr14 4Lr34 3Ir13 2r14 4Tr27 2r16	21	250	999997	exact
4Lsr15 4Lsr13 4Lr14 4Lr34 3Ir13 2r14 4Tr27 2r17	21	250	999997	exact
4Lsr15 4Lsr13 4Lr14 4Lr34 3Ir13 2r14 4Tr27 2r18	21	250	999997	exact
4Lsr15 4Lsr13 4Lr14 4Lr34 3Ir13 2r14 4Tr27 2r19	21	250	999997	exact
4Lsr15 4Lsr13 4Lr14 4Lr34 3Ir13 2r14 4Tr27 3Ir11	11	250	999995	exact
4Lsr15 4Lsr13 4Lr14 4Lr34 3Ir13 2r14 4Tr27 3Ir12	4Tr32	250	999995	exact
4Lsr15 4Lsr13 4Lr14 4Lr34 3Ir13 2r14 4Tr27 3Ir13	21	250	999997	exact
4Lsr15 4Lsr13 4Lr14 4Lr34 3Ir13 2r14 4Tr27 3Ir15	21	250	999997	exact
4Lsr15 4Lsr13 4Lr14 4Lr34 3Ir13 2r14 4Tr27 3Ir16	21	250	999997	exact
4Lsr15 4Lsr13 4Lr14 4Lr34 3Ir13 2r14 4Tr27 3Ir17	21	250	999997	exact
4Lsr15 4Lsr13 4Lr14 4Lr34 3Ir13 2r14 4Tr27 3Ir18	21	250	999997	exact
4Lsr15 4Lsr13 4Lr14 4Lr34 3Ir13 2r14 4Tr27 3Ir19	21	250	999997	exact
4Lsr15 4Lsr13 4Lr14 4Lr34 3Ir13 2r14 4Tr27 3L7	21	250	999997	exact
4Lsr15 4Lsr13 4Lr14 4Lr34 3Ir13 2r14 4Tr27 3Lr18	21	250	999997	exact
4Lsr15 4Lsr13 4Lr14 4Lr34 3Ir13 2r14 4Tr27 3Lr21	3L1	250	999997	exact
4Lsr15 4Lsr13 4Lr14 4Lr34 3Ir13 2r14 4Tr27 3Lr31	3Lr11	250	999997	exact
4Lsr15 4Lsr13 4Lr14 4Lr34 3Ir13 2r14 4Tr27 4S7	21	250	999997	exact
4Lsr15 4Lsr13 4Lr14 4Lr34 3Ir13 2r14 4Tr27 4Ss8	21	250	999997	exact
4Lsr15 4Lsr13 4Lr14 4Lr34 3Ir13 2r14 4Tr27 4Tr18	21	250	999997	exact
4Lsr15 4Lsr13 4Lr14 4Lr34 3Ir13 2r14 4Tr27 4Tr37	21	250	999997	exact
4Lsr15 4Lsr13 4Lr14 4Lr34 3Ir13 2r15	4Tr27	6	999995	exact
4Lsr15 4Lsr13 4Lr14 4Lr34 3Ir13 2r15 4Tr27 11	3Lr11	250	999997	exact
4Lsr15 4Lsr13 4Lr14 4Lr34 3Ir13 2r15 4Tr27 12	2r13	250	999995	exact
4Lsr15 4Lsr13 4Lr14 4Lr34 3Ir13 2r15 4Tr27 13	21	250	999997	exact
4Lsr15 4Lsr13 4Lr14 4Lr34 3Ir13 2r15 4Tr27 14	21	250	999997	exact
4Lsr15 4Lsr13 4Lr14 4Lr34 3Ir13 2r15 4Tr27 15	21	250	999997	exact
4Lsr15 4Lsr13 4Lr14 4Lr34 3Ir13 2r15 4Tr27 16	21	250	999997	exact
4Lsr15 4Lsr13 4Lr14 4Lr34 3Ir13 2r15 4Tr27 17	21	250	999997	exact
4Lsr15 4Lsr13 4Lr14 4Lr34 3Ir13 2r15 4Tr27 18	21	250	999997	exact
4Lsr15 4Lsr13 4Lr14 4Lr34 3Ir13 2r15 4Tr27 19	21	250	999997	exact
4Lsr15 4Lsr13 4Lr14 4Lr34 3Ir13 2r15 4Tr27 21	21	250	999997	exact
4Lsr15 4Lsr13 4Lr14 4Lr34 3Ir13 2r15 4Tr27 24	21	250	999997	exact
4Lsr15 4Lsr13 4Lr14 4Lr34 3Ir13 2r15 4Tr27 2r11	3Ir11	250	999995	exact
4Lsr15 4Lsr13 4Lr14 4Lr34 3Ir13 2r15 4Tr27 2r12	3Ir12	250	999995	exact
4Lsr15 4Lsr13 4Lr14 4Lr34 3Ir13 2r15 4Tr27 2r13	21	250	999997	exact
4Lsr15 4Lsr13 4Lr14 4Lr34 3Ir13 2r15 4Tr27 2r14	21	250	999997	exact
4Lsr15 4Lsr13 4Lr14 4Lr34 3Ir13 2r15 4Tr27 2r15	21	250	999997	exact
4Lsr15 4Lsr13 4Lr14 4Lr34 3Ir13 2r15 4Tr27 2r16	21	250	999997	exact
4Lsr15 4Lsr13 4Lr14 4Lr34 3Ir13 2r15 4Tr27 2r17	21	250	999997	exact
4Lsr15 4Lsr13 4Lr14 4Lr34 3Ir13 2r15 4Tr27 2r18	21	250	999997	exact
4Lsr15 4Lsr13 4Lr14 4Lr34 3Ir13 2r15 4Tr27 2r19	21	250	999997	exact
4Lsr15 4Lsr13 4Lr14 4Lr34 3Ir13 2r15 4Tr27 3Ir11	2r11	250	999995	exact
4Lsr15 4Lsr13 4Lr14 4Lr34 3Ir13 2r15 4Tr27 3Ir12	4Tr32	250	999995	exact
4Lsr15 4Lsr13 4Lr14 4Lr34 3Ir13 2r15 4Tr27 3Ir13	21	250	999997	exact
4Lsr15 4Lsr13 4Lr14 4Lr34 3Ir13 2r15 4Tr27 3Ir16	21	250	999997	exact
4Lsr15 4Lsr13 4Lr14 4Lr34 3Ir13 2r15 4Tr27 3Ir17	21	250	999997	exact
4Lsr15 4Lsr13 4Lr14 4Lr34 3Ir13 2r15 4Tr27 3Ir18	21	250	999997	exact
4Lsr15 4Lsr13 4Lr14 4Lr34 3Ir13 2r15 4Tr27 3Ir19	21	250	999997	exact
4Lsr15 4Lsr13 4Lr14 4Lr34 3Ir13 2r15 4Tr27 3L7	21	250	999997	exact
4Lsr15 4Lsr13 4Lr14 4Lr34 3Ir13 2r15 4Tr27 3Lr18	21	250	999997	exact
4Lsr15 4Lsr13 4Lr14 4Lr34 3Ir13 2r15 4Tr27 3Lr21	3L1	250	999997	exact
4Lsr15 4Lsr13 4Lr14 4Lr34 3Ir13 2r15 4Tr27 3Lr24	21	250	999997	exact
4Lsr15 4Lsr13 4Lr14 4Lr34 3Ir13 2r15 4Tr27 3Lr31	3Lr11	250	999997	exact
4Lsr15 4Lsr13 4Lr14 4Lr34 3Ir13 2r15 4Tr27 3Lr34	21	250	999997	exact
4Lsr15 4Lsr13 4Lr14 4Lr34 3Ir13 2r15 4Tr27 4S7	21	250	999997	exact
4Lsr15 4Lsr13 4Lr14 4Lr34 3Ir13 2r15 4Tr27 4Ss8	21	250	999997	exact
4Lsr15 4Lsr13 4Lr14 4Lr34 3Ir13 2r15 4Tr27 4Tr18	21	250	999997	exact
4Lsr15 4Lsr13 4Lr14 4Lr34 3Ir13 2r15 4Tr27 4Tr37	21	250	999997	exact
4Lsr15 4Lsr13 4Lr14 4Lr34 3Ir13 2r16	4Tr27	6	999995	exact
4Lsr15 4Lsr13 4Lr14 4Lr34 3Ir13 2r16 4Tr27 11	2r13	250	999995	exact
4Lsr15 4Lsr13 4Lr14 4Lr34 3Ir13 2r16 4Tr27 12	2r13	250	999995	exact
4Lsr15 4Lsr13 4Lr14 4Lr34 3Ir13 2r16 4Tr27 13	21	250	999997	exact
4Lsr15 4Lsr13 4Lr14 4Lr34 3Ir13 2r16 4Tr27 14	21	250	999997	exact
4Lsr15 4Lsr13 4Lr14 4Lr34 3Ir13 2r16 4Tr27 15	21	250	999997	exact
4Lsr15 4Lsr13 4Lr14 4Lr34 3Ir13 2r16 4Tr27 16	21	250	999997	exact
4Lsr15 4Lsr13 4Lr14 4Lr34 3Ir13 2r16 4Tr27 17	21	250	999997	exact
4Lsr15 4Lsr13 4Lr14 4Lr34 3Ir13 2r16 4Tr27 18	21	250	999997	exact
4Lsr15 4Lsr13 4Lr14 4Lr34 3Ir13 2r16 4Tr27 19	21	250	999997	exact
4Lsr15 4Lsr13 4Lr14 4Lr34 3Ir13 2r16 4Tr27 21	21	250	999997	exact
4Lsr15 4Lsr13 4Lr14 4Lr34 3Ir13 2r16 4Tr27 25	21	250	999997	exact
4Lsr15 4Lsr13 4Lr14 4Lr34 3Ir13 2r16 4Tr27 2r11	3Ir11	250	999995	exact
4Lsr15 4Lsr13 4Lr14 4Lr34 3Ir13 2r16 4Tr27 2r12	3Ir12	250	999995	exact
4Lsr15 4Lsr13 4Lr14 4Lr34 3Ir13 2r16 4Tr27 2r13	21	250	999997	exact
4Lsr15 4Lsr13 4Lr14 4Lr34 3Ir13 2r16 4Tr27 2r14	21	250	999997	exact
4Lsr15 4Lsr13 4Lr14 4Lr34 3Ir13 2r16 4Tr27 2r15	21	250	999997	exact
4Lsr15 4Lsr13 4Lr14 4Lr34 3Ir13 2r16 4Tr27 2r16	21	250	999997	exact
4Lsr15 4Lsr13 4Lr14 4Lr34 3Ir13 2r16 4Tr27 2r17	21	250	999997	exact
4Lsr15 4Lsr13 4Lr14 4Lr34 3Ir13 2r16 4Tr27 2r18	21	250	999997	exact
4Lsr15 4Lsr13 4Lr14 4Lr34 3Ir13 2r16 4Tr27 2r19	21	250	999997	exact
4Lsr15 4Lsr13 4Lr14 4Lr34 3Ir13 2r16 4Tr27 3Ir11	2r11	250	999995	exact
4Lsr15 4Lsr13 4Lr14 4Lr34 3Ir13 2r16 4Tr27 3Ir12	4Tr32	250	999995	exact
4Lsr15 4Lsr13 4Lr14 4Lr34 3Ir13 2r16 4Tr27 3Ir13	21	250	999997	exact
4Lsr15 4Lsr13 4Lr14 4Lr34 3Ir13 2r16 4Tr27 3Ir15	21	250	999997	exact
4Lsr15 4Lsr13 4Lr14 4Lr34 3Ir13 2r16 4Tr27 3Ir16	21	250	999997	exact
4Lsr15 4Lsr13 4Lr14 4Lr34 3Ir13 2r16 4Tr27 3Ir17	21	250	999997	exact
4Lsr15 4Lsr13 4Lr14 4Lr34 3Ir13 2r16 4Tr27 3Ir18	21	250	999997	exact
4Lsr15 4Lsr13 4Lr14 4Lr34 3Ir13 2r16 4Tr27 3Ir19	21	250	999997	exact
4Lsr15 4Lsr13 4Lr14 4Lr34 3Ir13 2r16 4Tr27 3L7	21	250	999997	exact
4Lsr15 4Lsr13 4Lr14 4Lr34 3Ir13 2r16 4Tr27 3Lr18	21	250	999997	exact
4Lsr15 4Lsr13 4Lr14 4Lr34 3Ir13 2r16 4Tr27 3Lr21	4S1	250	999997	exact
4Lsr15 4Lsr13 4Lr14 4Lr34 3Ir13 2r16 4Tr27 3Lr25	21	250	999997	exact
4Lsr15 4Lsr13 4Lr14 4Lr34 3Ir13 2r16 4Tr27 3Lr31	4Ss1	250	999997	exact
4Lsr15 4Lsr13 4Lr14 4Lr34 3Ir13 2r16 4Tr27 3Lr35	21	250	999997	exact
4Lsr15 4Lsr13 4Lr14 4Lr34 3Ir13 2r16 4Tr27 4S7	21	250	999997	exact
4Lsr15 4Lsr13 4Lr14 4Lr34 3Ir13 2r16 4Tr27 4Ss8	21	250	999997	exact
4Lsr15 4Lsr13 4Lr14 4Lr34 3Ir13 2r16 4Tr27 4Tr18	21	250	999997	exact
4Lsr15 4Lsr13 4Lr14 4Lr34 3Ir13 2r16 4Tr27 4Tr37	21	250	999997	exact
4Lsr15 4Lsr13 4Lr14 4Lr34 3Ir13 2r17	4Tr16	10	999993	exact
4Lsr15 4Lsr13 4Lr14 4Lr34 3Ir13 2r17 4Tr16 11	4Ss5	250	999993	exact
4Lsr15 4Lsr13 4Lr14 4Lr34 3Ir13 2r17 4Tr16 12	4S1	250	999993	exact
4Lsr15 4Lsr13 4Lr14 4Lr34 3Ir13 2r17 4Tr16 13	3Lr21	250	999993	exact
4Lsr15 4Lsr13 4Lr14 4Lr34 3Ir13 2r17 4Tr16 14	3Lr21	250	999993	exact
4Lsr15 4Lsr13 4Lr14 4Lr34 3Ir13 2r17 4Tr16 15	4Ss4	250	999995	exact
4Lsr15 4Lsr13 4Lr14 4Lr34 3Ir13 2r17 4Tr16 16	4Tr25	250	999993	exact
4Lsr15 4Lsr13 4Lr14 4Lr34 3Ir13 2r17 4Tr16 17	4Ss5	250	999995	exact
4Lsr15 4Lsr13 4Lr14 4Lr34 3Ir13 2r17 4Tr16 18	4Ss5	250	999995	exact
4Lsr15 4Lsr13 4Lr14 4Lr34 3Ir13 2r17 4Tr16 19	4Ss5	250	999995	exact
4Lsr15 4Lsr13 4Lr14 4Lr34 3Ir13 2r17 4Tr16 21	4Ss5	250	999995	exact
4Lsr15 4Lsr13 4Lr14 4Lr34 3Ir13 2r17 4Tr16 28	4Tr36	250	999993	exact
4Lsr15 4Lsr13 4Lr14 4Lr34 3Ir13 2r17 4Tr16 2r11	4Ss5	250	999995	exact
4Lsr15 4Lsr13 4Lr14 4Lr34 3Ir13 2r17 4Tr16 2r12	4Ss5	250	999995	exact
4Lsr15 4Lsr13 4Lr14 4Lr34 3Ir13 2r17 4Tr16 2r13	4Ss5	250	999995	exact
4Lsr15 4Lsr13 4Lr14 4Lr34 3Ir13 2r17 4Tr16 2r14	3Lr31	250	999993	exact
4Lsr15 4Lsr13 4Lr14 4Lr34 3Ir13 2r17 4Tr16 2r15	4Tr36	250	999995	exact
4Lsr15 4Lsr13 4Lr14 4Lr34 3Ir13 2r17 4Tr16 2r16	3Lr21	250	999993	exact
4Lsr15 4Lsr13 4Lr14 4Lr34 3Ir13 2r17 4Tr16 2r17	4Ss5	250	999995	exact
4Lsr15 4Lsr13 4Lr14 4Lr34 3Ir13 2r17 4Tr16 2r18	4Ss5	250	999995	exact
4Lsr15 4Lsr13 4Lr14 4Lr34 3Ir13 2r17 4Tr16 2r19	4Ss5	250	999995	exact
4Lsr15 4Lsr13 4Lr14 4Lr34 3Ir13 2r17 4Tr16 3Ir11	4Ss5	250	999995	exact
4Lsr15 4Lsr13 4Lr14 4Lr34 3Ir13 2r17 4Tr16 3Ir12	4Ss5	250	999995	exact
4Lsr15 4Lsr13 4Lr14 4Lr34 3Ir13 2r17 4Tr16 3Ir13	3Lr21	250	999993	exact
4Lsr15 4Lsr13 4Lr14 4Lr34 3Ir13 2r17 4Tr16 3Ir15	3Lr21	250	999993	exact
4Lsr15 4Lsr13 4Lr14 4Lr34 3Ir13 2r17 4Tr16 3Ir16	3Lr21	250	999993	exact
4Lsr15 4Lsr13 4Lr14 4Lr34 3Ir13 2r17 4Tr16 3Ir17	4Ss5	250	999995	exact
4Lsr15 4Lsr13 4Lr14 4Lr34 3Ir13 2r17 4Tr16 3Ir18	4Ss5	250	999995	exact
4Lsr15 4Lsr13 4Lr14 4Lr34 3Ir13 2r17 4Tr16 3Ir19	4Ss5	250	999995	exact
4Lsr15 4Lsr13 4Lr14 4Lr34 3Ir13 2r17 4Tr16 3L6	3Lr31	250	999993	exact
4Lsr15 4Lsr13 4Lr14 4Lr34 3Ir13 2r17 4Tr16 3Lr15	4Ss6	250	999995	exact
4Lsr15 4Lsr13 4Lr14 4Lr34 3Ir13 2r17 4Tr16 3Lr21	4Ss5	250	999995	exact
4Lsr15 4Lsr13 4Lr14 4Lr34 3Ir13 2r17 4Tr16 3Lr28	4Ss5	250	999995	exact
4Lsr15 4Lsr13 4Lr14 4Lr34 3Ir13 2r17 4Tr16 3Lr31	4Ss5	250	999995	exact
4Lsr15 4Lsr13 4Lr14 4Lr34 3Ir13 2r17 4Tr16 3Lr38	4Ss5	250	999995	exact
4Lsr15 4Lsr13 4Lr14 4Lr34 3Ir13 2r17 4Tr16 4S6	21	250	999993	exact
4Lsr15 4Lsr13 4Lr14 4Lr34 3Ir13 2r17 4Tr16 4Ss5	4Ss6	250	999993	exact
4Lsr15 4Lsr13 4Lr14 4Lr34 3Ir13 2r17 4Tr16 4T5	3Lr31	250	999993	exact
4Lsr15 4Lsr13 4Lr14 4Lr34 3Ir13 2r17 4Tr16 4Tr15	3Lr21	250	999993	exact
4Lsr15 4Lsr13 4Lr14 4Lr34 3Ir13 2r17 4Tr16 4Tr36	21	250	999993	exact
4Lsr15 4Lsr13 4Lr14 4Lr34 3Ir13 2r18	3Lr21	17	999987	exact
4Lsr15 4Lsr13 4Lr14 4Lr34 3Ir13 2r18 3Lr21 11	2r18	250	999987	exact
4Lsr15 4Lsr13 4Lr14 4Lr34 3Ir13 2r18 3Lr21 12	3Ir18	250	999987	exact
4Lsr15 4Lsr13 4Lr14 4Lr34 3Ir13 2r18 3Lr21 13	2r18	250	999987	exact
4Lsr15 4Lsr13 4Lr14 4Lr34 3Ir13 2r18 3Lr21 14	3Ir18	250	999987	exact
4Lsr15 4Lsr13 4Lr14 4Lr34 3Ir13 2r18 3Lr21 15	4Ss4	250	999987	exact
4Lsr15 4Lsr13 4Lr14 4Lr34 3Ir13 2r18 3Lr21 16	4Ss5	250	999987	exact
4Lsr15 4Lsr13 4Lr14 4Lr34 3Ir13 2r18 3Lr21 17	3Ir16	250	999987	exact
4Lsr15 4Lsr13 4Lr14 4Lr34 3Ir13 2r18 3Lr21 18	2r14	250	999987	exact
4Lsr15 4Lsr13 4Lr14 4Lr34 3Ir13 2r18 3Lr21 19	4Ss8	250	999995	exact
4Lsr15 4Lsr13 4Lr14 4Lr34 3Ir13 2r18 3Lr21 2r11	3Ir16	250	999987	exact
4Lsr15 4Lsr13 4Lr14 4Lr34 3Ir13 2r18 3Lr21 2r12	3Ir16	250	999987	exact
4Lsr15 4Lsr13 4Lr14 4Lr34 3Ir13 2r18 3Lr21 2r13	4S3	250	999987	exact
4Lsr15 4Lsr13 4Lr14 4Lr34 3Ir13 2r18 3Lr21 2r14	2r16	250	999987	exact
4Lsr15 4Lsr13 4Lr14 4Lr34 3Ir13 2r18 3Lr21 2r15	13	250	999987	exact
4Lsr15 4Lsr13 4Lr14 4Lr34 3Ir13 2r18 3Lr21 2r16	3Ir18	250	999991	exact
4Lsr15 4Lsr13 4Lr14 4Lr34 3Ir13 2r18 3Lr21 2r17	3Ir16	250	999987	exact
4Lsr15 4Lsr13 4Lr14 4Lr34 3Ir13 2r18 3Lr21 2r18	2r14	250	999987	exact
4Lsr15 4Lsr13 4Lr14 4Lr34 3Ir13 2r18 3Lr21 2r19	3Ir16	250	999987	exact
4Lsr15 4Lsr13 4Lr14 4Lr34 3Ir13 2r18 3Lr21 3Ir11	3Ir18	250	999987	exact
4Lsr15 4Lsr13 4Lr14 4Lr34 3Ir13 2r18 3Lr21 3Ir12	3Ir16	250	999987	exact
4Lsr15 4Lsr13 4Lr14 4Lr34 3Ir13 2r18 3Lr21 3Ir13	2r18	250	999987	exact
4Lsr15 4Lsr13 4Lr14 4Lr34 3Ir13 2r18 3Lr21 3Ir15	3Ir16	250	999987	exact
4Lsr15 4Lsr13 4Lr14 4Lr34 3Ir13 2r18 3Lr21 3Ir16	2r14	250	999987	exact
4Lsr15 4Lsr13 4Lr14 4Lr34 3Ir13 2r18 3Lr21 3Ir17	3Ir16	250	999987	exact
4Lsr15 4Lsr13 4Lr14 4Lr34 3Ir13 2r18 3Lr21 3Ir18	2r14	250	999987	exact
4Lsr15 4Lsr13 4Lr14 4Lr34 3Ir13 2r18 3Lr21 3Ir19	4S8	250	999987	exact
4Lsr15 4Lsr13 4Lr14 4Lr34 3Ir13 2r18 3Lr21 3L1	3Ir16	250	999987	exact
4Lsr15 4Lsr13 4Lr14 4Lr34 3Ir13 2r18 3Lr21 4S1	4S1	250	999987	exact
4Lsr15 4Lsr13 4Lr14 4Lr34 3Ir13 2r18 3Lr21 4Tr31	3Ir16	250	999987	exact
4Lsr15 4Lsr13 4Lr14 4Lr34 3Ir13 2r19	19	16	999988	exact
4Lsr15 4Lsr13 4Lr14 4Lr34 3Ir13 2r19 19 11	3Ir16	250	999988	exact
4Lsr15 4Lsr13 4Lr14 4Lr34 3Ir13 2r19 19 12	3Ir16	250	999988	exact
4Lsr15 4Lsr13 4Lr14 4Lr34 3Ir13 2r19 19 13	3Lr27	250	999989	exact
4Lsr15 4Lsr13 4Lr14 4Lr34 3Ir13 2r19 19 14	3Ir16	250	999988	exact
4Lsr15 4Lsr13 4Lr14 4Lr34 3Ir13 2r19 19 15	3Ir16	250	999988	exact
4Lsr15 4Lsr13 4Lr14 4Lr34 3Ir13 2r19 19 16	4Ss5	250	999989	exact
4Lsr15 4Lsr13 4Lr14 4Lr34 3Ir13 2r19 19 17	3Ir16	250	999988	exact
4Lsr15 4Lsr13 4Lr14 4Lr34 3Ir13 2r19 19 18	3Ir16	250	999988	exact
4Lsr15 4Lsr13 4Lr14 4Lr34 3Ir13 2r19 19 19	3Ir16	250	999988	exact
4Lsr15 4Lsr13 4Lr14 4Lr34 3Ir13 2r19 19 21	3Lr21	250	999989	exact
4Lsr15 4Lsr13 4Lr14 4Lr34 3Ir13 2r19 19 27	3Lr21	250	999989	exact
4Lsr15 4Lsr13 4Lr14 4Lr34 3Ir13 2r19 19 2r11	2r11	250	999988	exact
4Lsr15 4Lsr13 4Lr14 4Lr34 3Ir13 2r19 19 2r12	2r12	250	999989	exact
4Lsr15 4Lsr13 4Lr14 4Lr34 3Ir13 2r19 19 2r13	3Ir16	250	999988	exact
4Lsr15 4Lsr13 4Lr14 4Lr34 3Ir13 2r19 19 2r14	3Lr21	250	999989	exact
4Lsr15 4Lsr13 4Lr14 4Lr34 3Ir13 2r19 19 2r15	3Lr21	250	999989	exact
4Lsr15 4Lsr13 4Lr14 4Lr34 3Ir13 2r19 19 2r16	3Lr21	250	999989	exact
4Lsr15 4Lsr13 4Lr14 4Lr34 3Ir13 2r19 19 2r17	2r16	250	999988	exact
4Lsr15 4Lsr13 4Lr14 4Lr34 3Ir13 2r19 19 2r18	2r18	250	999989	exact
4Lsr15 4Lsr13 4Lr14 4Lr34 3Ir13 2r19 19 2r19	3Ir16	250	999988	exact
4Lsr15 4Lsr13 4Lr14 4Lr34 3Ir13 2r19 19 3Ir11	3Lr27	250	999988	exact
4Lsr15 4Lsr13 4Lr14 4Lr34 3Ir13 2r19 19 3Ir12	4S2	250	999988	exact
4Lsr15 4Lsr13 4Lr14 4Lr34 3Ir13 2r19 19 3Ir13	3Lr21	250	999988	exact
4Lsr15 4Lsr13 4Lr14 4Lr34 3Ir13 2r19 19 3Ir15	3Ir16	250	999988	exact
4Lsr15 4Lsr13 4Lr14 4Lr34 3Ir13 2r19 19 3Ir16	3Lr27	250	999988	exact
4Lsr15 4Lsr13 4Lr14 4Lr34 3Ir13 2r19 19 3Ir17	2r16	250	999988	exact
4Lsr15 4Lsr13 4Lr14 4Lr34 3Ir13 2r19 19 3Ir18	2r14	250	999988	exact
4Lsr15 4Lsr13 4Lr14 4Lr34 3Ir13 2r19 19 3Ir19	2r14	250	999988	exact
4Lsr15 4Lsr13 4Lr14 4Lr34 3Ir13 2r19 19 3Lr21	2r16	250	999989	exact
4Lsr15 4Lsr13 4Lr14 4Lr34 3Ir13 2r19 19 3Lr27	4S7	250	999989	exact
4Lsr15 4Lsr13 4Lr14 4Lr34 3Ir13 2r19 19 3Lr31	2r16	250	999988	exact
4Lsr15 4Lsr13 4Lr14 4Lr34 3Ir13 2r19 19 3Lr37	3Ir16	250	999989	exact
4Lsr15 4Lsr13 4Lr14 4Lr34 3Ir13 3I7	4Tr27	6	999995	exact
4Lsr15 4Lsr13 4Lr14 4Lr34 3Ir13 3I7 4Tr27 11	3Lr11	250	999997	exact
4Lsr15 4Lsr13 4Lr14 4Lr34 3Ir13 3I7 4Tr27 12	3L1	250	999997	exact
4Lsr15 4Lsr13 4Lr14 4Lr34 3Ir13 3I7 4Tr27 13	21	250	999997	exact
4Lsr15 4Lsr13 4Lr14 4Lr34 3Ir13 3I7 4Tr27 14	21	250	999997	exact
4Lsr15 4Lsr13 4Lr14 4Lr34 3Ir13 3I7 4Tr27 15	21	250	999997	exact
4Lsr15 4Lsr13 4Lr14 4Lr34 3Ir13 3I7 4Tr27 16	21	250	999997	exact
4Lsr15 4Lsr13 4Lr14 4Lr34 3Ir13 3I7 4Tr27 17	21	250	999997	exact
4Lsr15 4Lsr13 4Lr14 4Lr34 3Ir13 3I7 4Tr27 18	21	250	999997	exact
4Lsr15 4Lsr13 4Lr14 4Lr34 3Ir13 3I7 4Tr27 19	21	250	999997	exact
4Lsr15 4Lsr13 4Lr14 4Lr34 3Ir13 3I7 4Tr27 21	21	250	999997	exact
4Lsr15 4Lsr13 4Lr14 4Lr34 3Ir13 3I7 4Tr27 2r11	2r11	250	999995	exact
4Lsr15 4Lsr13 4Lr14 4Lr34 3Ir13 3I7 4Tr27 2r12	3Ir12	250	999995	exact
4Lsr15 4Lsr13 4Lr14 4Lr34 3Ir13 3I7 4Tr27 2r13	21	250	999997	exact
4Lsr15 4Lsr13 4Lr14 4Lr34 3Ir13 3I7 4Tr27 2r14	21	250	999997	exact
4Lsr15 4Lsr13 4Lr14 4Lr34 3Ir13 3I7 4Tr27 2r15	21	250	999997	exact
4Lsr15 4Lsr13 4Lr14 4Lr34 3Ir13 3I7 4Tr27 2r16	21	250	999997	exact
4Lsr15 4Lsr13 4Lr14 4Lr34 3Ir13 3I7 4Tr27 2r17	21	250	999997	exact
4Lsr15 4Lsr13 4Lr14 4Lr34 3Ir13 3I7 4Tr27 2r18	21	250	999997	exact
4Lsr15 4Lsr13 4Lr14 4Lr34 3Ir13 3I7 4Tr27 2r19	21	250	999997	exact
4Lsr15 4Lsr13 4Lr14 4Lr34 3Ir13 3I7 4Tr27 3Ir11	2r11	250	999995	exact
4Lsr15 4Lsr13 4Lr14 4Lr34 3Ir13 3I7 4Tr27 3Ir12	4S2	250	999995	exact
4Lsr15 4Lsr13 4Lr14 4Lr34 3Ir13 3I7 4Tr27 3Ir13	21	250	999997	exact
4Lsr15 4Lsr13 4Lr14 4Lr34 3Ir13 3I7 4Tr27 3Ir15	21	250	999997	exact
4Lsr15 4Lsr13 4Lr14 4Lr34 3Ir13 3I7 4Tr27 3Ir16	21	250	999997	exact
4Lsr15 4Lsr13 4Lr14 4Lr34 3Ir13 3I7 4Tr27 3Ir17	21	250	999997	exact
4Lsr15 4Lsr13 4Lr14 4Lr34 3Ir13 3I7 4Tr27 3Ir18	21	250	999997	exact
4Lsr15 4Lsr13 4Lr14 4Lr34 3Ir13 3I7 4Tr27 3Ir19	21	250	999997	exact
4Lsr15 4Lsr13 4Lr14 4Lr34 3Ir13 3I7 4Tr27 3L7	21	250	999997	exact
4Lsr15 4Lsr13 4Lr14 4Lr34 3Ir13 3I7 4Tr27 3Lr16	21	250	999997	exact
4Lsr15 4Lsr13 4Lr14 4Lr34 3Ir13 3I7 4Tr27 3Lr18	21	250	999997	exact
4Lsr15 4Lsr13 4Lr14 4Lr34 3Ir13 3I7 4Tr27 3Lr21	3L1	250	999997	exact
4Lsr15 4Lsr13 4Lr14 4Lr34 3Ir13 3I7 4Tr27 3Lr31	3Lr11	250	999997	exact
4Lsr15 4Lsr13 4Lr14 4Lr34 3Ir13 3I7 4Tr27 4S7	21	250	999997	exact
4Lsr15 4Lsr13 4Lr14 4Lr34 3Ir13 3I7 4Tr27 4Ss6	21	250	999997	exact
4Lsr15 4Lsr13 4Lr14 4Lr34 3Ir13 3I7 4Tr27 4Ss8	21	250	999997	exact
4Lsr15 4Lsr13 4Lr14 4Lr34 3Ir13 3I7 4Tr27 4T6	21	250	999997	exact
4Lsr15 4Lsr13 4Lr14 4Lr34 3Ir13 3I7 4Tr27 4Tr16	21	250	999997	exact
4Lsr15 4Lsr13 4Lr14 4Lr34 3Ir13 3I7 4Tr27 4Tr18	21	250	999997	exact
4Lsr15 4Lsr13 4Lr14 4Lr34 3Ir13 3I7 4Tr27 4Tr37	21	250	999997	exact
4Lsr15 4Lsr13 4Lr14 4Lr34 3Ir13 3Ir11	4Tr27	18	999989	exact
4Lsr15 4Lsr13 4Lr14 4Lr34 3Ir13 3Ir11 4Tr27 11	3Ir13	250	999989	exact
4Lsr15 4Lsr13 4Lr14 4Lr34 3Ir13 3Ir11 4Tr27 12	3Ir11	250	999993	exact
4Lsr15 4Lsr13 4Lr14 4Lr34 3Ir13 3Ir11 4Tr27 13	11	250	999995	exact
4Lsr15 4Lsr13 4Lr14 4Lr34 3Ir13 3Ir11 4Tr27 14	11	250	999993	exact
4Lsr15 4Lsr13 4Lr14 4Lr34 3Ir13 3Ir11 4Tr27 15	2r11	250	999995	exact
4Lsr15 4Lsr13 4Lr14 4Lr34 3Ir13 3Ir11 4Tr27 16	4Ss5	250	999989	exact
4Lsr15 4Lsr13 4Lr14 4Lr34 3Ir13 3Ir11 4Tr27 17	2r11	250	999995	exact
4Lsr15 4Lsr13 4Lr14 4Lr34 3Ir13 3Ir11 4Tr27 18	2r11	250	999995	exact
4Lsr15 4Lsr13 4Lr14 4Lr34 3Ir13 3Ir11 4Tr27 19	2r11	250	999995	exact
4Lsr15 4Lsr13 4Lr14 4Lr34 3Ir13 3Ir11 4Tr27 2r11	2r13	250	999989	exact
4Lsr15 4Lsr13 4Lr14 4Lr34 3Ir13 3Ir11 4Tr27 2r12	4Tr11	250	999997	exact
4Lsr15 4Lsr13 4Lr14 4Lr34 3Ir13 3Ir11 4Tr27 2r13	2r11	250	999995	exact
4Lsr15 4Lsr13 4Lr14 4Lr34 3Ir13 3Ir11 4Tr27 2r14	2r11	250	999995	exact
4Lsr15 4Lsr13 4Lr14 4Lr34 3Ir13 3Ir11 4Tr27 2r15	2r11	250	999995	exact
4Lsr15 4Lsr13 4Lr14 4Lr34 3Ir13 3Ir11 4Tr27 2r16	2r11	250	999995	exact
4Lsr15 4Lsr13 4Lr14 4Lr34 3Ir13 3Ir11 4Tr27 2r17	2r11	250	999995	exact
4Lsr15 4Lsr13 4Lr14 4Lr34 3Ir13 3Ir11 4Tr27 2r18	2r11	250	999995	exact
4Lsr15 4Lsr13 4Lr14 4Lr34 3Ir13 3Ir11 4Tr27 2r19	2r11	250	999989	exact
4Lsr15 4Lsr13 4Lr14 4Lr34 3Ir13 3Ir11 4Tr27 3Ir11	2r14	250	999989	exact
4Lsr15 4Lsr13 4Lr14 4Lr34 3Ir13 3Ir11 4Tr27 3Ir12	4Ssr11	250	999997	exact
4Lsr15 4Lsr13 4Lr14 4Lr34 3Ir13 3Ir11 4Tr27 3Ir13	2r11	250	999995	exact
4Lsr15 4Lsr13 4Lr14 4Lr34 3Ir13 3Ir11 4Tr27 3Ir15	2r11	250	999995	exact
4Lsr15 4Lsr13 4Lr14 4Lr34 3Ir13 3Ir11 4Tr27 3Ir16	2r11	250	999993	exact
4Lsr15 4Lsr13 4Lr14 4Lr34 3Ir13 3Ir11 4Tr27 3Ir17	2r11	250	999995	exact
4Lsr15 4Lsr13 4Lr14 4Lr34 3Ir13 3Ir11 4Tr27 3Ir18	2r11	250	999995	exact
4Lsr15 4Lsr13 4Lr14 4Lr34 3Ir13 3Ir11 4Tr27 3Ir19	2r11	250	999995	exact
4Lsr15 4Lsr13 4Lr14 4Lr34 3Ir13 3Ir11 4Tr27 3L7	2r11	250	999995	exact
4Lsr15 4Lsr13 4Lr14 4Lr34 3Ir13 3Ir11 4Tr27 3Lr18	2r11	250	999993	exact
4Lsr15 4Lsr13 4Lr14 4Lr34 3Ir13 3Ir11 4Tr27 4S7	2r11	250	999993	exact
4Lsr15 4Lsr13 4Lr14 4Lr34 3Ir13 3Ir11 4Tr27 4Ss8	2r11	250	999995	exact
4Lsr15 4Lsr13 4Lr14 4Lr34 3Ir13 3Ir11 4Tr27 4Tr18	2r11	250	999995	exact
4Lsr15 4Lsr13 4Lr14 4Lr34 3Ir13 3Ir11 4Tr27 4Tr37	2r11	250	999993	exact
4Lsr15 4Lsr13 4Lr14 4Lr34 3Ir13 3Ir12	4Tr32	5	999995	exact
4Lsr15 4Lsr13 4Lr14 4Lr34 3Ir13 3Ir12 4Tr32 11	3Ir12	250	999997	exact
4Lsr15 4Lsr13 4Lr14 4Lr34 3Ir13 3Ir12 4Tr32 12	4Tr27	250	999995	exact
4Lsr15 4Lsr13 4Lr14 4Lr34 3Ir13 3Ir12 4Tr32 13	4Tr27	250	999995	exact
4Lsr15 4Lsr13 4Lr14 4Lr34 3Ir13 3Ir12 4Tr32 14	3Ir12	250	999997	exact
4Lsr15 4Lsr13 4Lr14 4Lr34 3Ir13 3Ir12 4Tr32 15	3Ir12	250	999997	exact
4Lsr15 4Lsr13 4Lr14 4Lr34 3Ir13 3Ir12 4Tr32 16	3Ir12	250	999997	exact
4Lsr15 4Lsr13 4Lr14 4Lr34 3Ir13 3Ir12 4Tr32 17	3Ir12	250	999997	exact
4Lsr15 4Lsr13 4Lr14 4Lr34 3Ir13 3Ir12 4Tr32 18	3Ir12	250	999997	exact
4Lsr15 4Lsr13 4Lr14 4Lr34 3Ir13 3Ir12 4Tr32 19	3Ir12	250	999997	exact
4Lsr15 4Lsr13 4Lr14 4Lr34 3Ir13 3Ir12 4Tr32 27	3Ir12	250	999997	exact
4Lsr15 4Lsr13 4Lr14 4Lr34 3Ir13 3Ir12 4Tr32 28	3Ir12	250	999997	exact
4Lsr15 4Lsr13 4Lr14 4Lr34 3Ir13 3Ir12 4Tr32 2r11	3Ir12	250	999997	exact
4Lsr15 4Lsr13 4Lr14 4Lr34 3Ir13 3Ir12 4Tr32 2r12	4Tr27	250	999995	exact
4Lsr15 4Lsr13 4Lr14 4Lr34 3Ir13 3Ir12 4Tr32 2r13	3Ir12	250	999997	exact
4Lsr15 4Lsr13 4Lr14 4Lr34 3Ir13 3Ir12 4Tr32 2r14	3Ir12	250	999997	exact
4Lsr15 4Lsr13 4Lr14 4Lr34 3Ir13 3Ir12 4Tr32 2r15	3Ir12	250	999997	exact
4Lsr15 4Lsr13 4Lr14 4Lr34 3Ir13 3Ir12 4Tr32 2r16	3Ir12	250	999997	exact
4Lsr15 4Lsr13 4Lr14 4Lr34 3Ir13 3Ir12 4Tr32 2r17	3Ir12	250	999997	exact
4Lsr15 4Lsr13 4Lr14 4Lr34 3Ir13 3Ir12 4Tr32 2r18	3Ir12	250	999997	exact
4Lsr15 4Lsr13 4Lr14 4Lr34 3Ir13 3Ir12 4Tr32 2r19	3Ir12	250	999997	exact
4Lsr15 4Lsr13 4Lr14 4Lr34 3Ir13 3Ir12 4Tr32 3I7	3Ir12	250	999997	exact
4Lsr15 4Lsr13 4Lr14 4Lr34 3Ir13 3Ir12 4Tr32 3Ir11	3Ir12	250	999997	exact
4Lsr15 4Lsr13 4Lr14 4Lr34 3Ir13 3Ir12 4Tr32 3Ir12	4Tr27	250	999995	exact
4Lsr15 4Lsr13 4Lr14 4Lr34 3Ir13 3Ir12 4Tr32 3Ir13	3Ir12	250	999997	exact
4Lsr15 4Lsr13 4Lr14 4Lr34 3Ir13 3Ir12 4Tr32 3Ir15	3Ir12	250	999997	exact
4Lsr15 4Lsr13 4Lr14 4Lr34 3Ir13 3Ir12 4Tr32 3Ir16	3Ir12	250	999997	exact
4Lsr15 4Lsr13 4Lr14 4Lr34 3Ir13 3Ir12 4Tr32 3Ir17	3Ir12	250	999997	exact
4Lsr15 4Lsr13 4Lr14 4Lr34 3Ir13 3Ir12 4Tr32 3Ir18	3Ir12	250	999997	exact
4Lsr15 4Lsr13 4Lr14 4Lr34 3Ir13 3Ir12 4Tr32 3Ir19	3Ir12	250	999997	exact
4Lsr15 4Lsr13 4Lr14 4Lr34 3Ir13 3Ir12 4Tr32 3Lr12	4Tr27	250	999995	exact
4Lsr15 4Lsr13 4Lr14 4Lr34 3Ir13 3Ir12 4Tr32 3Lr27	3Ir12	250	999997	exact
4Lsr15 4Lsr13 4Lr14 4Lr34 3Ir13 3Ir12 4Tr32 3Lr28	3Ir12	250	999997	exact
4Lsr15 4Lsr13 4Lr14 4Lr34 3Ir13 3Ir12 4Tr32 3Lr37	3Ir12	250	999997	exact
4Lsr15 4Lsr13 4Lr14 4Lr34 3Ir13 3Ir12 4Tr32 3Lr38	3Ir12	250	999997	exact
4Lsr15 4Lsr13 4Lr14 4Lr34 3Ir13 3Ir12 4Tr32 4Ss2	4Tr27	250	999995	exact
4Lsr15 4Lsr13 4Lr14 4Lr34 3Ir13 3Ir12 4Tr32 4Tr12	4Tr27	250	999995	exact
4Lsr15 4Lsr13 4Lr14 4Lr34 3Ir13 3Ir12 4Tr32 4Tr27	4Tr12	250	999995	exact
4Lsr15 4Lsr13 4Lr14 4Lr34 3Ir13 3Ir13	4Tr27	6	999995	exact
4Lsr15 4Lsr13 4Lr14 4Lr34 3Ir13 3Ir13 4Tr27 11	3Lr11	250	999997	exact
4Lsr15 4Lsr13 4Lr14 4Lr34 3Ir13 3Ir13 4Tr27 12	4S1	250	999997	exact
4Lsr15 4Lsr13 4Lr14 4Lr34 3Ir13 3Ir13 4Tr27 13	21	250	999997	exact
4Lsr15 4Lsr13 4Lr14 4Lr34 3Ir13 3Ir13 4Tr27 14	21	250	999997	exact
4Lsr15 4Lsr13 4Lr14 4Lr34 3Ir13 3Ir13 4Tr27 15	21	250	999997	exact
4Lsr15 4Lsr13 4Lr14 4Lr34 3Ir13 3Ir13 4Tr27 16	21	250	999997	exact
4Lsr15 4Lsr13 4Lr14 4Lr34 3Ir13 3Ir13 4Tr27 17	21	250	999997	exact
4Lsr15 4Lsr13 4Lr14 4Lr34 3Ir13 3Ir13 4Tr27 18	21	250	999997	exact
4Lsr15 4Lsr13 4Lr14 4Lr34 3Ir13 3Ir13 4Tr27 19	21	250	999997	exact
4Lsr15 4Lsr13 4Lr14 4Lr34 3Ir13 3Ir13 4Tr27 21	21	250	999997	exact
4Lsr15 4Lsr13 4Lr14 4Lr34 3Ir13 3Ir13 4Tr27 23	21	250	999997	exact
4Lsr15 4Lsr13 4Lr14 4Lr34 3Ir13 3Ir13 4Tr27 2r11	3Ir11	250	999995	exact
4Lsr15 4Lsr13 4Lr14 4Lr34 3Ir13 3Ir13 4Tr27 2r12	3Ir12	250	999995	exact
4Lsr15 4Lsr13 4Lr14 4Lr34 3Ir13 3Ir13 4Tr27 2r13	3Lr21	250	999997	exact
4Lsr15 4Lsr13 4Lr14 4Lr34 3Ir13 3Ir13 4Tr27 2r14	3Lr21	250	999997	exact
4Lsr15 4Lsr13 4Lr14 4Lr34 3Ir13 3Ir13 4Tr27 2r15	3Lr21	250	999997	exact
4Lsr15 4Lsr13 4Lr14 4Lr34 3Ir13 3Ir13 4Tr27 2r16	3Lr21	250	999997	exact
4Lsr15 4Lsr13 4Lr14 4Lr34 3Ir13 3Ir13 4Tr27 2r17	21	250	999997	exact
4Lsr15 4Lsr13 4Lr14 4Lr34 3Ir13 3Ir13 4Tr27 2r18	21	250	999997	exact
4Lsr15 4Lsr13 4Lr14 4Lr34 3Ir13 3Ir13 4Tr27 2r19	21	250	999997	exact
4Lsr15 4Lsr13 4Lr14 4Lr34 3Ir13 3Ir13 4Tr27 3Ir11	2r11	250	999995	exact
4Lsr15 4Lsr13 4Lr14 4Lr34 3Ir13 3Ir13 4Tr27 3Ir12	2r12	250	999995	exact
4Lsr15 4Lsr13 4Lr14 4Lr34 3Ir13 3Ir13 4Tr27 3Ir15	21	250	999997	exact
4Lsr15 4Lsr13 4Lr14 4Lr34 3Ir13 3Ir13 4Tr27 3Ir16	21	250	999997	exact
4Lsr15 4Lsr13 4Lr14 4Lr34 3Ir13 3Ir13 4Tr27 3Ir17	21	250	999997	exact
4Lsr15 4Lsr13 4Lr14 4Lr34 3Ir13 3Ir13 4Tr27 3Ir18	21	250	999997	exact
4Lsr15 4Lsr13 4Lr14 4Lr34 3Ir13 3Ir13 4Tr27 3Ir19	21	250	999997	exact
4Lsr15 4Lsr13 4Lr14 4Lr34 3Ir13 3Ir13 4Tr27 3L7	21	250	999997	exact
4Lsr15 4Lsr13 4Lr14 4Lr34 3Ir13 3Ir13 4Tr27 3Lr18	21	250	999997	exact
4Lsr15 4Lsr13 4Lr14 4Lr34 3Ir13 3Ir13 4Tr27 3Lr21	4S1	250	999997	exact
4Lsr15 4Lsr13 4Lr14 4Lr34 3Ir13 3Ir13 4Tr27 3Lr23	21	250	999997	exact
4Lsr15 4Lsr13 4Lr14 4Lr34 3Ir13 3Ir13 4Tr27 3Lr31	4Ss1	250	999997	exact
4Lsr15 4Lsr13 4Lr14 4Lr34 3Ir13 3Ir13 4Tr27 3Lr33	21	250	999997	exact
4Lsr15 4Lsr13 4Lr14 4Lr34 3Ir13 3Ir13 4Tr27 4S7	21	250	999997	exact
4Lsr15 4Lsr13 4Lr14 4Lr34 3Ir13 3Ir13 4Tr27 4Ss8	21	250	999997	exact
4Lsr15 4Lsr13 4Lr14 4Lr34 3Ir13 3Ir13 4Tr27 4Tr18	21	250	999997	exact
4Lsr15 4Lsr13 4Lr14 4Lr34 3Ir13 3Ir13 4Tr27 4Tr37	21	250	999997	exact
4Lsr15 4Lsr13 4Lr14 4Lr34 3Ir13 3Ir15	4Tr27	6	999995	exact
4Lsr15 4Lsr13 4Lr14 4Lr34 3Ir13 3Ir15 4Tr27 11	3Lr11	250	999997	exact
4Lsr15 4Lsr13 4Lr14 4Lr34 3Ir13 3Ir15 4Tr27 12	3L1	250	999997	exact
4Lsr15 4Lsr13 4Lr14 4Lr34 3Ir13 3Ir15 4Tr27 13	21	250	999997	exact
4Lsr15 4Lsr13 4Lr14 4Lr34 3Ir13 3Ir15 4Tr27 14	21	250	999997	exact
4Lsr15 4Lsr13 4Lr14 4Lr34 3Ir13 3Ir15 4Tr27 15	21	250	999997	exact
4Lsr15 4Lsr13 4Lr14 4Lr34 3Ir13 3Ir15 4Tr27 16	3Lr21	250	999997	exact
4Lsr15 4Lsr13 4Lr14 4Lr34 3Ir13 3Ir15 4Tr27 17	21	250	999997	exact
4Lsr15 4Lsr13 4Lr14 4Lr34 3Ir13 3Ir15 4Tr27 18	21	250	999997	exact
4Lsr15 4Lsr13 4Lr14 4Lr34 3Ir13 3Ir15 4Tr27 19	21	250	999997	exact
4Lsr15 4Lsr13 4Lr14 4Lr34 3Ir13 3Ir15 4Tr27 21	21	250	999997	exact
4Lsr15 4Lsr13 4Lr14 4Lr34 3Ir13 3Ir15 4Tr27 2r11	2r11	250	999995	exact
4Lsr15 4Lsr13 4Lr14 4Lr34 3Ir13 3Ir15 4Tr27 2r12	3Ir12	250	999995	exact
4Lsr15 4Lsr13 4Lr14 4Lr34 3Ir13 3Ir15 4Tr27 2r13	21	250	999997	exact
4Lsr15 4Lsr13 4Lr14 4Lr34 3Ir13 3Ir15 4Tr27 2r14	21	250	999997	exact
4Lsr15 4Lsr13 4Lr14 4Lr34 3Ir13 3Ir15 4Tr27 2r16	21	250	999997	exact
4Lsr15 4Lsr13 4Lr14 4Lr34 3Ir13 3Ir15 4Tr27 2r17	21	250	999997	exact
4Lsr15 4Lsr13 4Lr14 4Lr34 3Ir13 3Ir15 4Tr27 2r18	21	250	999997	exact
4Lsr15 4Lsr13 4Lr14 4Lr34 3Ir13 3Ir15 4Tr27 2r19	21	250	999997	exact
4Lsr15 4Lsr13 4Lr14 4Lr34 3Ir13 3Ir15 4Tr27 3Ir11	2r11	250	999995	exact
4Lsr15 4Lsr13 4Lr14 4Lr34 3Ir13 3Ir15 4Tr27 3Ir12	4Tr32	250	999995	exact
4Lsr15 4Lsr13 4Lr14 4Lr34 3Ir13 3Ir15 4Tr27 3Ir13	21	250	999997	exact
4Lsr15 4Lsr13 4Lr14 4Lr34 3Ir13 3Ir15 4Tr27 3Ir16	21	250	999997	exact
4Lsr15 4Lsr13 4Lr14 4Lr34 3Ir13 3Ir15 4Tr27 3Ir17	21	250	999997	exact
4Lsr15 4Lsr13 4Lr14 4Lr34 3Ir13 3Ir15 4Tr27 3Ir18	21	250	999997	exact
4Lsr15 4Lsr13 4Lr14 4Lr34 3Ir13 3Ir15 4Tr27 3Ir19	21	250	999997	exact
4Lsr15 4Lsr13 4Lr14 4Lr34 3Ir13 3Ir15 4Tr27 3L4	21	250	999997	exact
4Lsr15 4Lsr13 4Lr14 4Lr34 3Ir13 3Ir15 4Tr27 3L7	21	250	999997	exact
4Lsr15 4Lsr13 4Lr14 4Lr34 3Ir13 3Ir15 4Tr27 3Lr18	21	250	999997	exact
4Lsr15 4Lsr13 4Lr14 4Lr34 3Ir13 3Ir15 4Tr27 3Lr21	3L1	250	999997	exact
4Lsr15 4Lsr13 4Lr14 4Lr34 3Ir13 3Ir15 4Tr27 3Lr31	3Lr11	250	999997	exact
4Lsr15 4Lsr13 4Lr14 4Lr34 3Ir13 3Ir15 4Tr27 4S7	21	250	999997	exact
4Lsr15 4Lsr13 4Lr14 4Lr34 3Ir13 3Ir15 4Tr27 4Ss8	21	250	999997	exact
4Lsr15 4Lsr13 4Lr14 4Lr34 3Ir13 3Ir15 4Tr27 4Tr18	21	250	999997	exact
4Lsr15 4Lsr13 4Lr14 4Lr34 3Ir13 3Ir15 4Tr27 4Tr37	21	250	999997	exact
4Lsr15 4Lsr13 4Lr14 4Lr34 3Ir13 3Ir16	4Tr27	6	999995	exact
4Lsr15 4Lsr13 4Lr14 4Lr34 3Ir13 3Ir16 4Tr27 11	3Lr11	250	999997	exact
4Lsr15 4Lsr13 4Lr14 4Lr34 3Ir13 3Ir16 4Tr27 12	3L1	250	999997	exact
4Lsr15 4Lsr13 4Lr14 4Lr34 3Ir13 3Ir16 4Tr27 13	21	250	999997	exact
4Lsr15 4Lsr13 4Lr14 4Lr34 3Ir13 3Ir16 4Tr27 14	21	250	999997	exact
4Lsr15 4Lsr13 4Lr14 4Lr34 3Ir13 3Ir16 4Tr27 15	21	250	999997	exact
4Lsr15 4Lsr13 4Lr14 4Lr34 3Ir13 3Ir16 4Tr27 16	21	250	999997	exact
4Lsr15 4Lsr13 4Lr14 4Lr34 3Ir13 3Ir16 4Tr27 17	21	250	999997	exact
4Lsr15 4Lsr13 4Lr14 4Lr34 3Ir13 3Ir16 4Tr27 18	21	250	999997	exact
4Lsr15 4Lsr13 4Lr14 4Lr34 3Ir13 3Ir16 4Tr27 19	21	250	999997	exact
4Lsr15 4Lsr13 4Lr14 4Lr34 3Ir13 3Ir16 4Tr27 21	21	250	999997	exact
4Lsr15 4Lsr13 4Lr14 4Lr34 3Ir13 3Ir16 4Tr27 2r11	2r11	250	999995	exact
4Lsr15 4Lsr13 4Lr14 4Lr34 3Ir13 3Ir16 4Tr27 2r12	3Ir12	250	999995	exact
4Lsr15 4Lsr13 4Lr14 4Lr34 3Ir13 3Ir16 4Tr27 2r13	21	250	999997	exact
4Lsr15 4Lsr13 4Lr14 4Lr34 3Ir13 3Ir16 4Tr27 2r14	21	250	999997	exact
4Lsr15 4Lsr13 4Lr14 4Lr34 3Ir13 3Ir16 4Tr27 2r15	21	250	999997	exact
4Lsr15 4Lsr13 4Lr14 4Lr34 3Ir13 3Ir16 4Tr27 2r16	21	250	999997	exact
4Lsr15 4Lsr13 4Lr14 4Lr34 3Ir13 3Ir16 4Tr27 2r17	21	250	999997	exact
4Lsr15 4Lsr13 4Lr14 4Lr34 3Ir13 3Ir16 4Tr27 2r18	21	250	999997	exact
4Lsr15 4Lsr13 4Lr14 4Lr34 3Ir13 3Ir16 4Tr27 2r19	21	250	999997	exact
4Lsr15 4Lsr13 4Lr14 4Lr34 3Ir13 3Ir16 4Tr27 3Ir11	2r11	250	999995	exact
4Lsr15 4Lsr13 4Lr14 4Lr34 3Ir13 3Ir16 4Tr27 3Ir12	4S2	250	999995	exact
4Lsr15 4Lsr13 4Lr14 4Lr34 3Ir13 3Ir16 4Tr27 3Ir13	21	250	999997	exact
4Lsr15 4Lsr13 4Lr14 4Lr34 3Ir13 3Ir16 4Tr27 3Ir15	21	250	999997	exact
4Lsr15 4Lsr13 4Lr14 4Lr34 3Ir13 3Ir16 4Tr27 3Ir16	21	250	999997	exact
4Lsr15 4Lsr13 4Lr14 4Lr34 3Ir13 3Ir16 4Tr27 3Ir17	21	250	999997	exact
4Lsr15 4Lsr13 4Lr14 4Lr34 3Ir13 3Ir16 4Tr27 3Ir18	21	250	999997	exact
4Lsr15 4Lsr13 4Lr14 4Lr34 3Ir13 3Ir16 4Tr27 3Ir19	21	250	999997	exact
4Lsr15 4Lsr13 4Lr14 4Lr34 3Ir13 3Ir16 4Tr27 3L5	21	250	999997	exact
4Lsr15 4Lsr13 4Lr14 4Lr34 3Ir13 3Ir16 4Tr27 3L7	21	250	999997	exact
4Lsr15 4Lsr13 4Lr14 4Lr34 3Ir13 3Ir16 4Tr27 3Lr18	21	250	999997	exact
4Lsr15 4Lsr13 4Lr14 4Lr34 3Ir13 3Ir16 4Tr27 3Lr21	3L1	250	999997	exact
4Lsr15 4Lsr13 4Lr14 4Lr34 3Ir13 3Ir16 4Tr27 3Lr31	3Lr11	250	999997	exact
4Lsr15 4Lsr13 4Lr14 4Lr34 3Ir13 3Ir16 4Tr27 4S5	21	250	999997	exact
4Lsr15 4Lsr13 4Lr14 4Lr34 3Ir13 3Ir16 4Tr27 4S7	21	250	999997	exact
4Lsr15 4Lsr13 4Lr14 4Lr34 3Ir13 3Ir16 4Tr27 4Ss8	21	250	999997	exact
4Lsr15 4Lsr13 4Lr14 4Lr34 3Ir13 3Ir16 4Tr27 4Tr18	21	250	999997	exact
4Lsr15 4Lsr13 4Lr14 4Lr34 3Ir13 3Ir16 4Tr27 4Tr35	21	250	999997	exact
4Lsr15 4Lsr13 4Lr14 4Lr34 3Ir13 3Ir16 4Tr27 4Tr37	21	250	999997	exact
4Lsr15 4Lsr13 4Lr14 4Lr34 3Ir13 3Ir17	3Lr36	9	999991	exact
4Lsr15 4Lsr13 4Lr14 4Lr34 3Ir13 3Ir17 3Lr36 11	3Lr35	250	999995	exact
4Lsr15 4Lsr13 4Lr14 4Lr34 3Ir13 3Ir17 3Lr36 12	3Lr35	250	999995	exact
4Lsr15 4Lsr13 4Lr14 4Lr34 3Ir13 3Ir17 3Lr36 13	3Lr35	250	999995	exact
4Lsr15 4Lsr13 4Lr14 4Lr34 3Ir13 3Ir17 3Lr36 14	3Lr21	250	999993	exact
4Lsr15 4Lsr13 4Lr14 4Lr34 3Ir13 3Ir17 3Lr36 15	4Ss5	250	999995	exact
4Lsr15 4Lsr13 4Lr14 4Lr34 3Ir13 3Ir17 3Lr36 16	4Tr35	250	999993	exact
4Lsr15 4Lsr13 4Lr14 4Lr34 3Ir13 3Ir17 3Lr36 17	3Lr35	250	999995	exact
4Lsr15 4Lsr13 4Lr14 4Lr34 3Ir13 3Ir17 3Lr36 18	3Lr35	250	999995	exact
4Lsr15 4Lsr13 4Lr14 4Lr34 3Ir13 3Ir17 3Lr36 19	3Lr35	250	999993	exact
4Lsr15 4Lsr13 4Lr14 4Lr34 3Ir13 3Ir17 3Lr36 21	3Lr35	250	999993	exact
4Lsr15 4Lsr13 4Lr14 4Lr34 3Ir13 3Ir17 3Lr36 25	3Lr21	250	999993	exact
4Lsr15 4Lsr13 4Lr14 4Lr34 3Ir13 3Ir17 3Lr36 28	3Lr35	250	999995	exact
4Lsr15 4Lsr13 4Lr14 4Lr34 3Ir13 3Ir17 3Lr36 2r11	3Lr35	250	999995	exact
4Lsr15 4Lsr13 4Lr14 4Lr34 3Ir13 3Ir17 3Lr36 2r12	4Ss6	250	999993	exact
4Lsr15 4Lsr13 4Lr14 4Lr34 3Ir13 3Ir17 3Lr36 2r13	3Lr35	250	999993	exact
4Lsr15 4Lsr13 4Lr14 4Lr34 3Ir13 3Ir17 3Lr36 2r14	3Lr21	250	999993	exact
4Lsr15 4Lsr13 4Lr14 4Lr34 3Ir13 3Ir17 3Lr36 2r15	4Ss6	250	999995	exact
4Lsr15 4Lsr13 4Lr14 4Lr34 3Ir13 3Ir17 3Lr36 2r16	3Ir15	250	999995	exact
4Lsr15 4Lsr13 4Lr14 4Lr34 3Ir13 3Ir17 3Lr36 2r17	4S6	250	999993	exact
4Lsr15 4Lsr13 4Lr14 4Lr34 3Ir13 3Ir17 3Lr36 2r18	3Lr35	250	999995	exact
4Lsr15 4Lsr13 4Lr14 4Lr34 3Ir13 3Ir17 3Lr36 2r19	3Lr35	250	999995	exact
4Lsr15 4Lsr13 4Lr14 4Lr34 3Ir13 3Ir17 3Lr36 3Ir11	4Ss6	250	999993	exact
4Lsr15 4Lsr13 4Lr14 4Lr34 3Ir13 3Ir17 3Lr36 3Ir12	4Ss6	250	999993	exact
4Lsr15 4Lsr13 4Lr14 4Lr34 3Ir13 3Ir17 3Lr36 3Ir13	3Lr35	250	999995	exact
4Lsr15 4Lsr13 4Lr14 4Lr34 3Ir13 3Ir17 3Lr36 3Ir15	3L4	250	999995	exact
4Lsr15 4Lsr13 4Lr14 4Lr34 3Ir13 3Ir17 3Lr36 3Ir16	3Ir15	250	999995	exact
4Lsr15 4Lsr13 4Lr14 4Lr34 3Ir13 3Ir17 3Lr36 3Ir17	2r14	250	999995	exact
4Lsr15 4Lsr13 4Lr14 4Lr34 3Ir13 3Ir17 3Lr36 3Ir18	3Lr35	250	999995	exact
4Lsr15 4Lsr13 4Lr14 4Lr34 3Ir13 3Ir17 3Lr36 3Ir19	3Lr35	250	999995	exact
4Lsr15 4Lsr13 4Lr14 4Lr34 3Ir13 3Ir17 3Lr36 3Lr16	4Tr35	250	999993	exact
4Lsr15 4Lsr13 4Lr14 4Lr34 3Ir13 3Ir17 3Lr36 3Lr21	2r14	250	999995	exact
4Lsr15 4Lsr13 4Lr14 4Lr34 3Ir13 3Ir17 3Lr36 3Lr25	3Lr21	250	999993	exact
4Lsr15 4Lsr13 4Lr14 4Lr34 3Ir13 3Ir17 3Lr36 3Lr28	3Lr35	250	999995	exact
4Lsr15 4Lsr13 4Lr14 4Lr34 3Ir13 3Ir17 3Lr36 3Lr31	3Lr35	250	999995	exact
4Lsr15 4Lsr13 4Lr14 4Lr34 3Ir13 3Ir17 3Lr36 3Lr35	21	250	999991	exact
4Lsr15 4Lsr13 4Lr14 4Lr34 3Ir13 3Ir17 3Lr36 3Lr38	3Lr35	250	999995	exact
4Lsr15 4Lsr13 4Lr14 4Lr34 3Ir13 3Ir17 3Lr36 4Ss6	2r14	250	999995	exact
4Lsr15 4Lsr13 4Lr14 4Lr34 3Ir13 3Ir17 3Lr36 4Tr16	4Tr35	250	999995	exact
4Lsr15 4Lsr13 4Lr14 4Lr34 3Ir13 3Ir18	2r16	17	999983	exact
4Lsr15 4Lsr13 4Lr14 4Lr34 3Ir13 3Ir18 2r16 11	3Lr35	250	999993	exact
4Lsr15 4Lsr13 4Lr14 4Lr34 3Ir13 3Ir18 2r16 12	3Lr35	250	999987	exact
4Lsr15 4Lsr13 4Lr14 4Lr34 3Ir13 3Ir18 2r16 13	3Lr35	250	999987	exact
4Lsr15 4Lsr13 4Lr14 4Lr34 3Ir13 3Ir18 2r16 14	3Ir16	250	999983	exact
4Lsr15 4Lsr13 4Lr14 4Lr34 3Ir13 3Ir18 2r16 15	3Ir16	250	999984	exact
4Lsr15 4Lsr13 4Lr14 4Lr34 3Ir13 3Ir18 2r16 16	4Tr35	250	999986	exact
4Lsr15 4Lsr13 4Lr14 4Lr34 3Ir13 3Ir18 2r16 17	3Lr21	250	999983	exact
4Lsr15 4Lsr13 4Lr14 4Lr34 3Ir13 3Ir18 2r16 18	3Lr35	250	999995	exact
4Lsr15 4Lsr13 4Lr14 4Lr34 3Ir13 3Ir18 2r16 19	3Lr35	250	999987	exact
4Lsr15 4Lsr13 4Lr14 4Lr34 3Ir13 3Ir18 2r16 21	3Lr35	250	999987	exact
4Lsr15 4Lsr13 4Lr14 4Lr34 3Ir13 3Ir18 2r16 25	4Sr14	250	999983	exact
4Lsr15 4Lsr13 4Lr14 4Lr34 3Ir13 3Ir18 2r16 2r11	3Ir16	250	999985	exact
4Lsr15 4Lsr13 4Lr14 4Lr34 3Ir13 3Ir18 2r16 2r12	3Ir16	250	999985	exact
4Lsr15 4Lsr13 4Lr14 4Lr34 3Ir13 3Ir18 2r16 2r13	3Lr35	250	999995	exact
4Lsr15 4Lsr13 4Lr14 4Lr34 3Ir13 3Ir18 2r16 2r14	3Ir16	250	999983	exact
4Lsr15 4Lsr13 4Lr14 4Lr34 3Ir13 3Ir18 2r16 2r15	3Lr24	250	999987	exact
4Lsr15 4Lsr13 4Lr14 4Lr34 3Ir13 3Ir18 2r16 2r16	3Ir15	250	999995	exact
4Lsr15 4Lsr13 4Lr14 4Lr34 3Ir13 3Ir18 2r16 2r17	3Ir16	250	999983	exact
4Lsr15 4Lsr13 4Lr14 4Lr34 3Ir13 3Ir18 2r16 2r18	3Lr35	250	999995	exact
4Lsr15 4Lsr13 4Lr14 4Lr34 3Ir13 3Ir18 2r16 2r19	4Ss8	250	999986	exact
4Lsr15 4Lsr13 4Lr14 4Lr34 3Ir13 3Ir18 2r16 3Ir11	3Lr35	250	999984	exact
4Lsr15 4Lsr13 4Lr14 4Lr34 3Ir13 3Ir18 2r16 3Ir12	2r14	250	999995	exact
4Lsr15 4Lsr13 4Lr14 4Lr34 3Ir13 3Ir18 2r16 3Ir13	3Lr35	250	999995	exact
4Lsr15 4Lsr13 4Lr14 4Lr34 3Ir13 3Ir18 2r16 3Ir15	16	250	999986	exact
4Lsr15 4Lsr13 4Lr14 4Lr34 3Ir13 3Ir18 2r16 3Ir16	2r14	250	999995	exact
4Lsr15 4Lsr13 4Lr14 4Lr34 3Ir13 3Ir18 2r16 3Ir17	3Ir16	250	999983	exact
4Lsr15 4Lsr13 4Lr14 4Lr34 3Ir13 3Ir18 2r16 3Ir18	2r14	250	999995	exact
4Lsr15 4Lsr13 4Lr14 4Lr34 3Ir13 3Ir18 2r16 3Ir19	3Ir16	250	999985	exact
4Lsr15 4Lsr13 4Lr14 4Lr34 3Ir13 3Ir18 2r16 3Lr21	2r14	250	999993	exact
4Lsr15 4Lsr13 4Lr14 4Lr34 3Ir13 3Ir18 2r16 3Lr25	4T4	250	999983	exact
4Lsr15 4Lsr13 4Lr14 4Lr34 3Ir13 3Ir18 2r16 3Lr31	3Lr35	250	999995	exact
4Lsr15 4Lsr13 4Lr14 4Lr34 3Ir13 3Ir18 2r16 3Lr35	4Ss5	250	999983	exact
4Lsr15 4Lsr13 4Lr14 4Lr34 3Ir13 3Ir19	19	17	999986	exact
4Lsr15 4Lsr13 4Lr14 4Lr34 3Ir13 3Ir19 19 11	4Tr11	250	999987	exact
4Lsr15 4Lsr13 4Lr14 4Lr34 3Ir13 3Ir19 19 12	2r16	250	999986	exact
4Lsr15 4Lsr13 4Lr14 4Lr34 3Ir13 3Ir19 19 13	2r16	250	999986	exact
4Lsr15 4Lsr13 4Lr14 4Lr34 3Ir13 3Ir19 19 14	3Lr21	250	999987	exact
4Lsr15 4Lsr13 4Lr14 4Lr34 3Ir13 3Ir19 19 15	2r16	250	999986	exact
4Lsr15 4Lsr13 4Lr14 4Lr34 3Ir13 3Ir19 19 16	4Ss5	250	999987	exact
4Lsr15 4Lsr13 4Lr14 4Lr34 3Ir13 3Ir19 19 17	2r16	250	999986	exact
4Lsr15 4Lsr13 4Lr14 4Lr34 3Ir13 3Ir19 19 18	2r16	250	999986	exact
4Lsr15 4Lsr13 4Lr14 4Lr34 3Ir13 3Ir19 19 19	2r16	250	999986	exact
4Lsr15 4Lsr13 4Lr14 4Lr34 3Ir13 3Ir19 19 21	2r16	250	999986	exact
4Lsr15 4Lsr13 4Lr14 4Lr34 3Ir13 3Ir19 19 27	2r16	250	999986	exact
4Lsr15 4Lsr13 4Lr14 4Lr34 3Ir13 3Ir19 19 2r11	2r16	250	999986	exact
4Lsr15 4Lsr13 4Lr14 4Lr34 3Ir13 3Ir19 19 2r12	3Lr27	250	999986	exact
4Lsr15 4Lsr13 4Lr14 4Lr34 3Ir13 3Ir19 19 2r13	4S3	250	999986	exact
4Lsr15 4Lsr13 4Lr14 4Lr34 3Ir13 3Ir19 19 2r14	3Lr21	250	999986	exact
4Lsr15 4Lsr13 4Lr14 4Lr34 3Ir13 3Ir19 19 2r15	2r16	250	999986	exact
4Lsr15 4Lsr13 4Lr14 4Lr34 3Ir13 3Ir19 19 2r16	2r14	250	999987	exact
4Lsr15 4Lsr13 4Lr14 4Lr34 3Ir13 3Ir19 19 2r17	4Tr16	250	999986	exact
4Lsr15 4Lsr13 4Lr14 4Lr34 3Ir13 3Ir19 19 2r18	2r18	250	999987	exact
4Lsr15 4Lsr13 4Lr14 4Lr34 3Ir13 3Ir19 19 2r19	21	250	999986	exact
4Lsr15 4Lsr13 4Lr14 4Lr34 3Ir13 3Ir19 19 3Ir11	2r16	250	999986	exact
4Lsr15 4Lsr13 4Lr14 4Lr34 3Ir13 3Ir19 19 3Ir12	4Tr32	250	999986	exact
4Lsr15 4Lsr13 4Lr14 4Lr34 3Ir13 3Ir19 19 3Ir13	3Lr23	250	999986	exact
4Lsr15 4Lsr13 4Lr14 4Lr34 3Ir13 3Ir19 19 3Ir15	3Ir18	250	999986	exact
4Lsr15 4Lsr13 4Lr14 4Lr34 3Ir13 3Ir19 19 3Ir16	21	250	999986	exact
4Lsr15 4Lsr13 4Lr14 4Lr34 3Ir13 3Ir19 19 3Ir17	3Lr26	250	999986	exact
4Lsr15 4Lsr13 4Lr14 4Lr34 3Ir13 3Ir19 19 3Ir18	2r16	250	999986	exact
4Lsr15 4Lsr13 4Lr14 4Lr34 3Ir13 3Ir19 19 3Ir19	21	250	999987	exact
4Lsr15 4Lsr13 4Lr14 4Lr34 3Ir13 3Ir19 19 3Lr21	4S1	250	999986	exact
4Lsr15 4Lsr13 4Lr14 4Lr34 3Ir13 3Ir19 19 3Lr27	4S7	250	999986	exact
4Lsr15 4Lsr13 4Lr14 4Lr34 3Ir13 3Ir19 19 3Lr31	4Ss1	250	999987	exact
4Lsr15 4Lsr13 4Lr14 4Lr34 3Ir13 3Ir19 19 3Lr37	4Tr17	250	999986	exact
4Lsr15 4Lsr13 4Lr14 4Lr34 3Ir13 3Lr21	4Tr27	6	999995	exact
4Lsr15 4Lsr13 4Lr14 4Lr34 3Ir13 3Lr21 4Tr27 11	3Lr21	250	999997	exact
4Lsr15 4Lsr13 4Lr14 4Lr34 3Ir13 3Lr21 4Tr27 12	4Tr32	250	999995	exact
4Lsr15 4Lsr13 4Lr14 4Lr34 3Ir13 3Lr21 4Tr27 13	3L1	250	999997	exact
4Lsr15 4Lsr13 4Lr14 4Lr34 3Ir13 3Lr21 4Tr27 14	3L1	250	999997	exact
4Lsr15 4Lsr13 4Lr14 4Lr34 3Ir13 3Lr21 4Tr27 15	3L1	250	999997	exact
4Lsr15 4Lsr13 4Lr14 4Lr34 3Ir13 3Lr21 4Tr27 16	3L1	250	999997	exact
4Lsr15 4Lsr13 4Lr14 4Lr34 3Ir13 3Lr21 4Tr27 17	3L1	250	999997	exact
4Lsr15 4Lsr13 4Lr14 4Lr34 3Ir13 3Lr21 4Tr27 18	3L1	250	999997	exact
4Lsr15 4Lsr13 4Lr14 4Lr34 3Ir13 3Lr21 4Tr27 19	3L1	250	999997	exact
4Lsr15 4Lsr13 4Lr14 4Lr34 3Ir13 3Lr21 4Tr27 2r11	4Ss1	250	999997	exact
4Lsr15 4Lsr13 4Lr14 4Lr34 3Ir13 3Lr21 4Tr27 2r12	3Lr32	250	999995	exact
4Lsr15 4Lsr13 4Lr14 4Lr34 3Ir13 3Lr21 4Tr27 2r13	3L1	250	999997	exact
4Lsr15 4Lsr13 4Lr14 4Lr34 3Ir13 3Lr21 4Tr27 2r14	3L1	250	999997	exact
4Lsr15 4Lsr13 4Lr14 4Lr34 3Ir13 3Lr21 4Tr27 2r15	3L1	250	999997	exact
4Lsr15 4Lsr13 4Lr14 4Lr34 3Ir13 3Lr21 4Tr27 2r16	3L1	250	999997	exact
4Lsr15 4Lsr13 4Lr14 4Lr34 3Ir13 3Lr21 4Tr27 2r17	3L1	250	999997	exact
4Lsr15 4Lsr13 4Lr14 4Lr34 3Ir13 3Lr21 4Tr27 2r18	3L1	250	999997	exact
4Lsr15 4Lsr13 4Lr14 4Lr34 3Ir13 3Lr21 4Tr27 2r19	3L1	250	999997	exact
4Lsr15 4Lsr13 4Lr14 4Lr34 3Ir13 3Lr21 4Tr27 3Ir11	3Ir11	250	999995	exact
4Lsr15 4Lsr13 4Lr14 4Lr34 3Ir13 3Lr21 4Tr27 3Ir12	4Tr12	250	999995	exact
4Lsr15 4Lsr13 4Lr14 4Lr34 3Ir13 3Lr21 4Tr27 3Ir13	3L1	250	999997	exact
4Lsr15 4Lsr13 4Lr14 4Lr34 3Ir13 3Lr21 4Tr27 3Ir15	3L1	250	999997	exact
4Lsr15 4Lsr13 4Lr14 4Lr34 3Ir13 3Lr21 4Tr27 3Ir16	3L1	250	999997	exact
4Lsr15 4Lsr13 4Lr14 4Lr34 3Ir13 3Lr21 4Tr27 3Ir17	3L1	250	999997	exact
4Lsr15 4Lsr13 4Lr14 4Lr34 3Ir13 3Lr21 4Tr27 3Ir18	3L1	250	999997	exact
4Lsr15 4Lsr13 4Lr14 4Lr34 3Ir13 3Lr21 4Tr27 3Ir19	3L1	250	999997	exact
4Lsr15 4Lsr13 4Lr14 4Lr34 3Ir13 3Lr21 4Tr27 3L1	4Ssr11	250	999997	exact
4Lsr15 4Lsr13 4Lr14 4Lr34 3Ir13 3Lr21 4Tr27 3L7	3L1	250	999997	exact
4Lsr15 4Lsr13 4Lr14 4Lr34 3Ir13 3Lr21 4Tr27 3Lr18	3L1	250	999997	exact
4Lsr15 4Lsr13 4Lr14 4Lr34 3Ir13 3Lr21 4Tr27 4S1	3L1	250	999997	exact
4Lsr15 4Lsr13 4Lr14 4Lr34 3Ir13 3Lr21 4Tr27 4S7	3L1	250	999997	exact
4Lsr15 4Lsr13 4Lr14 4Lr34 3Ir13 3Lr21 4Tr27 4Ss8	3L1	250	999997	exact
4Lsr15 4Lsr13 4Lr14 4Lr34 3Ir13 3Lr21 4Tr27 4Tr18	3L1	250	999997	exact
4Lsr15 4Lsr13 4Lr14 4Lr34 3Ir13 3Lr21 4Tr27 4Tr31	3Lr11	250	999997	exact
4Lsr15 4Lsr13 4Lr14 4Lr34 3Ir13 3Lr21 4Tr27 4Tr37	3L1	250	999997	exact
4Lsr15 4Lsr13 4Lr14 4Lr34 3Ir13 3Lr27	4S7	11	999993	exact
4Lsr15 4Lsr13 4Lr14 4Lr34 3Ir13 3Lr27 4S7 11	4Tr37	250	999993	exact
4Lsr15 4Lsr13 4Lr14 4Lr34 3Ir13 3Lr27 4S7 12	4Tr37	250	999993	exact
4Lsr15 4Lsr13 4Lr14 4Lr34 3Ir13 3Lr27 4S7 13	3Lr21	250	999995	exact
4Lsr15 4Lsr13 4Lr14 4Lr34 3Ir13 3Lr27 4S7 14	4S7	250	999993	exact
4Lsr15 4Lsr13 4Lr14 4Lr34 3Ir13 3Lr27 4S7 15	4Ss4	250	999995	exact
4Lsr15 4Lsr13 4Lr14 4Lr34 3Ir13 3Lr27 4S7 16	4Ss5	250	999995	exact
4Lsr15 4Lsr13 4Lr14 4Lr34 3Ir13 3Lr27 4S7 17	3Lr21	250	999995	exact
4Lsr15 4Lsr13 4Lr14 4Lr34 3Ir13 3Lr27 4S7 18	3Lr31	250	999995	exact
4Lsr15 4Lsr13 4Lr14 4Lr34 3Ir13 3Lr27 4S7 19	3Lr21	250	999995	exact
4Lsr15 4Lsr13 4Lr14 4Lr34 3Ir13 3Lr27 4S7 21	3Lr21	250	999995	exact
4Lsr15 4Lsr13 4Lr14 4Lr34 3Ir13 3Lr27 4S7 26	3Lr21	250	999993	exact
4Lsr15 4Lsr13 4Lr14 4Lr34 3Ir13 3Lr27 4S7 2r11	3Ir11	250	999993	exact
4Lsr15 4Lsr13 4Lr14 4Lr34 3Ir13 3Lr27 4S7 2r12	3Ir12	250	999993	exact
4Lsr15 4Lsr13 4Lr14 4Lr34 3Ir13 3Lr27 4S7 2r13	3Lr21	250	999995	exact
4Lsr15 4Lsr13 4Lr14 4Lr34 3Ir13 3Lr27 4S7 2r14	4S7	250	999993	exact
4Lsr15 4Lsr13 4Lr14 4Lr34 3Ir13 3Lr27 4S7 2r15	3Lr21	250	999993	exact
4Lsr15 4Lsr13 4Lr14 4Lr34 3Ir13 3Lr27 4S7 2r16	3Lr21	250	999995	exact
4Lsr15 4Lsr13 4Lr14 4Lr34 3Ir13 3Lr27 4S7 2r17	4Ss7	250	999993	exact
4Lsr15 4Lsr13 4Lr14 4Lr34 3Ir13 3Lr27 4S7 2r18	3Lr21	250	999995	exact
4Lsr15 4Lsr13 4Lr14 4Lr34 3Ir13 3Lr27 4S7 2r19	3Lr21	250	999993	exact
4Lsr15 4Lsr13 4Lr14 4Lr34 3Ir13 3Lr27 4S7 3Ir11	2r11	250	999993	exact
4Lsr15 4Lsr13 4Lr14 4Lr34 3Ir13 3Lr27 4S7 3Ir12	4Tr32	250	999993	exact
4Lsr15 4Lsr13 4Lr14 4Lr34 3Ir13 3Lr27 4S7 3Ir13	3Lr21	250	999993	exact
4Lsr15 4Lsr13 4Lr14 4Lr34 3Ir13 3Lr27 4S7 3Ir15	3Lr21	250	999995	exact
4Lsr15 4Lsr13 4Lr14 4Lr34 3Ir13 3Lr27 4S7 3Ir16	3Lr21	250	999993	exact
4Lsr15 4Lsr13 4Lr14 4Lr34 3Ir13 3Lr27 4S7 3Ir17	3Lr21	250	999993	exact
4Lsr15 4Lsr13 4Lr14 4Lr34 3Ir13 3Lr27 4S7 3Ir18	3Lr21	250	999995	exact
4Lsr15 4Lsr13 4Lr14 4Lr34 3Ir13 3Lr27 4S7 3Ir19	4Ss8	250	999993	exact
4Lsr15 4Lsr13 4Lr14 4Lr34 3Ir13 3Lr27 4S7 3L7	3Lr21	250	999995	exact
4Lsr15 4Lsr13 4Lr14 4Lr34 3Ir13 3Lr27 4S7 3Lr21	4S7	250	999993	exact
4Lsr15 4Lsr13 4Lr14 4Lr34 3Ir13 3Lr27 4S7 3Lr26	4Ss7	250	999993	exact
4Lsr15 4Lsr13 4Lr14 4Lr34 3Ir13 3Lr27 4S7 3Lr31	4S7	250	999993	exact
4Lsr15 4Lsr13 4Lr14 4Lr34 3Ir13 3Lr27 4S7 3Lr36	3Lr21	250	999995	exact
4Lsr15 4Lsr13 4Lr14 4Lr34 3Ir13 3Lr27 4S7 4S7	3Lr21	250	999995	exact
4Lsr15 4Lsr13 4Lr14 4Lr34 3Ir13 3Lr27 4S7 4Ssr16	3Lr21	250	999995	exact
4Lsr15 4Lsr13 4Lr14 4Lr34 3Ir13 3Lr27 4S7 4Tr37	3Lr21	250	999995	exact
4Lsr15 4Lsr13 4Lr14 4Lr34 3Ir13 3Lr28	4S8	11	999993	exact
4Lsr15 4Lsr13 4Lr14 4Lr34 3Ir13 3Lr28 4S8 11	3Ir12	250	999993	exact
4Lsr15 4Lsr13 4Lr14 4Lr34 3Ir13 3Lr28 4S8 12	3Ir12	250	999993	exact
4Lsr15 4Lsr13 4Lr14 4Lr34 3Ir13 3Lr28 4S8 13	3Lr31	250	999995	exact
4Lsr15 4Lsr13 4Lr14 4Lr34 3Ir13 3Lr28 4S8 14	3Lr31	250	999995	exact
4Lsr15 4Lsr13 4Lr14 4Lr34 3Ir13 3Lr28 4S8 15	2r17	250	999993	exact
4Lsr15 4Lsr13 4Lr14 4Lr34 3Ir13 3Lr28 4S8 16	2r17	250	999993	exact
4Lsr15 4Lsr13 4Lr14 4Lr34 3Ir13 3Lr28 4S8 17	2r17	250	999993	exact
4Lsr15 4Lsr13 4Lr14 4Lr34 3Ir13 3Lr28 4S8 18	2r17	250	999993	exact
4Lsr15 4Lsr13 4Lr14 4Lr34 3Ir13 3Lr28 4S8 19	2r16	250	999993	exact
4Lsr15 4Lsr13 4Lr14 4Lr34 3Ir13 3Lr28 4S8 21	2r17	250	999993	exact
4Lsr15 4Lsr13 4Lr14 4Lr34 3Ir13 3Lr28 4S8 2r11	3Ir11	250	999993	exact
4Lsr15 4Lsr13 4Lr14 4Lr34 3Ir13 3Lr28 4S8 2r12	3Ir12	250	999993	exact
4Lsr15 4Lsr13 4Lr14 4Lr34 3Ir13 3Lr28 4S8 2r13	2r17	250	999993	exact
4Lsr15 4Lsr13 4Lr14 4Lr34 3Ir13 3Lr28 4S8 2r14	2r17	250	999993	exact
4Lsr15 4Lsr13 4Lr14 4Lr34 3Ir13 3Lr28 4S8 2r15	2r17	250	999993	exact
4Lsr15 4Lsr13 4Lr14 4Lr34 3Ir13 3Lr28 4S8 2r16	2r17	250	999993	exact
4Lsr15 4Lsr13 4Lr14 4Lr34 3Ir13 3Lr28 4S8 2r17	2r17	250	999993	exact
4Lsr15 4Lsr13 4Lr14 4Lr34 3Ir13 3Lr28 4S8 2r18	2r17	250	999993	exact
4Lsr15 4Lsr13 4Lr14 4Lr34 3Ir13 3Lr28 4S8 2r19	2r16	250	999993	exact
4Lsr15 4Lsr13 4Lr14 4Lr34 3Ir13 3Lr28 4S8 3Ir11	2r11	250	999993	exact
4Lsr15 4Lsr13 4Lr14 4Lr34 3Ir13 3Lr28 4S8 3Ir12	4Tr32	250	999993	exact
4Lsr15 4Lsr13 4Lr14 4Lr34 3Ir13 3Lr28 4S8 3Ir13	3Lr31	250	999995	exact
4Lsr15 4Lsr13 4Lr14 4Lr34 3Ir13 3Lr28 4S8 3Ir15	2r17	250	999993	exact
4Lsr15 4Lsr13 4Lr14 4Lr34 3Ir13 3Lr28 4S8 3Ir16	2r17	250	999993	exact
4Lsr15 4Lsr13 4Lr14 4Lr34 3Ir13 3Lr28 4S8 3Ir17	2r17	250	999993	exact
4Lsr15 4Lsr13 4Lr14 4Lr34 3Ir13 3Lr28 4S8 3Ir18	2r17	250	999993	exact
4Lsr15 4Lsr13 4Lr14 4Lr34 3Ir13 3Lr28 4S8 3Ir19	2r16	250	999993	exact
4Lsr15 4Lsr13 4Lr14 4Lr34 3Ir13 3Lr28 4S8 3L8	2r17	250	999993	exact
4Lsr15 4Lsr13 4Lr14 4Lr34 3Ir13 3Lr28 4S8 3Lr21	2r17	250	999993	exact
4Lsr15 4Lsr13 4Lr14 4Lr34 3Ir13 3Lr28 4S8 3Lr31	4Tr11	250	999995	exact
4Lsr15 4Lsr13 4Lr14 4Lr34 3Ir13 3Lr28 4S8 4S8	2r17	250	999993	exact
4Lsr15 4Lsr13 4Lr14 4Lr34 3Ir13 3Lr28 4S8 4Tr38	2r17	250	999993	exact
4Lsr15 4Lsr13 4Lr14 4Lr34 3Ir13 3Lr31	3Ir13	18	999991	exact
4Lsr15 4Lsr13 4Lr14 4Lr34 3Ir13 3Lr31 3Ir13 11	2r14	250	999997	exact
4Lsr15 4Lsr13 4Lr14 4Lr34 3Ir13 3Lr31 3Ir13 12	2r14	250	999997	exact
4Lsr15 4Lsr13 4Lr14 4Lr34 3Ir13 3Lr31 3Ir13 13	2r14	250	999997	exact
4Lsr15 4Lsr13 4Lr14 4Lr34 3Ir13 3Lr31 3Ir13 14	4Tr27	250	999991	exact
4Lsr15 4Lsr13 4Lr14 4Lr34 3Ir13 3Lr31 3Ir13 15	2r14	250	999997	exact
4Lsr15 4Lsr13 4Lr14 4Lr34 3Ir13 3Lr31 3Ir13 16	4Tr27	250	999991	exact
4Lsr15 4Lsr13 4Lr14 4Lr34 3Ir13 3Lr31 3Ir13 17	2r14	250	999997	exact
4Lsr15 4Lsr13 4Lr14 4Lr34 3Ir13 3Lr31 3Ir13 18	2r14	250	999997	exact
4Lsr15 4Lsr13 4Lr14 4Lr34 3Ir13 3Lr31 3Ir13 19	2r14	250	999997	exact
4Lsr15 4Lsr13 4Lr14 4Lr34 3Ir13 3Lr31 3Ir13 23	4Tr27	250	999991	exact
4Lsr15 4Lsr13 4Lr14 4Lr34 3Ir13 3Lr31 3Ir13 27	3Lr23	250	999997	exact
4Lsr15 4Lsr13 4Lr14 4Lr34 3Ir13 3Lr31 3Ir13 28	3Lr23	250	999997	exact
4Lsr15 4Lsr13 4Lr14 4Lr34 3Ir13 3Lr31 3Ir13 2r11	3Lr23	250	999997	exact
4Lsr15 4Lsr13 4Lr14 4Lr34 3Ir13 3Lr31 3Ir13 2r12	3Lr23	250	999997	exact
4Lsr15 4Lsr13 4Lr14 4Lr34 3Ir13 3Lr31 3Ir13 2r13	2r14	250	999997	exact
4Lsr15 4Lsr13 4Lr14 4Lr34 3Ir13 3Lr31 3Ir13 2r14	4Tr27	250	999991	exact
4Lsr15 4Lsr13 4Lr14 4Lr34 3Ir13 3Lr31 3Ir13 2r15	2r14	250	999997	exact
4Lsr15 4Lsr13 4Lr14 4Lr34 3Ir13 3Lr31 3Ir13 2r16	3Lr23	250	999997	exact
4Lsr15 4Lsr13 4Lr14 4Lr34 3Ir13 3Lr31 3Ir13 2r17	2r14	250	999997	exact
4Lsr15 4Lsr13 4Lr14 4Lr34 3Ir13 3Lr31 3Ir13 2r18	2r14	250	999997	exact
4Lsr15 4Lsr13 4Lr14 4Lr34 3Ir13 3Lr31 3Ir13 2r19	2r14	250	999997	exact
4Lsr15 4Lsr13 4Lr14 4Lr34 3Ir13 3Lr31 3Ir13 3I7	4Tr27	250	999991	exact
4Lsr15 4Lsr13 4Lr14 4Lr34 3Ir13 3Lr31 3Ir13 3Ir11	3Lr23	250	999997	exact
4Lsr15 4Lsr13 4Lr14 4Lr34 3Ir13 3Lr31 3Ir13 3Ir12	3Lr23	250	999997	exact
4Lsr15 4Lsr13 4Lr14 4Lr34 3Ir13 3Lr31 3Ir13 3Ir15	2r14	250	999997	exact
4Lsr15 4Lsr13 4Lr14 4Lr34 3Ir13 3Lr31 3Ir13 3Ir16	4Tr27	250	999991	exact
4Lsr15 4Lsr13 4Lr14 4Lr34 3Ir13 3Lr31 3Ir13 3Ir17	3Lr23	250	999997	exact
4Lsr15 4Lsr13 4Lr14 4Lr34 3Ir13 3Lr31 3Ir13 3Ir18	3Lr23	250	999997	exact
4Lsr15 4Lsr13 4Lr14 4Lr34 3Ir13 3Lr31 3Ir13 3Ir19	3Lr23	250	999997	exact
4Lsr15 4Lsr13 4Lr14 4Lr34 3Ir13 3Lr31 3Ir13 3Lr11	3Lr23	250	999997	exact
4Lsr15 4Lsr13 4Lr14 4Lr34 3Ir13 3Lr31 3Ir13 3Lr23	4Tr27	250	999991	exact
4Lsr15 4Lsr13 4Lr14 4Lr34 3Ir13 3Lr31 3Ir13 3Lr27	3Lr23	250	999997	exact
4Lsr15 4Lsr13 4Lr14 4Lr34 3Ir13 3Lr31 3Ir13 3Lr28	3Lr23	250	999997	exact
4Lsr15 4Lsr13 4Lr14 4Lr34 3Ir13 3Lr31 3Ir13 3Lr33	4Tr27	250	999991	exact
4Lsr15 4Lsr13 4Lr14 4Lr34 3Ir13 3Lr31 3Ir13 3Lr37	3Lr23	250	999997	exact
4Lsr15 4Lsr13 4Lr14 4Lr34 3Ir13 3Lr31 3Ir13 3Lr38	3Lr23	250	999997	exact
4Lsr15 4Lsr13 4Lr14 4Lr34 3Ir13 3Lr31 3Ir13 4Ss1	3Lr23	250	999997	exact
4Lsr15 4Lsr13 4Lr14 4Lr34 3Ir13 3Lr31 3Ir13 4Tr11	3Lr23	250	999997	exact
4Lsr15 4Lsr13 4Lr14 4Lr34 3Ir13 3Lr31 3Ir13 4Tr27	3Lr23	250	999997	exact
4Lsr15 4Lsr13 4Lr14 4Lr34 3Ir13 3Lr37	4Tr17	9	999993	exact
4Lsr15 4Lsr13 4Lr14 4Lr34 3Ir13 3Lr37 4Tr17 11	4Ss1	250	999995	exact
4Lsr15 4Lsr13 4Lr14 4Lr34 3Ir13 3Lr37 4Tr17 12	4S1	250	999995	exact
4Lsr15 4Lsr13 4Lr14 4Lr34 3Ir13 3Lr37 4Tr17 13	3Lr21	250	999995	exact
4Lsr15 4Lsr13 4Lr14 4Lr34 3Ir13 3Lr37 4Tr17 14	3Lr21	250	999995	exact
4Lsr15 4Lsr13 4Lr14 4Lr34 3Ir13 3Lr37 4Tr17 15	3Lr21	250	999995	exact
4Lsr15 4Lsr13 4Lr14 4Lr34 3Ir13 3Lr37 4Tr17 16	3Lr21	250	999993	exact
4Lsr15 4Lsr13 4Lr14 4Lr34 3Ir13 3Lr37 4Tr17 17	4S6	250	999993	exact
4Lsr15 4Lsr13 4Lr14 4Lr34 3Ir13 3Lr37 4Tr17 18	3Lr21	250	999995	exact
4Lsr15 4Lsr13 4Lr14 4Lr34 3Ir13 3Lr37 4Tr17 19	3Lr21	250	999995	exact
4Lsr15 4Lsr13 4Lr14 4Lr34 3Ir13 3Lr37 4Tr17 21	3Lr21	250	999995	exact
4Lsr15 4Lsr13 4Lr14 4Lr34 3Ir13 3Lr37 4Tr17 26	4Ss5	250	999995	exact
4Lsr15 4Lsr13 4Lr14 4Lr34 3Ir13 3Lr37 4Tr17 2r11	3Ir11	250	999993	exact
4Lsr15 4Lsr13 4Lr14 4Lr34 3Ir13 3Lr37 4Tr17 2r12	3Ir12	250	999993	exact
4Lsr15 4Lsr13 4Lr14 4Lr34 3Ir13 3Lr37 4Tr17 2r13	3Lr21	250	999995	exact
4Lsr15 4Lsr13 4Lr14 4Lr34 3Ir13 3Lr37 4Tr17 2r14	3Lr21	250	999995	exact
4Lsr15 4Lsr13 4Lr14 4Lr34 3Ir13 3Lr37 4Tr17 2r15	3Lr21	250	999995	exact
4Lsr15 4Lsr13 4Lr14 4Lr34 3Ir13 3Lr37 4Tr17 2r16	4Tr37	250	999993	exact
4Lsr15 4Lsr13 4Lr14 4Lr34 3Ir13 3Lr37 4Tr17 2r17	3Lr21	250	999995	exact
4Lsr15 4Lsr13 4Lr14 4Lr34 3Ir13 3Lr37 4Tr17 2r18	3Lr21	250	999993	exact
4Lsr15 4Lsr13 4Lr14 4Lr34 3Ir13 3Lr37 4Tr17 2r19	3Lr21	250	999995	exact
4Lsr15 4Lsr13 4Lr14 4Lr34 3Ir13 3Lr37 4Tr17 3Ir11	2r11	250	999993	exact
4Lsr15 4Lsr13 4Lr14 4Lr34 3Ir13 3Lr37 4Tr17 3Ir12	4S2	250	999993	exact
4Lsr15 4Lsr13 4Lr14 4Lr34 3Ir13 3Lr37 4Tr17 3Ir13	3Lr21	250	999995	exact
4Lsr15 4Lsr13 4Lr14 4Lr34 3Ir13 3Lr37 4Tr17 3Ir15	3Lr21	250	999993	exact
4Lsr15 4Lsr13 4Lr14 4Lr34 3Ir13 3Lr37 4Tr17 3Ir16	4Tr37	250	999993	exact
4Lsr15 4Lsr13 4Lr14 4Lr34 3Ir13 3Lr37 4Tr17 3Ir17	3Lr21	250	999993	exact
4Lsr15 4Lsr13 4Lr14 4Lr34 3Ir13 3Lr37 4Tr17 3Ir18	3Ir13	250	999993	exact
4Lsr15 4Lsr13 4Lr14 4Lr34 3Ir13 3Lr37 4Tr17 3Ir19	4Ss8	250	999995	exact
4Lsr15 4Lsr13 4Lr14 4Lr34 3Ir13 3Lr37 4Tr17 3L7	3Lr21	250	999995	exact
4Lsr15 4Lsr13 4Lr14 4Lr34 3Ir13 3Lr37 4Tr17 3Lr21	4S1	250	999995	exact
4Lsr15 4Lsr13 4Lr14 4Lr34 3Ir13 3Lr37 4Tr17 3Lr26	3Lr21	250	999993	exact
4Lsr15 4Lsr13 4Lr14 4Lr34 3Ir13 3Lr37 4Tr17 3Lr31	4Ss1	250	999995	exact
4Lsr15 4Lsr13 4Lr14 4Lr34 3Ir13 3Lr37 4Tr17 3Lr36	3Lr21	250	999993	exact
4Lsr15 4Lsr13 4Lr14 4Lr34 3Ir13 3Lr37 4Tr17 4S7	3Lr21	250	999995	exact
4Lsr15 4Lsr13 4Lr14 4Lr34 3Ir13 3Lr37 4Tr17 4Ssr16	4Ss5	250	999995	exact
4Lsr15 4Lsr13 4Lr14 4Lr34 3Ir13 3Lr37 4Tr17 4Tr37	3Lr21	250	999995	exact
4Lsr15 4Lsr13 4Lr14 4Lr34 3Ir13 3Lr38	4Ss8	11	999991	exact
4Lsr15 4Lsr13 4Lr14 4Lr34 3Ir13 3Lr38 4Ss8 11	2r16	250	999991	exact
4Lsr15 4Lsr13 4Lr14 4Lr34 3Ir13 3Lr38 4Ss8 12	2r16	250	999991	exact
4Lsr15 4Lsr13 4Lr14 4Lr34 3Ir13 3Lr38 4Ss8 13	3Lr21	250	999995	exact
4Lsr15 4Lsr13 4Lr14 4Lr34 3Ir13 3Lr38 4Ss8 14	3Ir12	250	999993	exact
4Lsr15 4Lsr13 4Lr14 4Lr34 3Ir13 3Lr38 4Ss8 15	2r16	250	999991	exact
4Lsr15 4Lsr13 4Lr14 4Lr34 3Ir13 3Lr38 4Ss8 16	4Ss5	250	999991	exact
4Lsr15 4Lsr13 4Lr14 4Lr34 3Ir13 3Lr38 4Ss8 17	2r17	250	999991	exact
4Lsr15 4Lsr13 4Lr14 4Lr34 3Ir13 3Lr38 4Ss8 18	2r16	250	999991	exact
4Lsr15 4Lsr13 4Lr14 4Lr34 3Ir13 3Lr38 4Ss8 19	2r16	250	999991	exact
4Lsr15 4Lsr13 4Lr14 4Lr34 3Ir13 3Lr38 4Ss8 21	3Lr21	250	999995	exact
4Lsr15 4Lsr13 4Lr14 4Lr34 3Ir13 3Lr38 4Ss8 2r11	3Ir11	250	999993	exact
4Lsr15 4Lsr13 4Lr14 4Lr34 3Ir13 3Lr38 4Ss8 2r12	3Ir12	250	999991	exact
4Lsr15 4Lsr13 4Lr14 4Lr34 3Ir13 3Lr38 4Ss8 2r13	3Lr21	250	999995	exact
4Lsr15 4Lsr13 4Lr14 4Lr34 3Ir13 3Lr38 4Ss8 2r14	3Lr21	250	999995	exact
4Lsr15 4Lsr13 4Lr14 4Lr34 3Ir13 3Lr38 4Ss8 2r15	2r16	250	999993	exact
4Lsr15 4Lsr13 4Lr14 4Lr34 3Ir13 3Lr38 4Ss8 2r16	3Lr21	250	999995	exact
4Lsr15 4Lsr13 4Lr14 4Lr34 3Ir13 3Lr38 4Ss8 2r17	2r16	250	999993	exact
4Lsr15 4Lsr13 4Lr14 4Lr34 3Ir13 3Lr38 4Ss8 2r18	2r16	250	999993	exact
4Lsr15 4Lsr13 4Lr14 4Lr34 3Ir13 3Lr38 4Ss8 2r19	2r16	250	999993	exact
4Lsr15 4Lsr13 4Lr14 4Lr34 3Ir13 3Lr38 4Ss8 3Ir11	11	250	999991	exact
4Lsr15 4Lsr13 4Lr14 4Lr34 3Ir13 3Lr38 4Ss8 3Ir12	4Tr32	250	999991	exact
4Lsr15 4Lsr13 4Lr14 4Lr34 3Ir13 3Lr38 4Ss8 3Ir13	3Ir17	250	999991	exact
4Lsr15 4Lsr13 4Lr14 4Lr34 3Ir13 3Lr38 4Ss8 3Ir15	3Lr21	250	999991	exact
4Lsr15 4Lsr13 4Lr14 4Lr34 3Ir13 3Lr38 4Ss8 3Ir16	3Lr21	250	999993	exact
4Lsr15 4Lsr13 4Lr14 4Lr34 3Ir13 3Lr38 4Ss8 3Ir17	3Lr36	250	999991	exact
4Lsr15 4Lsr13 4Lr14 4Lr34 3Ir13 3Lr38 4Ss8 3Ir18	2r16	250	999993	exact
4Lsr15 4Lsr13 4Lr14 4Lr34 3Ir13 3Lr38 4Ss8 3Ir19	2r16	250	999993	exact
4Lsr15 4Lsr13 4Lr14 4Lr34 3Ir13 3Lr38 4Ss8 3Lr18	2r16	250	999993	exact
4Lsr15 4Lsr13 4Lr14 4Lr34 3Ir13 3Lr38 4Ss8 3Lr21	4S1	250	999995	exact
4Lsr15 4Lsr13 4Lr14 4Lr34 3Ir13 3Lr38 4Ss8 3Lr31	4Tr11	250	999995	exact
4Lsr15 4Lsr13 4Lr14 4Lr34 3Ir13 3Lr38 4Ss8 4Ss8	3Lr21	250	999995	exact
4Lsr15 4Lsr13 4Lr14 4Lr34 3Ir13 3Lr38 4Ss8 4Tr18	2r17	250	999993	exact
4Lsr15 4Lsr13 4Lr14 4Lr34 3Ir13 4Tr27	4S7	10	999993	exact
4Lsr15 4Lsr13 4Lr14 4Lr34 3Ir13 4Tr27 4S7 11	4Tr37	250	999993	exact
4Lsr15 4Lsr13 4Lr14 4Lr34 3Ir13 4Tr27 4S7 12	4Tr37	250	999993	exact
4Lsr15 4Lsr13 4Lr14 4Lr34 3Ir13 4Tr27 4S7 13	3Lr31	250	999995	exact
4Lsr15 4Lsr13 4Lr14 4Lr34 3Ir13 4Tr27 4S7 14	4S7	250	999993	exact
4Lsr15 4Lsr13 4Lr14 4Lr34 3Ir13 4Tr27 4S7 15	4Tr14	250	999995	exact
4Lsr15 4Lsr13 4Lr14 4Lr34 3Ir13 4Tr27 4S7 16	4Ss5	250	999995	exact
4Lsr15 4Lsr13 4Lr14 4Lr34 3Ir13 4Tr27 4S7 17	2r19	250	999993	exact
4Lsr15 4Lsr13 4Lr14 4Lr34 3Ir13 4Tr27 4S7 18	2r19	250	999993	exact
4Lsr15 4Lsr13 4Lr14 4Lr34 3Ir13 4Tr27 4S7 19	4S7	250	999993	exact
4Lsr15 4Lsr13 4Lr14 4Lr34 3Ir13 4Tr27 4S7 21	4S7	250	999993	exact
4Lsr15 4Lsr13 4Lr14 4Lr34 3Ir13 4Tr27 4S7 26	4Ss5	250	999993	exact
4Lsr15 4Lsr13 4Lr14 4Lr34 3Ir13 4Tr27 4S7 2r11	2r11	250	999993	exact
4Lsr15 4Lsr13 4Lr14 4Lr34 3Ir13 4Tr27 4S7 2r12	3Ir12	250	999993	exact
4Lsr15 4Lsr13 4Lr14 4Lr34 3Ir13 4Tr27 4S7 2r13	3Lr31	250	999995	exact
4Lsr15 4Lsr13 4Lr14 4Lr34 3Ir13 4Tr27 4S7 2r14	2r19	250	999993	exact
4Lsr15 4Lsr13 4Lr14 4Lr34 3Ir13 4Tr27 4S7 2r15	4S7	250	999993	exact
4Lsr15 4Lsr13 4Lr14 4Lr34 3Ir13 4Tr27 4S7 2r16	2r19	250	999993	exact
4Lsr15 4Lsr13 4Lr14 4Lr34 3Ir13 4Tr27 4S7 2r17	2r19	250	999993	exact
4Lsr15 4Lsr13 4Lr14 4Lr34 3Ir13 4Tr27 4S7 2r18	2r19	250	999993	exact
4Lsr15 4Lsr13 4Lr14 4Lr34 3Ir13 4Tr27 4S7 2r19	2r19	250	999993	exact
4Lsr15 4Lsr13 4Lr14 4Lr34 3Ir13 4Tr27 4S7 3Ir11	2r11	250	999993	exact
4Lsr15 4Lsr13 4Lr14 4Lr34 3Ir13 4Tr27 4S7 3Ir12	4Tr32	250	999993	exact
4Lsr15 4Lsr13 4Lr14 4Lr34 3Ir13 4Tr27 4S7 3Ir13	3Lr31	250	999995	exact
4Lsr15 4Lsr13 4Lr14 4Lr34 3Ir13 4Tr27 4S7 3Ir15	4S7	250	999993	exact
4Lsr15 4Lsr13 4Lr14 4Lr34 3Ir13 4Tr27 4S7 3Ir16	2r19	250	999993	exact
4Lsr15 4Lsr13 4Lr14 4Lr34 3Ir13 4Tr27 4S7 3Ir17	3Lr31	250	999995	exact
4Lsr15 4Lsr13 4Lr14 4Lr34 3Ir13 4Tr27 4S7 3Ir18	3Lr31	250	999995	exact
4Lsr15 4Lsr13 4Lr14 4Lr34 3Ir13 4Tr27 4S7 3Ir19	3Lr28	250	999995	exact
4Lsr15 4Lsr13 4Lr14 4Lr34 3Ir13 4Tr27 4S7 3L7	2r19	250	999993	exact
4Lsr15 4Lsr13 4Lr14 4Lr34 3Ir13 4Tr27 4S7 3Lr21	4Tr31	250	999995	exact
4Lsr15 4Lsr13 4Lr14 4Lr34 3Ir13 4Tr27 4S7 3Lr26	4S6	250	999993	exact
4Lsr15 4Lsr13 4Lr14 4Lr34 3Ir13 4Tr27 4S7 3Lr31	4Tr11	250	999995	exact
4Lsr15 4Lsr13 4Lr14 4Lr34 3Ir13 4Tr27 4S7 3Lr36	4Sr16	250	999993	exact
4Lsr15 4Lsr13 4Lr14 4Lr34 3Ir13 4Tr27 4S7 4S7	3Lr31	250	999995	exact
4Lsr15 4Lsr13 4Lr14 4Lr34 3Ir13 4Tr27 4S7 4Ssr16	4Ss5	250	999995	exact
4Lsr15 4Lsr13 4Lr14 4Lr34 3Ir13 4Tr27 4S7 4Tr37	3Lr31	250	999995	exact
4Lsr15 4Lsr13 4Lr14 4Lr34 3Ir13	3Ir18	18	-999983	exact
