4Tr21 4Lsr17 11	4Tr12	21	999980	exact
4Tr21 4Lsr17 12	3Ir18	21	6594
4Tr21 4Lsr17 13	2r18	21	2032
4Tr21 4Lsr17 14	4Tr14	20	999984	exact
4Tr21 4Lsr17 15	4Ss5	19	999984	exact
4Tr21 4Lsr17 16	4Tr35	21	999981	exact
4Tr21 4Lsr17 17	4Lr35	19	999983	exact
4Tr21 4Lsr17 18	4Lr35	22	999983	exact
4Tr21 4Lsr17 18 4Lr35 2r17	3Ir15	250	999983	exact
4Tr21 4Lsr17 19	3Ir18	20	999983	exact
4Tr21 4Lsr17 24	4Tr15	18	999985	exact
4Tr21 4Lsr17 24 4Tr15 11	3Ir18	250	999985	exact
4Tr21 4Lsr17 24 4Tr15 12	3Ir16	250	999985	exact
4Tr21 4Lsr17 24 4Tr15 14	3Ir18	250	999989	exact
4Tr21 4Lsr17 24 4Tr15 16	4Sr12	250	999987	exact
4Tr21 4Lsr17 24 4Tr15 18	3Ir16	250	999987	exact
4Tr21 4Lsr17 24 4Tr15 23	4Tr23	250	999985	exact
4Tr21 4Lsr17 24 4Tr15 2r13	4Lr13	250	999985	exact
4Tr21 4Lsr17 24 4Tr15 2r17	3Ir18	250	999987	exact
4Tr21 4Lsr17 24 4Tr15 2r18	3Ir16	250	999987	exact
4Tr21 4Lsr17 24 4Tr15 2r19	3Ir18	250	999989	exact
4Tr21 4Lsr17 24 4Tr15 3Ir11	3Ir16	250	999987	exact
4Tr21 4Lsr17 24 4Tr15 3Ir12	3Ir16	250	999985	exact
4Tr21 4Lsr17 24 4Tr15 3Ir13	3Ir16	250	999987	exact
4Tr21 4Lsr17 24 4Tr15 3Ir17	4Ss7	250	999985	exact
4Tr21 4Lsr17 24 4Tr15 3L4	4Lsr24	250	999985	exact
4Tr21 4Lsr17 24 4Tr15 3L5	4Sr12	250	999987	exact
4Tr21 4Lsr17 24 4Tr15 3Lr12	3Ir18	250	999985	exact
4Tr21 4Lsr17 24 4Tr15 3Lr23	4Ss4	250	999989	exact
4Tr21 4Lsr17 24 4Tr15 4Lr16	3Ir18	250	999985	exact
4Tr21 4Lsr17 24 4Tr15 4Lsr13	4Lr14	250	999987	exact
4Tr21 4Lsr17 24 4Tr15 4Lsr37	4Sr12	250	999985	exact
4Tr21 4Lsr17 24 4Tr15 4S5	4Sr12	250	999989	exact
4Tr21 4Lsr17 24 4Tr15 4Ss2	3Ir16	250	999989	exact
4Tr21 4Lsr17 24 4Tr15 4Tr31	4Tr11	250	999989	exact
4Tr21 4Lsr17 25	3Ir18	20	999981	exact
4Tr21 4Lsr17 2r11	3Ir18	20	999982	exact
4Tr21 4Lsr17 2r12	3Ir18	21	6269
4Tr21 4Lsr17 2r13	3Ir18	22	999981	exact
4Tr21 4Lsr17 2r14	3Ir18	20	999980	exact
4Tr21 4Lsr17 2r15	3Ir18	21	999979	exact
4Tr21 4Lsr17 2r16	3Ir18	20	999983	exact
4Tr21 4Lsr17 2r17	3Ir18	21	999981	exact
4Tr21 4Lsr17 2r18	4Lr35	22	999978	exact
4Tr21 4Lsr17 2r19	4Ss8	20	999981	exact
4Tr21 4Lsr17 2r19 4Ss8 17	3Ir18	250	999985	exact
4Tr21 4Lsr17 3I4	4Tr25	17	999985	exact
4Tr21 4Lsr17 3I4 4Tr25 11	4S4	250	999985	exact
4Tr21 4Lsr17 3I4 4Tr25 12	4S4	250	999985	exact
4Tr21 4Lsr17 3I4 4Tr25 13	4Ls2	250	999987	exact
4Tr21 4Lsr17 3I4 4Tr25 14	3Ir18	250	999989	exact
4Tr21 4Lsr17 3I4 4Tr25 15	3Ir18	250	999989	exact
4Tr21 4Lsr17 3I4 4Tr25 16	3Ir18	250	999987	exact
4Tr21 4Lsr17 3I4 4Tr25 17	3Ir18	250	999989	exact
4Tr21 4Lsr17 3I4 4Tr25 18	3Ir16	250	999987	exact
4Tr21 4Lsr17 3I4 4Tr25 19	3Ir18	250	999987	exact
4Tr21 4Lsr17 3I4 4Tr25 23	3Ir18	250	999987	exact
4Tr21 4Lsr17 3I4 4Tr25 2r11	3Ir16	250	999987	exact
4Tr21 4Lsr17 3I4 4Tr25 2r12	3Ir16	250	999985	exact
4Tr21 4Lsr17 3I4 4Tr25 2r13	3Ir16	250	999985	exact
4Tr21 4Lsr17 3I4 4Tr25 2r14	4Ss4	250	999987	exact
4Tr21 4Lsr17 3I4 4Tr25 2r15	3Ir18	250	999987	exact
4Tr21 4Lsr17 3I4 4Tr25 2r16	3Ir18	250	999987	exact
4Tr21 4Lsr17 3I4 4Tr25 2r17	4Ss7	250	999987	exact
4Tr21 4Lsr17 3I4 4Tr25 2r18	3Ir16	250	999987	exact
4Tr21 4Lsr17 3I4 4Tr25 2r19	3Ir18	250	999987	exact
4Tr21 4Lsr17 3I4 4Tr25 3Ir11	4S5	250	999987	exact
4Tr21 4Lsr17 3I4 4Tr25 3Ir12	4Tr35	250	999987	exact
4Tr21 4Lsr17 3I4 4Tr25 3Ir13	3Ir13	250	999987	exact
4Tr21 4Lsr17 3I4 4Tr25 3Ir14	3Ir18	250	999987	exact
4Tr21 4Lsr17 3I4 4Tr25 3Ir15	3Ir18	250	999989	exact
4Tr21 4Lsr17 3I4 4Tr25 3Ir16	3Ir18	250	999987	exact
4Tr21 4Lsr17 3I4 4Tr25 3Ir17	4Lsr36	250	999987	exact
4Tr21 4Lsr17 3I4 4Tr25 3Ir18	3Ir16	250	999987	exact
4Tr21 4Lsr17 3I4 4Tr25 3Ir19	3Ir18	250	999987	exact
4Tr21 4Lsr17 3I4 4Tr25 3L1	3Ir16	250	999987	exact
4Tr21 4Lsr17 3I4 4Tr25 3L4	3Ir16	250	999987	exact
4Tr21 4Lsr17 3I4 4Tr25 3L5	3Ir18	250	999987	exact
4Tr21 4Lsr17 3I4 4Tr25 3L7	4Tr36	250	999987	exact
4Tr21 4Lsr17 3I4 4Tr25 3Lr12	3Ir16	250	999987	exact
4Tr21 4Lsr17 3I4 4Tr25 3Lr16	4Sr12	250	999987	exact
4Tr21 4Lsr17 3I4 4Tr25 3Lr23	4Ss4	250	999987	exact
4Tr21 4Lsr17 3I4 4Tr25 3Lr33	3Ir16	250	999987	exact
4Tr21 4Lsr17 3I4 4Tr25 4Lr33	4Lr13	250	999987	exact
4Tr21 4Lsr17 3I4 4Tr25 4Lsr13	4Lr14	250	999987	exact
4Tr21 4Lsr17 3I4 4Tr25 4S1	4S1	250	999987	exact
4Tr21 4Lsr17 3I4 4Tr25 4S4	4Ss5	250	999987	exact
4Tr21 4Lsr17 3I4 4Tr25 4S5	4Sr12	250	999987	exact
4Tr21 4Lsr17 3I4 4Tr25 4S7	4Sr12	250	999987	exact
4Tr21 4Lsr17 3I4 4Tr25 4Sr12	3Ir16	250	999987	exact
4Tr21 4Lsr17 3I4 4Tr25 4Ss2	3Ir16	250	999987	exact
4Tr21 4Lsr17 3I4 4Tr25 4Ss6	4Sr12	250	999987	exact
4Tr21 4Lsr17 3I4 4Tr25 4Ssr13	4Lr35	250	999987	exact
4Tr21 4Lsr17 3I4 4Tr25 4T6	4Sr12	250	999987	exact
4Tr21 4Lsr17 3I4 4Tr25 4Tr12	4S2	250	999989	exact
4Tr21 4Lsr17 3I4 4Tr25 4Tr16	4Sr12	250	999987	exact
4Tr21 4Lsr17 3I4 4Tr25 4Tr31	4Ss1	250	999987	exact
4Tr21 4Lsr17 3I4 4Tr25 4Tr34	4Ss4	250	999987	exact
4Tr21 4Lsr17 3I4 4Tr25 4Tr35	3Ir18	250	999987	exact
4Tr21 4Lsr17 3I4 4Tr25 4Tr37	4Sr12	250	999987	exact
4Tr21 4Lsr17 3Ir11	4Ss3	20	2722
4Tr21 4Lsr17 3Ir12	3Ir18	21	0
4Tr21 4Lsr17 3Ir13	3Ir18	24	0
4Tr21 4Lsr17 3Ir14	3Ir18	21	5531
4Tr21 4Lsr17 3Ir15	3Ir15	20	9087
4Tr21 4Lsr17 3Ir16	2r18	20	0
4Tr21 4Lsr17 3Ir17	4S1	18	999985	exact
4Tr21 4Lsr17 3Ir18	4Lr35	20	999985	exact
4Tr21 4Lsr17 3Ir19	4Lr38	17	999985	exact
4Tr21 4Lsr17 3Ir19 4Lr38 4Tr12	3Ir18	250	999997	exact
4Tr21 4Lsr17 3Ir19 4Lr38 4Tr13	3Ir18	250	999997	exact
4Tr21 4Lsr17 3L1	3Ir18	22	0
4Tr21 4Lsr17 3L6	4Lr36	21	7179
4Tr21 4Lsr17 3Lr12	3Ir18	20	-1563
4Tr21 4Lsr17 3Lr13	4Tr22	15	999987	exact
4Tr21 4Lsr17 3Lr13 4Tr22 11	4S1	250	999987	exact
4Tr21 4Lsr17 3Lr13 4Tr22 12	3Ir18	250	999989	exact
4Tr21 4Lsr17 3Lr13 4Tr22 13	4Lr35	250	999989	exact
4Tr21 4Lsr17 3Lr13 4Tr22 14	4Lr35	250	999987	exact
4Tr21 4Lsr17 3Lr13 4Tr22 15	3Ir18	250	999989	exact
4Tr21 4Lsr17 3Lr13 4Tr22 16	4S5	250	999989	exact
4Tr21 4Lsr17 3Lr13 4Tr22 17	3Ir18	250	999987	exact
4Tr21 4Lsr17 3Lr13 4Tr22 18	4Lr35	250	999989	exact
4Tr21 4Lsr17 3Lr13 4Tr22 19	3Ir18	250	999987	exact
4Tr21 4Lsr17 3Lr13 4Tr22 25	3Ir18	250	999989	exact
4Tr21 4Lsr17 3Lr13 4Tr22 2r11	4Ssr11	250	999987	exact
4Tr21 4Lsr17 3Lr13 4Tr22 2r12	3Ir18	250	999987	exact
4Tr21 4Lsr17 3Lr13 4Tr22 2r13	4Lr35	250	999987	exact
4Tr21 4Lsr17 3Lr13 4Tr22 2r14	3Ir18	250	999989	exact
4Tr21 4Lsr17 3Lr13 4Tr22 2r15	4Lr15	250	999989	exact
4Tr21 4Lsr17 3Lr13 4Tr22 2r16	4Ss6	250	999987	exact
4Tr21 4Lsr17 3Lr13 4Tr22 2r17	3Ir18	250	999989	exact
4Tr21 4Lsr17 3Lr13 4Tr22 2r18	4Lr35	250	999989	exact
4Tr21 4Lsr17 3Lr13 4Tr22 2r19	3Ir18	250	999989	exact
4Tr21 4Lsr17 3Lr13 4Tr22 3Ir11	3Ir18	250	999987	exact
4Tr21 4Lsr17 3Lr13 4Tr22 3Ir12	3Ir18	250	999987	exact
4Tr21 4Lsr17 3Lr13 4Tr22 3Ir13	3Ir18	250	999987	exact
4Tr21 4Lsr17 3Lr13 4Tr22 3Ir14	3Ir18	250	999989	exact
4Tr21 4Lsr17 3Lr13 4Tr22 3Ir15	3Ir18	250	999987	exact
4Tr21 4Lsr17 3Lr13 4Tr22 3Ir16	4Lr16	250	999987	exact
4Tr21 4Lsr17 3Lr13 4Tr22 3Ir17	4Lr35	250	999989	exact
4Tr21 4Lsr17 3Lr13 4Tr22 3Ir18	4Lr35	250	999987	exact
4Tr21 4Lsr17 3Lr13 4Tr22 3Ir19	3Ir18	250	999987	exact
4Tr21 4Lsr17 3Lr13 4Tr22 3L2	3Ir18	250	999987	exact
4Tr21 4Lsr17 3Lr13 4Tr22 3L6	4Ssr16	250	999989	exact
4Tr21 4Lsr17 3Lr13 4Tr22 3Lr13	4Lr35	250	999989	exact
4Tr21 4Lsr17 3Lr13 4Tr22 3Lr25	3Ir18	250	999987	exact
4Tr21 4Lsr17 3Lr13 4Tr22 3Lr35	4Sr15	250	999991	exact
4Tr21 4Lsr17 3Lr13 4Tr22 4Lr35	3Ir18	250	999987	exact
4Tr21 4Lsr17 3Lr13 4Tr22 4Lsr15	3Ir18	250	999987	exact
4Tr21 4Lsr17 3Lr13 4Tr22 4Lsr31	3Ir18	250	999987	exact
4Tr21 4Lsr17 3Lr13 4Tr22 4Lsr37	4Lr35	250	999987	exact
4Tr21 4Lsr17 3Lr13 4Tr22 4S2	3Ir18	250	999987	exact
4Tr21 4Lsr17 3Lr13 4Tr22 4S6	3Ir18	250	999987	exact
4Tr21 4Lsr17 3Lr13 4Tr22 4Ss3	3Ir15	250	999987	exact
4Tr21 4Lsr17 3Lr13 4Tr22 4Ssr15	3Ir18	250	999989	exact
4Tr21 4Lsr17 3Lr13 4Tr22 4Tr13	4Lr35	250	999989	exact
4Tr21 4Lsr17 3Lr13 4Tr22 4Tr32	3Ir18	250	999987	exact
4Tr21 4Lsr17 3Lr13 4Tr22 4Tr36	4Ss6	250	999987	exact
4Tr21 4Lsr17 3Lr24	4Tr34	21	7902
4Tr21 4Lsr17 3Lr25	3Ir18	20	999980	exact
4Tr21 4Lsr17 3Lr34	4Ss4	22	999978	exact
4Tr21 4Lsr17 3Lr35	4Ss5	21	999980	exact
4Tr21 4Lsr17 4Lr24	3Ir18	21	999981	exact
4Tr21 4Lsr17 4Lr34	3Ir18	21	0
4Tr21 4Lsr17 4Lr35	3Ir15	21	3832
4Tr21 4Lsr17 4Lsr14	2r18	20	-4477
4Tr21 4Lsr17 4Lsr15	3Ir18	21	0
4Tr21 4Lsr17 4Lsr24	3Ir18	20	999981	exact
4Tr21 4Lsr17 4Lsr37	4Lr35	20	-5654
4Tr21 4Lsr17 4S1	3Ir18	21	-936
4Tr21 4Lsr17 4S6	3Ir18	20	999981	exact
4Tr21 4Lsr17 4Sr13	3Ir18	21	999980	exact
4Tr21 4Lsr17 4Ss2	4Ss2	21	6669
4Tr21 4Lsr17 4Ss3	4Ss3	18	999983	exact
4Tr21 4Lsr17 4Ssr15	4Tr37	19	999983	exact
4Tr21 4Lsr17 4Tr12	3Ir18	21	-5311
4Tr21 4Lsr17 4Tr13	3Ir18	20	999982	exact
4Tr21 4Lsr17 4Tr24	4Sr15	19	999983	exact
4Tr21 4Lsr17 4Tr31	3Ir18	21	4935
4Tr21 4Lsr17 4Tr36	4Ss6	17	999987	exact
4Tr24 2r15 22	4Ss6	22	999982	exact
4Tr24 2r15 4Tr21	4Ss6	22	5905
4Tr21 4Lsr17	4Lsr37	21	5654
