4Tr24 11	4Sr11	20	999989	exact
4Tr24 11 4Sr11 17	4Sr17	250	999997	exact
4Tr24 11 4Sr11 19	4Ssr17	250	999997	exact
4Tr24 11 4Sr11 2r13	4Lr27	250	999997	exact
4Tr24 11 4Sr11 2r15	4Lr27	250	999997	exact
4Tr24 11 4Sr11 2r17	4T5	250	999991	exact
4Tr24 11 4Sr11 3Ir12	4Lr27	250	999997	exact
4Tr24 11 4Sr11 3Lr37	4S6	250	999989	exact
4Tr24 11 4Sr11 4Lsr27	4S6	250	999993	exact
4Tr24 11 4Sr11 4Ss2	4Lr27	250	999997	exact
4Tr24 12	4Ss2	19	999984	exact
4Tr24 13	4Ssr11	18	999989	exact
4Tr24 13 4Ssr11 11	4Tr27	250	999997	exact
4Tr24 13 4Ssr11 12	4Tr27	250	999997	exact
4Tr24 13 4Ssr11 13	4Tr27	250	999997	exact
4Tr24 13 4Ssr11 14	4Tr27	250	999997	exact
4Tr24 13 4Ssr11 15	4Tr27	250	999997	exact
4Tr24 13 4Ssr11 16	4Tr27	250	999997	exact
4Tr24 13 4Ssr11 17	4Sr17	250	999997	exact
4Tr24 13 4Ssr11 18	4Tr37	250	999995	exact
4Tr24 13 4Ssr11 19	4Ssr17	250	999997	exact
4Tr24 13 4Ssr11 22	4Tr27	250	999997	exact
4Tr24 13 4Ssr11 27	4Ls7	250	999997	exact
4Tr24 13 4Ssr11 28	4L7	250	999997	exact
4Tr24 13 4Ssr11 2r11	4Tr27	250	999997	exact
4Tr24 13 4Ssr11 2r12	4Tr27	250	999997	exact
4Tr24 13 4Ssr11 2r13	4Tr27	250	999997	exact
4Tr24 13 4Ssr11 2r14	4Tr27	250	999997	exact
4Tr24 13 4Ssr11 2r15	4Tr27	250	999997	exact
4Tr24 13 4Ssr11 2r16	4Tr27	250	999997	exact
4Tr24 13 4Ssr11 2r17	4S6	250	999989	exact
4Tr24 13 4Ssr11 2r18	4Lsr37	250	999995	exact
4Tr24 13 4Ssr11 2r19	4Lsr38	250	999989	exact
4Tr24 13 4Ssr11 3I7	4Tr27	250	999997	exact
4Tr24 13 4Ssr11 3Ir11	4Tr27	250	999997	exact
4Tr24 13 4Ssr11 3Ir12	4Tr27	250	999997	exact
4Tr24 13 4Ssr11 3Ir13	4Lsr17	250	999995	exact
4Tr24 13 4Ssr11 3Ir14	4Tr27	250	999997	exact
4Tr24 13 4Ssr11 3Ir15	4Tr27	250	999997	exact
4Tr24 13 4Ssr11 3Ir16	4Tr27	250	999997	exact
4Tr24 13 4Ssr11 3Ir17	4Lsr36	250	999991	exact
4Tr24 13 4Ssr11 3Ir18	2r18	250	999991	exact
4Tr24 13 4Ssr11 3Ir19	3Ir19	250	999991	exact
4Tr24 13 4Ssr11 3L1	4Tr27	250	999997	exact
4Tr24 13 4Ssr11 3L4	4Tr27	250	999997	exact
4Tr24 13 4Ssr11 3Lr13	4Tr27	250	999997	exact
4Tr24 13 4Ssr11 3Lr15	4Tr27	250	999997	exact
4Tr24 13 4Ssr11 3Lr16	4Lr25	250	999993	exact
4Tr24 13 4Ssr11 3Lr22	4Tr27	250	999997	exact
4Tr24 13 4Ssr11 3Lr27	4Ssr16	250	999995	exact
4Tr24 13 4Ssr11 3Lr28	4S8	250	999991	exact
4Tr24 13 4Ssr11 3Lr32	4Tr27	250	999997	exact
4Tr24 13 4Ssr11 3Lr37	4S6	250	999989	exact
4Tr24 13 4Ssr11 3Lr38	4Lsr37	250	999991	exact
4Tr24 13 4Ssr11 4L1	4Tr27	250	999997	exact
4Tr24 13 4Ssr11 4Lr27	4Ssr17	250	999997	exact
4Tr24 13 4Ssr11 4Lr32	4Tr27	250	999997	exact
4Tr24 13 4Ssr11 4Lr37	4Lsr36	250	999989	exact
4Tr24 13 4Ssr11 4Lr38	4Lr18	250	999993	exact
4Tr24 13 4Ssr11 4Ls2	4Tr27	250	999997	exact
4Tr24 13 4Ssr11 4Lsr12	4Lsr27	250	999997	exact
4Tr24 13 4Ssr11 4Lsr17	4Lsr37	250	999995	exact
4Tr24 13 4Ssr11 4Lsr18	4Lsr38	250	999993	exact
4Tr24 13 4Ssr11 4Lsr27	4T5	250	999993	exact
4Tr24 13 4Ssr11 4S1	4Tr27	250	999997	exact
4Tr24 13 4Ssr11 4S4	4Lsr27	250	999997	exact
4Tr24 13 4Ssr11 4Sr16	4Ls6	250	999995	exact
4Tr24 13 4Ssr11 4Ss3	4Lsr27	250	999997	exact
4Tr24 13 4Ssr11 4Ss5	4Tr27	250	999997	exact
4Tr24 13 4Ssr11 4Ss6	4S5	250	999989	exact
4Tr24 13 4Ssr11 4T3	4Lsr27	250	999997	exact
4Tr24 13 4Ssr11 4Tr13	4Lsr27	250	999997	exact
4Tr24 13 4Ssr11 4Tr15	4Lsr17	250	999995	exact
4Tr24 13 4Ssr11 4Tr16	4Ssr15	250	999989	exact
4Tr24 13 4Ssr11 4Tr27	4Ssr16	250	999995	exact
4Tr24 13 4Ssr11 4Tr31	4Tr27	250	999997	exact
4Tr24 13 4Ssr11 4Tr34	4Lsr27	250	999997	exact
4Tr24 14	4Tr27	16	999991	exact
4Tr24 14 4Tr27 11	4Sr11	250	999997	exact
4Tr24 14 4Tr27 12	4S1	250	999995	exact
4Tr24 14 4Tr27 13	4Ssr11	250	999997	exact
4Tr24 14 4Tr27 14	3I1	250	999997	exact
4Tr24 14 4Tr27 15	3I1	250	999997	exact
4Tr24 14 4Tr27 16	3I1	250	999997	exact
4Tr24 14 4Tr27 17	3I1	250	999997	exact
4Tr24 14 4Tr27 18	3I1	250	999997	exact
4Tr24 14 4Tr27 19	3I1	250	999997	exact
4Tr24 14 4Tr27 21	4Ls1	250	999997	exact
4Tr24 14 4Tr27 22	4L1	250	999997	exact
4Tr24 14 4Tr27 24	3I1	250	999997	exact
4Tr24 14 4Tr27 26	3I1	250	999997	exact
4Tr24 14 4Tr27 2r11	4Lr11	250	999995	exact
4Tr24 14 4Tr27 2r12	4Lr12	250	999995	exact
4Tr24 14 4Tr27 2r13	4Lsr23	250	999991	exact
4Tr24 14 4Tr27 2r14	3I1	250	999997	exact
4Tr24 14 4Tr27 2r15	3I1	250	999997	exact
4Tr24 14 4Tr27 2r16	3I1	250	999997	exact
4Tr24 14 4Tr27 2r17	3I1	250	999997	exact
4Tr24 14 4Tr27 2r18	3I1	250	999997	exact
4Tr24 14 4Tr27 2r19	3I1	250	999997	exact
4Tr24 14 4Tr27 3I1	3I1	250	999997	exact
4Tr24 14 4Tr27 3Ir11	3Ir11	250	999991	exact
4Tr24 14 4Tr27 3Ir12	12	250	999991	exact
4Tr24 14 4Tr27 3Ir13	4Sr13	250	999991	exact
4Tr24 14 4Tr27 3Ir14	3I1	250	999997	exact
4Tr24 14 4Tr27 3Ir15	3I1	250	999997	exact
4Tr24 14 4Tr27 3Ir16	3I1	250	999997	exact
4Tr24 14 4Tr27 3Ir17	3I1	250	999997	exact
4Tr24 14 4Tr27 3Ir18	3I1	250	999997	exact
4Tr24 14 4Tr27 3Ir19	3I1	250	999997	exact
4Tr24 14 4Tr27 3L7	3I1	250	999997	exact
4Tr24 14 4Tr27 3Lr15	3I1	250	999997	exact
4Tr24 14 4Tr27 3Lr18	3I1	250	999997	exact
4Tr24 14 4Tr27 3Lr21	4S1	250	999995	exact
4Tr24 14 4Tr27 3Lr22	4L2	250	999995	exact
4Tr24 14 4Tr27 3Lr24	3I1	250	999997	exact
4Tr24 14 4Tr27 3Lr26	3I1	250	999997	exact
4Tr24 14 4Tr27 3Lr31	4Ss1	250	999993	exact
4Tr24 14 4Tr27 3Lr32	4Ss2	250	999995	exact
4Tr24 14 4Tr27 3Lr34	3I1	250	999997	exact
4Tr24 14 4Tr27 3Lr36	3I1	250	999997	exact
4Tr24 14 4Tr27 4Lr21	4L2	250	999995	exact
4Tr24 14 4Tr27 4Lr31	4Lr11	250	999995	exact
4Tr24 14 4Tr27 4Lr32	4Lr12	250	999995	exact
4Tr24 14 4Tr27 4Lr34	3I1	250	999997	exact
4Tr24 14 4Tr27 4Lr36	4Lsr12	250	999995	exact
4Tr24 14 4Tr27 4Ls4	3I1	250	999997	exact
4Tr24 14 4Tr27 4Lsr11	4Lsr31	250	999995	exact
4Tr24 14 4Tr27 4Lsr12	4Sr13	250	999991	exact
4Tr24 14 4Tr27 4Lsr14	3I1	250	999997	exact
4Tr24 14 4Tr27 4Lsr16	3I1	250	999997	exact
4Tr24 14 4Tr27 4Lsr21	4Sr11	250	999997	exact
4Tr24 14 4Tr27 4Lsr33	4Ls3	250	999993	exact
4Tr24 14 4Tr27 4S7	3I1	250	999997	exact
4Tr24 14 4Tr27 4Sr15	3I1	250	999997	exact
4Tr24 14 4Tr27 4Ss5	3I1	250	999997	exact
4Tr24 14 4Tr27 4Ss8	3I1	250	999997	exact
4Tr24 14 4Tr27 4Ssr16	3I1	250	999997	exact
4Tr24 14 4Tr27 4Tr15	3I1	250	999997	exact
4Tr24 14 4Tr27 4Tr18	3I1	250	999997	exact
4Tr24 14 4Tr27 4Tr21	4Ss2	250	999995	exact
4Tr24 14 4Tr27 4Tr37	3I1	250	999997	exact
4Tr24 15	4Lsr34	21	999984	exact
4Tr24 21	4Tr12	23	999986	exact
4Tr24 22	4Lr33	20	999985	exact
4Tr24 2r11	3Ir15	22	12875
4Tr24 2r12	4Lr12	18	999985	exact
4Tr24 2r12 4Lr12 16	4Lsr27	250	999995	exact
4Tr24 2r12 4Lr12 18	3Ir12	250	999987	exact
4Tr24 2r12 4Lr12 22	4Lsr27	250	999995	exact
4Tr24 2r12 4Lr12 2r14	4Lsr12	250	999991	exact
4Tr24 2r12 4Lr12 3Ir17	3Ir13	250	999985	exact
4Tr24 2r12 4Lr12 3Ir19	19	250	999989	exact
4Tr24 2r12 4Lr12 3Lr27	4Lsr12	250	999985	exact
4Tr24 2r12 4Lr12 3Lr37	3Ir12	250	999985	exact
4Tr24 2r12 4Lr12 4Lr13	4Lsr27	250	999995	exact
4Tr24 2r13	4Ss3	21	999987	exact
4Tr24 2r14	4Tr27	12	999989	exact
4Tr24 2r14 4Tr27 11	4Sr11	250	999997	exact
4Tr24 2r14 4Tr27 12	4S1	250	999991	exact
4Tr24 2r14 4Tr27 13	4Ssr11	250	999997	exact
4Tr24 2r14 4Tr27 14	3I1	250	999997	exact
4Tr24 2r14 4Tr27 15	4Lr21	250	999997	exact
4Tr24 2r14 4Tr27 16	3I1	250	999997	exact
4Tr24 2r14 4Tr27 17	3I1	250	999997	exact
4Tr24 2r14 4Tr27 18	3I1	250	999997	exact
4Tr24 2r14 4Tr27 19	3I1	250	999997	exact
4Tr24 2r14 4Tr27 21	4Ls1	250	999997	exact
4Tr24 2r14 4Tr27 22	4L1	250	999997	exact
4Tr24 2r14 4Tr27 26	3I1	250	999997	exact
4Tr24 2r14 4Tr27 2r11	4Lr11	250	999993	exact
4Tr24 2r14 4Tr27 2r12	4Lsr31	250	999995	exact
4Tr24 2r14 4Tr27 2r13	4Ss4	250	999989	exact
4Tr24 2r14 4Tr27 2r14	4Lr21	250	999997	exact
4Tr24 2r14 4Tr27 2r15	4Lr21	250	999997	exact
4Tr24 2r14 4Tr27 2r16	3I1	250	999997	exact
4Tr24 2r14 4Tr27 2r17	3I1	250	999997	exact
4Tr24 2r14 4Tr27 2r18	3I1	250	999997	exact
4Tr24 2r14 4Tr27 2r19	3I1	250	999997	exact
4Tr24 2r14 4Tr27 3I1	3I1	250	999997	exact
4Tr24 2r14 4Tr27 3Ir11	4Ss4	250	999989	exact
4Tr24 2r14 4Tr27 3Ir12	2r12	250	999991	exact
4Tr24 2r14 4Tr27 3Ir13	4Ls3	250	999991	exact
4Tr24 2r14 4Tr27 3Ir14	3I1	250	999997	exact
4Tr24 2r14 4Tr27 3Ir15	4Lr21	250	999997	exact
4Tr24 2r14 4Tr27 3Ir16	3I1	250	999997	exact
4Tr24 2r14 4Tr27 3Ir17	3I1	250	999997	exact
4Tr24 2r14 4Tr27 3Ir18	3I1	250	999997	exact
4Tr24 2r14 4Tr27 3Ir19	3I1	250	999997	exact
4Tr24 2r14 4Tr27 3L7	4Lr21	250	999997	exact
4Tr24 2r14 4Tr27 3Lr14	4Lr21	250	999997	exact
4Tr24 2r14 4Tr27 3Lr15	4Lr21	250	999997	exact
4Tr24 2r14 4Tr27 3Lr18	4Lr21	250	999997	exact
4Tr24 2r14 4Tr27 3Lr21	4Lr12	250	999993	exact
4Tr24 2r14 4Tr27 3Lr22	4Ss4	250	999989	exact
4Tr24 2r14 4Tr27 3Lr26	3I1	250	999997	exact
4Tr24 2r14 4Tr27 3Lr31	3Lr11	250	999989	exact
4Tr24 2r14 4Tr27 3Lr32	3Lr12	250	999995	exact
4Tr24 2r14 4Tr27 3Lr36	3I1	250	999997	exact
4Tr24 2r14 4Tr27 4Lr21	4Ss4	250	999989	exact
4Tr24 2r14 4Tr27 4Lr31	4Lr11	250	999991	exact
4Tr24 2r14 4Tr27 4Lr32	4Lr12	250	999995	exact
4Tr24 2r14 4Tr27 4Lr36	4Lr21	250	999997	exact
4Tr24 2r14 4Tr27 4Lsr11	4Lsr31	250	999993	exact
4Tr24 2r14 4Tr27 4Lsr12	4Ls3	250	999991	exact
4Tr24 2r14 4Tr27 4Lsr16	3I1	250	999997	exact
4Tr24 2r14 4Tr27 4Lsr21	4Sr11	250	999997	exact
4Tr24 2r14 4Tr27 4S7	4Lr21	250	999997	exact
4Tr24 2r14 4Tr27 4Sr15	3I1	250	999997	exact
4Tr24 2r14 4Tr27 4Ss4	3I1	250	999997	exact
4Tr24 2r14 4Tr27 4Ss5	4Lr21	250	999997	exact
4Tr24 2r14 4Tr27 4Ss8	3I1	250	999997	exact
4Tr24 2r14 4Tr27 4Ssr16	4Lr21	250	999997	exact
4Tr24 2r14 4Tr27 4Tr14	3I1	250	999997	exact
4Tr24 2r14 4Tr27 4Tr15	4Lr21	250	999997	exact
4Tr24 2r14 4Tr27 4Tr18	4Lr21	250	999997	exact
4Tr24 2r14 4Tr27 4Tr21	3Lr12	250	999995	exact
4Tr24 2r14 4Tr27 4Tr37	4Lr21	250	999997	exact
4Tr24 2r15	3Ir16	22	8382
4Tr24 3I1	4Lr21	20	999984	exact
4Tr24 3Ir11	3Ir11	21	999987	exact
4Tr24 3Ir12	2r15	22	9470
4Tr24 3Ir13	4Lr13	20	999987	exact
4Tr24 3Ir14	4Tr21	12	999991	exact
4Tr24 3Ir14 4Tr21 11	4Lsr27	250	999997	exact
4Tr24 3Ir14 4Tr21 12	4Lsr27	250	999997	exact
4Tr24 3Ir14 4Tr21 13	4Lsr27	250	999997	exact
4Tr24 3Ir14 4Tr21 14	4Lsr27	250	999997	exact
4Tr24 3Ir14 4Tr21 15	4Lsr27	250	999997	exact
4Tr24 3Ir14 4Tr21 16	4Lsr27	250	999997	exact
4Tr24 3Ir14 4Tr21 17	4Sr17	250	999997	exact
4Tr24 3Ir14 4Tr21 18	4S7	250	999991	exact
4Tr24 3Ir14 4Tr21 19	4Ssr17	250	999997	exact
4Tr24 3Ir14 4Tr21 27	4Ls7	250	999997	exact
4Tr24 3Ir14 4Tr21 28	4L7	250	999997	exact
4Tr24 3Ir14 4Tr21 2r11	4Lsr27	250	999997	exact
4Tr24 3Ir14 4Tr21 2r12	4Lsr27	250	999997	exact
4Tr24 3Ir14 4Tr21 2r13	4Lsr27	250	999997	exact
4Tr24 3Ir14 4Tr21 2r14	4Lsr27	250	999997	exact
4Tr24 3Ir14 4Tr21 2r15	4Lsr17	250	999991	exact
4Tr24 3Ir14 4Tr21 2r16	4Lsr27	250	999997	exact
4Tr24 3Ir14 4Tr21 2r17	4S6	250	999991	exact
4Tr24 3Ir14 4Tr21 2r18	4Lsr37	250	999993	exact
4Tr24 3Ir14 4Tr21 2r19	4Lsr38	250	999991	exact
4Tr24 3Ir14 4Tr21 3I7	3Ir17	250	999991	exact
4Tr24 3Ir14 4Tr21 3Ir11	4Lsr27	250	999997	exact
4Tr24 3Ir14 4Tr21 3Ir12	4Lsr27	250	999997	exact
4Tr24 3Ir14 4Tr21 3Ir13	3Ir17	250	999991	exact
4Tr24 3Ir14 4Tr21 3Ir14	3Ir17	250	999991	exact
4Tr24 3Ir14 4Tr21 3Ir15	3Ir17	250	999991	exact
4Tr24 3Ir14 4Tr21 3Ir16	4Lr14	250	999991	exact
4Tr24 3Ir14 4Tr21 3Ir17	4Lsr36	250	999991	exact
4Tr24 3Ir14 4Tr21 3Ir18	4Lr14	250	999991	exact
4Tr24 3Ir14 4Tr21 3Ir19	3Ir19	250	999991	exact
4Tr24 3Ir14 4Tr21 3L1	4Lsr27	250	999997	exact
4Tr24 3Ir14 4Tr21 3Lr12	4Lsr27	250	999997	exact
4Tr24 3Ir14 4Tr21 3Lr15	3Ir17	250	999993	exact
4Tr24 3Ir14 4Tr21 3Lr16	4Lsr16	250	999991	exact
4Tr24 3Ir14 4Tr21 3Lr27	4S7	250	999993	exact
4Tr24 3Ir14 4Tr21 3Lr28	4S8	250	999991	exact
4Tr24 3Ir14 4Tr21 3Lr37	4S6	250	999991	exact
4Tr24 3Ir14 4Tr21 3Lr38	4Lsr37	250	999995	exact
4Tr24 3Ir14 4Tr21 4Lr14	4Lsr27	250	999997	exact
4Tr24 3Ir14 4Tr21 4Lr27	4Ssr17	250	999997	exact
4Tr24 3Ir14 4Tr21 4Lr37	4Lsr36	250	999991	exact
4Tr24 3Ir14 4Tr21 4Lr38	4Lr18	250	999993	exact
4Tr24 3Ir14 4Tr21 4Lsr17	4Lsr37	250	999991	exact
4Tr24 3Ir14 4Tr21 4Lsr18	4Lsr38	250	999993	exact
4Tr24 3Ir14 4Tr21 4Lsr27	4S6	250	999991	exact
4Tr24 3Ir14 4Tr21 4S1	4Lsr27	250	999997	exact
4Tr24 3Ir14 4Tr21 4Sr16	4Ls6	250	999993	exact
4Tr24 3Ir14 4Tr21 4Ss2	4Lsr27	250	999997	exact
4Tr24 3Ir14 4Tr21 4Ss5	4Lsr27	250	999997	exact
4Tr24 3Ir14 4Tr21 4Ss6	4S5	250	999991	exact
4Tr24 3Ir14 4Tr21 4Tr12	4Lsr17	250	999995	exact
4Tr24 3Ir14 4Tr21 4Tr15	3Ir17	250	999991	exact
4Tr24 3Ir14 4Tr21 4Tr16	4S6	250	999993	exact
4Tr24 3Ir14 4Tr21 4Tr27	4S7	250	999991	exact
4Tr24 3Ir14 4Tr21 4Tr31	4Lsr27	250	999997	exact
4Tr24 3Ir15	3Ir14	22	999980	exact
4Tr24 3L3	4Lr23	20	999987	exact
4Tr24 3L3 4Lr23 17	4Sr17	250	999987	exact
4Tr24 3L3 4Lr23 3Ir11	3Ir15	250	999987	exact
4Tr24 3L4	4Lr15	21	999984	exact
4Tr24 3Lr21	4Lr12	21	11184
4Tr24 3Lr22	4Ss3	19	999984	exact
4Tr24 3Lr27	4Ssr16	21	999987	exact
4Tr24 3Lr28	4S8	22	999985	exact
4Tr24 4Lr21	4Ss3	21	999987	exact
4Tr24 4Lr27	4Ssr17	17	999985	exact
4Tr24 4Lr31	4Lr11	21	8648
4Tr24 4Lr32	4Lr12	19	999983	exact
4Tr24 4Lr37	4Lsr36	20	999985	exact
4Tr24 4Lr38	4Lr18	22	6313
4Tr24 4S3	4Tr14	21	999985	exact
4Tr24 4S4	4Lsr12	17	999983	exact
4Tr24 4Sr16	4Lsr25	19	999985	exact
4Tr24 4Tr15	4Lsr34	21	11445
4Tr24 4Tr16	4S6	19	999984	exact
4Tr24 4Tr21	4Sr12	20	999987	exact
4Tr24	4Lr38	23	-6313
