4Tr24 2r15 11	3Ir15	21	999981	exact
4Tr24 2r15 12	3Ir15	21	999982	exact
4Tr24 2r15 13	4Ss6	22	999980	exact
4Tr24 2r15 14	4Lsr33	20	999982	exact
4Tr24 2r15 14 4Lsr33 2r19	4S4	250	999982	exact
4Tr24 2r15 15	4S3	21	999982	exact
4Tr24 2r15 21	4S3	19	999983	exact
4Tr24 2r15 2r11	3Ir15	20	999983	exact
4Tr24 2r15 2r12	3Ir15	21	999980	exact
4Tr24 2r15 2r13	4Ss6	21	999980	exact
4Tr24 2r15 2r14	4Tr34	22	999980	exact
4Tr24 2r15 2r15	4Ss6	19	999981	exact
4Tr24 2r15 2r15 4Ss6 11	4S3	250	999984	exact
4Tr24 2r15 3I1	4Ss6	22	999986	exact
4Tr24 2r15 3Ir11	3Ir15	20	999982	exact
4Tr24 2r15 3Ir11 3Ir15 3Lr22	4Ss6	250	999982	exact
4Tr24 2r15 3Ir12	3Ir15	21	999982	exact
4Tr24 2r15 3Ir13	4Ss6	20	999982	exact
4Tr24 2r15 3Ir14	3Lr16	21	-999980	exact
4Tr24 2r15 3Ir15	4Ss6	21	-8638
4Tr24 2r15 3L3	4Ss6	22	-6543
4Tr24 2r15 3Lr21	3Ir15	22	999978	exact
4Tr24 2r15 3Lr22	4Ss6	22	6693
4Tr24 2r15 3Lr27	4S3	22	0
4Tr24 2r15 3Lr28	3Ir15	21	9828
4Tr24 2r15 4Lr21	4Ss6	23	999978	exact
4Tr24 2r15 4Lr27	4S3	21	6036
4Tr24 2r15 4Lr31	3Ir15	22	6162
4Tr24 2r15 4Lr32	4Lsr18	21	-999982	exact
4Tr24 2r15 4Lr37	4S3	21	-6823
4Tr24 2r15 4Lr38	3Ir15	23	999977	exact
4Tr24 2r15 4S3	4S4	21	-999979	exact
4Tr24 2r15 4Sr16	4Tr33	21	-8504
4Tr24 2r15 4Tr16	3Lr32	20	-999980	exact
4Tr24 2r15	4Lr32	22	999982	exact
