4Tr21 4Lr27 11	4S6	23	2565
4Tr21 4Lr27 12	3Ir19	20	-5075
4Tr21 4Lr27 13	4S6	22	-1866
4Tr21 4Lr27 14	4Tr14	20	999982	exact
4Tr21 4Lr27 15	4S6	21	999981	exact
4Tr21 4Lr27 16	4Ssr17	20	6029
4Tr21 4Lr27 17	4Ss7	21	8682
4Tr21 4Lr27 18	4Tr37	22	6610
4Tr21 4Lr27 19	4Ssr15	22	-1344
4Tr21 4Lr27 24	4Tr15	18	999982	exact
4Tr21 4Lr27 25	4Tr26	20	999982	exact
4Tr21 4Lr27 27	3Lr38	22	1777
4Tr21 4Lr27 2r11	4Ssr15	21	-3435
4Tr21 4Lr27 2r12	2r19	21	-5443
4Tr21 4Lr27 2r13	3Ir15	20	-3830
4Tr21 4Lr27 2r14	4Lr14	21	999981	exact
4Tr21 4Lr27 2r15	4Lsr34	22	999978	exact
4Tr21 4Lr27 2r16	4Ss6	21	999982	exact
4Tr21 4Lr27 2r17	4Lsr15	21	5743
4Tr21 4Lr27 2r18	4Lr35	22	999983	exact
4Tr21 4Lr27 2r19	3Ir17	21	-3734
4Tr21 4Lr27 3I4	4Tr25	18	999986	exact
4Tr21 4Lr27 3I4 4Tr25 11	4Tr35	250	999987	exact
4Tr21 4Lr27 3I4 4Tr25 12	4Tr35	250	999986	exact
4Tr21 4Lr27 3I4 4Tr25 13	4Tr13	250	999986	exact
4Tr21 4Lr27 3I4 4Tr25 14	4T2	250	999995	exact
4Tr21 4Lr27 3I4 4Tr25 15	4Sr12	250	999991	exact
4Tr21 4Lr27 3I4 4Tr25 16	4Sr12	250	999995	exact
4Tr21 4Lr27 3I4 4Tr25 17	3Ir16	250	999987	exact
4Tr21 4Lr27 3I4 4Tr25 18	4Sr12	250	999991	exact
4Tr21 4Lr27 3I4 4Tr25 19	3Ir16	250	999987	exact
4Tr21 4Lr27 3I4 4Tr25 23	4Tr22	250	999995	exact
4Tr21 4Lr27 3I4 4Tr25 2r11	4Lsr13	250	999986	exact
4Tr21 4Lr27 3I4 4Tr25 2r12	3Ir12	250	999986	exact
4Tr21 4Lr27 3I4 4Tr25 2r13	4Lr13	250	999987	exact
4Tr21 4Lr27 3I4 4Tr25 2r14	4Ss4	250	999987	exact
4Tr21 4Lr27 3I4 4Tr25 2r15	4Sr12	250	999989	exact
4Tr21 4Lr27 3I4 4Tr25 2r16	4Sr12	250	999987	exact
4Tr21 4Lr27 3I4 4Tr25 2r17	4Sr12	250	999993	exact
4Tr21 4Lr27 3I4 4Tr25 2r18	4Sr12	250	999987	exact
4Tr21 4Lr27 3I4 4Tr25 2r19	4Sr12	250	999987	exact
4Tr21 4Lr27 3I4 4Tr25 3Ir11	4Tr35	250	999987	exact
4Tr21 4Lr27 3I4 4Tr25 3Ir12	4Tr35	250	999986	exact
4Tr21 4Lr27 3I4 4Tr25 3Ir13	3Ir16	250	999987	exact
4Tr21 4Lr27 3I4 4Tr25 3Ir14	3Ir16	250	999987	exact
4Tr21 4Lr27 3I4 4Tr25 3Ir15	4Sr12	250	999987	exact
4Tr21 4Lr27 3I4 4Tr25 3Ir16	4Sr12	250	999993	exact
4Tr21 4Lr27 3I4 4Tr25 3Ir17	4Sr12	250	999987	exact
4Tr21 4Lr27 3I4 4Tr25 3Ir18	4Sr12	250	999993	exact
4Tr21 4Lr27 3I4 4Tr25 3Ir19	4Sr12	250	999987	exact
4Tr21 4Lr27 3I4 4Tr25 3L1	3Lr21	250	999991	exact
4Tr21 4Lr27 3I4 4Tr25 3L4	4Lsr14	250	999987	exact
4Tr21 4Lr27 3I4 4Tr25 3L5	4Sr12	250	999995	exact
4Tr21 4Lr27 3I4 4Tr25 3L8	4Sr12	250	999995	exact
4Tr21 4Lr27 3I4 4Tr25 3Lr12	3Ir16	250	999987	exact
4Tr21 4Lr27 3I4 4Tr25 3Lr16	4Sr12	250	999993	exact
4Tr21 4Lr27 3I4 4Tr25 3Lr17	4Sr12	250	999995	exact
4Tr21 4Lr27 3I4 4Tr25 3Lr23	4Ss4	250	999987	exact
4Tr21 4Lr27 3I4 4Tr25 3Lr33	3Ir16	250	999987	exact
4Tr21 4Lr27 3I4 4Tr25 4Lr33	4Lr13	250	999991	exact
4Tr21 4Lr27 3I4 4Tr25 4Lsr13	4Lr14	250	999986	exact
4Tr21 4Lr27 3I4 4Tr25 4S1	3Ir16	250	999991	exact
4Tr21 4Lr27 3I4 4Tr25 4S4	4Ss5	250	999986	exact
4Tr21 4Lr27 3I4 4Tr25 4S5	4Sr12	250	999993	exact
4Tr21 4Lr27 3I4 4Tr25 4S8	4Sr12	250	999995	exact
4Tr21 4Lr27 3I4 4Tr25 4Sr12	4Ls2	250	999995	exact
4Tr21 4Lr27 3I4 4Tr25 4Ss2	3Ir16	250	999987	exact
4Tr21 4Lr27 3I4 4Tr25 4Ss6	4Sr12	250	999993	exact
4Tr21 4Lr27 3I4 4Tr25 4Ss7	4Sr12	250	999993	exact
4Tr21 4Lr27 3I4 4Tr25 4Ssr13	4Lr35	250	999987	exact
4Tr21 4Lr27 3I4 4Tr25 4T7	4Sr12	250	999995	exact
4Tr21 4Lr27 3I4 4Tr25 4Tr12	3Ir16	250	999987	exact
4Tr21 4Lr27 3I4 4Tr25 4Tr16	4Sr12	250	999995	exact
4Tr21 4Lr27 3I4 4Tr25 4Tr17	4Sr12	250	999995	exact
4Tr21 4Lr27 3I4 4Tr25 4Tr31	4Ss1	250	999989	exact
4Tr21 4Lr27 3I4 4Tr25 4Tr34	4Ss4	250	999991	exact
4Tr21 4Lr27 3I4 4Tr25 4Tr35	4Sr12	250	999995	exact
4Tr21 4Lr27 3I4 4Tr25 4Tr38	4Sr12	250	999995	exact
4Tr21 4Lr27 3Ir11	3Ir17	21	-2268
4Tr21 4Lr27 3Ir12	3Ir19	20	-6135
4Tr21 4Lr27 3Ir13	3Ir15	21	-3438
4Tr21 4Lr27 3Ir14	3Ir17	22	0
4Tr21 4Lr27 3Ir15	3Ir15	21	6883
4Tr21 4Lr27 3Ir16	4Lr16	21	-1545
4Tr21 4Lr27 3Ir17	3Ir15	22	-3231
4Tr21 4Lr27 3Ir18	4Lr35	19	999984	exact
4Tr21 4Lr27 3Ir19	4S6	21	974
4Tr21 4Lr27 3L1	3Ir17	20	-5963
4Tr21 4Lr27 3L6	4Tr17	20	4263
4Tr21 4Lr27 3L8	3Ir17	21	-3933
4Tr21 4Lr27 3Lr12	3Ir19	19	-6295
4Tr21 4Lr27 3Lr13	3Ir17	19	-4506
4Tr21 4Lr27 3Lr24	4Lr15	22	7210
4Tr21 4Lr27 3Lr25	4Ss6	21	999980	exact
4Tr21 4Lr27 3Lr27	4Tr18	21	2076
4Tr21 4Lr27 3Lr34	4S6	21	7243
4Tr21 4Lr27 3Lr35	4Lr37	22	3656
4Tr21 4Lr27 3Lr37	4Lsr15	22	5000
4Tr21 4Lr27 4L6	4Tr27	22	4855
4Tr21 4Lr27 4Lr24	4Tr16	22	999979	exact
4Tr21 4Lr27 4Lr34	3Ir19	20	-999983	exact
4Tr21 4Lr27 4Lr35	2r19	20	-999981	exact
4Tr21 4Lr27 4Lr37	4Lr35	21	999979	exact
4Tr21 4Lr27 4Lsr14	3Ir19	21	-8247
4Tr21 4Lr27 4Lsr15	4Lr16	21	-6027
4Tr21 4Lr27 4Lsr17	4Lsr15	21	2293
4Tr21 4Lr27 4Lsr24	4Tr26	21	7049
4Tr21 4Lr27 4S1	4Tr36	20	-7548
4Tr21 4Lr27 4S6	4Lr17	19	-6943
4Tr21 4Lr27 4S8	3Ir17	21	-4827
4Tr21 4Lr27 4Sr13	4S6	21	-518
4Tr21 4Lr27 4Ss2	2r19	19	-6666
4Tr21 4Lr27 4Ss3	4Tr36	20	-8217
4Tr21 4Lr27 4Ssr15	4Tr17	21	4795
4Tr21 4Lr27 4Ssr17	4Lsr15	24	0
4Tr21 4Lr27 4Tr12	3Ir19	19	-7490
4Tr21 4Lr27 4Tr13	3Ir19	21	-7087
4Tr21 4Lr27 4Tr24	4Sr15	19	999984	exact
4Tr21 4Lr27 4Tr31	4Lr35	21	-6658
4Tr21 4Lr27 4Tr36	3Ir19	19	-9294
4Tr21 4Lr27 4Tr38	3Ir17	22	-5458
4Tr21 4Lr27	4Lr34	21	999983	exact
