11	4Tr11	21	8684
12	4Ss2	21	8301
13	4Ssr11	22	9550
14	4Ssr12	21	6867
15	4Sr15	21	6723
21	4Tr12	22	7744
22	4Tr13	22	8940
23	4Tr14	21	7490
2r11	4Lr11	24	6929
2r12	4Tr27	22	6744
2r13	4Tr27	23	3729
2r14	4Tr27	22	2257
3I1	4Tr13	20	9696
3I2	4Tr14	20	8534
3I3	4Tr15	21	12233
3I4	4Tr33	20	9888
3Ir11	4Tr27	23	8069
3Ir12	4Tr27	21	4597
3Ir13	4Lr36	21	4175
3Ir14	3Ir14	21	4864
3Ir15	3Ir15	21	5767
3Lr21	4Tr27	22	2687
3Lr22	4S2	22	438
3Lr23	4Lr14	22	4701
3Lr24	4Lr15	21	5680
3Lr25	4Lr16	21	4126
3Lr27	4Lr18	21	3168
3Lr28	4Tr21	22	1240
4Lr21	4Lr13	21	2322
4Lr22	4S1	21	3869
4Lr23	4Lr15	20	4442
4Lr24	4Lr16	21	3725
4Lr25	4Tr34	21	6539
4Lr26	4Tr35	22	7085
4Lr27	4Tr36	21	6701
4Lr31	4Lsr16	22	0
4Lr32	4Lsr17	22	0
4Lr33	3Ir13	21	-1521
4Lr34	4Lr38	22	-4019
4Lr35	3Ir15	21	-4915
4Lr36	3Ir16	22	0
4Lr38	4Lsr15	22	0
4Tr21	4Lr38	20	-3955
4Tr22	4Lsr18	23	-2337
4Tr24	4Lr38	20	-2715
