4Tr21 4Lr35 11	3Ir15	19	999985	exact
4Tr21 4Lr35 12	3Ir15	20	7585
4Tr21 4Lr35 13	4Tr27	20	8604
4Tr21 4Lr35 14	4Sr12	19	999987	exact
4Tr21 4Lr35 15	4S1	22	0
4Tr21 4Lr35 16	3Ir15	18	999983	exact
4Tr21 4Lr35 17	3Ir15	20	8551
4Tr21 4Lr35 18	4S7	18	999985	exact
4Tr21 4Lr35 19	3Ir15	19	999984	exact
4Tr21 4Lr35 27	3Ir15	19	9916
4Tr21 4Lr35 28	4Tr37	19	10914
4Tr21 4Lr35 2r11	4Tr11	18	999982	exact
4Tr21 4Lr35 2r12	3Ir15	21	999980	exact
4Tr21 4Lr35 2r13	3Ir15	21	7709
4Tr21 4Lr35 2r14	4T2	18	999989	exact
4Tr21 4Lr35 2r15	3Ir18	22	-999978	exact
4Tr21 4Lr35 2r16	3Ir15	18	999985	exact
4Tr21 4Lr35 2r17	4S6	20	999984	exact
4Tr21 4Lr35 2r18	3Ir15	19	999983	exact
4Tr21 4Lr35 2r19	3Ir15	20	11813
4Tr21 4Lr35 3I7	3Ir15	18	999985	exact
4Tr21 4Lr35 3Ir11	4Lr11	18	999987	exact
4Tr21 4Lr35 3Ir12	3Ir15	21	999979	exact
4Tr21 4Lr35 3Ir13	3Ir15	22	8458
4Tr21 4Lr35 3Ir14	3Lr24	16	999989	exact
4Tr21 4Lr35 3Ir15	3Ir15	21	-999980	exact
4Tr21 4Lr35 3Ir16	4Tr35	19	999987	exact
4Tr21 4Lr35 3Ir17	3Ir15	20	999982	exact
4Tr21 4Lr35 3Ir18	3Ir15	20	999983	exact
4Tr21 4Lr35 3Ir19	3Ir15	20	999983	exact
4Tr21 4Lr35 3L1	4Lsr11	19	999985	exact
4Tr21 4Lr35 3Lr12	4Lr32	8	999993	exact
4Tr21 4Lr35 3Lr13	4Tr22	20	999989	exact
4Tr21 4Lr35 3Lr16	3Ir15	21	8576
4Tr21 4Lr35 3Lr27	3Ir15	21	9437
4Tr21 4Lr35 3Lr28	3Ir15	20	9944
4Tr21 4Lr35 3Lr37	3Ir15	21	12666
4Tr21 4Lr35 3Lr38	3Ir15	19	8257
4Tr21 4Lr35 4Lr15	4Lsr17	20	-999983	exact
4Tr21 4Lr35 4Lr27	3Ir15	20	999983	exact
4Tr21 4Lr35 4Lr37	3Ir15	23	4988
4Tr21 4Lr35 4Lr38	3Ir15	22	8203
4Tr21 4Lr35 4Lsr17	3Ir15	22	999979	exact
4Tr21 4Lr35 4Lsr18	3Ir15	21	8989
4Tr21 4Lr35 4Lsr27	3Ir15	20	999982	exact
4Tr21 4Lr35 4S1	3Ir15	22	999985	exact
4Tr21 4Lr35 4Sr16	4Lsr16	21	8582
4Tr21 4Lr35 4Ss2	4Ss2	12	999991	exact
4Tr21 4Lr35 4Ss3	4Ss3	17	999989	exact
4Tr21 4Lr35 4Ss6	3Ir15	20	999981	exact
4Tr21 4Lr35 4Tr12	3Ir15	22	999983	exact
4Tr21 4Lr35 4Tr13	3Ir15	20	13979
4Tr21 4Lr35 4Tr16	4S6	19	999987	exact
4Tr21 4Lr35 4Tr27	4Ssr16	21	999983	exact
4Tr21 4Lr35 4Tr31	4Ss1	14	999987	exact
4Tr24 4Lr38 11	3Ir18	20	11144
4Tr24 4Lr38 12	4S4	18	999985	exact
4Tr24 4Lr38 13	3Ir18	20	999985	exact
4Tr24 4Lr38 14	3Lr24	21	999985	exact
4Tr24 4Lr38 15	2r15	21	999980	exact
4Tr24 4Lr38 16	3Lr35	20	999987	exact
4Tr24 4Lr38 17	4Sr15	17	999989	exact
4Tr24 4Lr38 18	4Ss5	20	999982	exact
4Tr24 4Lr38 19	4Ss5	19	999987	exact
4Tr24 4Lr38 21	4Ss5	19	999984	exact
4Tr24 4Lr38 22	4Ss5	20	999985	exact
4Tr24 4Lr38 2r11	4Ss5	19	999984	exact
4Tr24 4Lr38 2r12	4S4	20	999985	exact
4Tr24 4Lr38 2r13	3Ir18	20	999980	exact
4Tr24 4Lr38 2r14	4Tr14	20	999986	exact
4Tr24 4Lr38 2r15	3Ir18	21	999979	exact
4Tr24 4Lr38 2r16	4S5	20	999983	exact
4Tr24 4Lr38 2r17	4T5	16	999989	exact
4Tr24 4Lr38 2r18	4Ss5	19	999983	exact
4Tr24 4Lr38 2r19	4Ss5	19	999987	exact
4Tr24 4Lr38 3I1	4Ss5	15	999987	exact
4Tr24 4Lr38 3Ir11	4Tr34	19	999982	exact
4Tr24 4Lr38 3Ir12	3Ir18	20	12365
4Tr24 4Lr38 3Ir13	4Ss5	18	999982	exact
4Tr24 4Lr38 3Ir14	3Ir18	20	999980	exact
4Tr24 4Lr38 3Ir15	3Ir18	23	0
4Tr24 4Lr38 3Ir16	3Ir16	21	0
4Tr24 4Lr38 3Ir17	3Lr37	17	999989	exact
4Tr24 4Lr38 3Ir18	4Ss5	17	999987	exact
4Tr24 4Lr38 3Ir19	4Ss5	15	999987	exact
4Tr24 4Lr38 3L3	4Tr23	18	999987	exact
4Tr24 4Lr38 3L4	3Lr24	20	999985	exact
4Tr24 4Lr38 3Lr15	4Lr35	19	999987	exact
4Tr24 4Lr38 3Lr16	4Tr25	16	999989	exact
4Tr24 4Lr38 3Lr21	4Tr34	20	7406
4Tr24 4Lr38 3Lr22	4Ss3	21	6651
4Tr24 4Lr38 3Lr31	4Tr34	20	7828
4Tr24 4Lr38 3Lr32	4Tr34	21	999979	exact
4Tr24 4Lr38 4Lr18	4Lsr11	22	-10174
4Tr24 4Lr38 4Lr21	3Ir18	21	999979	exact
4Tr24 4Lr38 4Lr31	3Ir18	24	0
4Tr24 4Lr38 4Lr32	3Ir18	22	-999980	exact
4Tr24 4Lr38 4Lsr11	4Tr34	22	999980	exact
4Tr24 4Lr38 4Lsr12	3Ir18	21	-999979	exact
4Tr24 4Lr38 4Lsr21	4Tr34	22	6466
4Tr24 4Lr38 4S3	4Tr33	20	999983	exact
4Tr24 4Lr38 4S4	4S4	21	999985	exact
4Tr24 4Lr38 4Ss5	4Ss5	20	999980	exact
4Tr24 4Lr38 4Ss6	4Ss6	15	999987	exact
4Tr24 4Lr38 4Ssr12	4Tr23	20	999984	exact
4Tr24 4Lr38 4Tr15	4Tr35	22	999983	exact
4Tr24 4Lr38 4Tr16	4Ssr15	15	999987	exact
4Tr24 4Lr38 4Tr21	3Ir18	22	999980	exact
4Tr24 4Lr38 4Tr33	4Sr13	19	999985	exact
4Tr24 4Lr38 4Tr34	3Ir18	20	999980	exact
